420.02350117505875, 2378.183338281751
420.05350267513376, 2378.2251303892585
420.08350417520876, 2378.267350940448
420.11350567528376, 2378.3099954431364
420.14350717535876, 2378.3530594252466
420.17350867543377, 2378.3965384374314
420.20351017550877, 2378.4404280607487
420.23351167558377, 2378.484723899672
420.2635131756588, 2378.5294215833433
420.2935146757338, 2378.5745167631817
420.3235161758088, 2378.620005122781
420.3535176758838, 2378.665882366111
420.3835191759588, 2378.712144224224
420.4135206760338, 2378.758786453585
420.4435221761088, 2378.805804835482
420.4735236761838, 2378.853195179887
420.5035251762588, 2378.9009533213366
420.53352667633385, 2378.9490751199774
420.5635281764088, 2378.997556465509
420.59352967648385, 2379.0463932650237
420.6235311765588, 2379.09558146292
420.65353267663386, 2379.145117022179
420.6835341767088, 2379.1949959352687
420.71353567678386, 2379.2452142233233
420.7435371768588, 2379.295767927979
420.77353867693387, 2379.3466531247686
420.80354017700887, 2379.3978659094364
420.8335416770839, 2379.449402406723
420.8635431771589, 2379.50125877276
420.8935446772339, 2379.553431183714
420.9235461773089, 2379.605915845009
420.9535476773839, 2379.6587089916006
420.9835491774589, 2379.7118068807067
421.0135506775339, 2379.7652058006965
421.0435521776089, 2379.81890206327
421.0735536776839, 2379.8728920107246
421.1035551777589, 2379.927172010591
421.1335566778339, 2379.9817384562043
421.1635581779089, 2380.0365877719123
421.1935596779839, 2380.091716404596
421.2235611780589, 2380.1471208304647
421.2535626781339, 2380.2027975509245
421.2835641782089, 2380.258743101764
421.3135656782839, 2380.3149540362456
421.3435671783589, 2380.3714269371653
421.3735686784339, 2380.428158418922
421.4035701785089, 2380.485145119992
421.4335716785839, 2380.5423837059793
421.4635731786589, 2380.599870867986
421.4935746787339, 2380.6576033296474
421.5235761788089, 2380.715577833426
421.5535776788839, 2380.7737911574154
421.5835791789589, 2380.832240100087
421.61358067903393, 2380.890921490094
421.643582179109, 2380.9498321854685
421.67358367918393, 2381.0089690628197
421.703585179259, 2381.0683290362804
421.73358667933394, 2381.1279090373946
421.763588179409, 2381.1877060319302
421.79358967948394, 2381.2477170088305
421.823591179559, 2381.3079389822183
421.85359267963395, 2381.3683689990194
421.883594179709, 2381.4290041275553
421.913595679784, 2381.489841462456
421.943597179859, 2381.550878127779
421.973598679934, 2381.612111274595
422.003600180009, 2381.673538078312
422.033601680084, 2381.735155739366
422.063603180159, 2381.7969614914605
422.093604680234, 2381.858952587299
422.123606180309, 2381.921126306963
422.153607680384, 2381.983479962698
422.18360918045903, 2382.046010886693
422.21361068053403, 2382.1087164360047
422.24361218060903, 2382.171594001569
422.27361368068404, 2382.2346409951624
422.30361518075904, 2382.2978548525894
422.33361668083404, 2382.36123304129
422.36361818090904, 2382.4247730491484
422.39361968098405, 2382.488472392159
422.42362118105905, 2382.552328611568
422.45362268113405, 2382.616339276243
422.48362418120905, 2382.680501976516
422.51362568128405, 2382.7448143325446
422.54362718135906, 2382.809273985935
422.57362868143406, 2382.873878602949
422.60363018150906, 2382.9386258799505
422.63363168158406, 2383.0035135354115
422.66363318165907, 2383.068539313992
422.69363468173407, 2383.1337009828253
422.72363618180907, 2383.198996335215
422.75363768188413, 2383.2644231908885
422.7836391819591, 2383.329979393507
422.81364068203413, 2383.395662806557
422.8436421821091, 2383.461471327558
422.87364368218414, 2383.527402867389
422.9036451822591, 2383.593455370964
422.93364668233414, 2383.65962680256
422.9636481824091, 2383.7259151473295
422.99364968248415, 2383.7923184229976
423.0236511825591, 2383.8588346631195
423.05365268263415, 2383.925461929102
423.08365418270915, 2383.992198307521
423.11365568278416, 2384.059041903347
423.14365718285916, 2384.125990850192
423.17365868293416, 2384.1930433001803
423.20366018300916, 2384.2601974329796
423.23366168308416, 2384.327451451043
423.26366318315917, 2384.3948035765634
423.29366468323417, 2384.46225205877
423.3236661833092, 2384.5297951662355
423.3536676833842, 2384.597431192336
423.3836691834592, 2384.66515845222
423.4136706835342, 2384.7329752856135
423.4436721836092, 2384.80088004855
423.4736736836842, 2384.8688711300074
423.5036751837592, 2384.936946930127
423.5336766838342, 2385.00510587577
423.5636781839092, 2385.073346420182
423.5936796839842, 2385.141667029737
423.6236811840592, 2385.2100661971926
423.6536826841342, 2385.27854243937
423.6836841842092, 2385.3470942901963
423.7136856842842, 2385.4157203050295
423.7436871843592, 2385.4844190660115
423.7736886844342, 2385.553189167409
423.8036901845092, 2385.6220292330095
423.8336916845842, 2385.690937900828
423.8636931846592, 2385.7599138372093
423.8936946847342, 2385.8289557211183
423.9236961848093, 2385.898062256684
423.9536976848842, 2385.967232167671
423.9836991849593, 2386.0364641964115
424.0137006850342, 2386.1057571087063
424.0437021851093, 2386.1751096871435
424.0737036851842, 2386.2445207348646
424.1037051852593, 2386.3139890756056
424.13370668533423, 2386.3835135547642
424.1637081854093, 2386.453093032071
424.1937096854843, 2386.5227263912907
424.2237111855593, 2386.5924125326005
424.2537126856343, 2386.662150377587
424.2837141857093, 2386.731938864399
424.3137156857843, 2386.801776953617
424.3437171858593, 2386.871663618119
424.3737186859343, 2386.941597858484
424.4037201860093, 2387.011578686062
424.4337216860843, 2387.0816051340053
424.4637231861593, 2387.151676251319
424.4937246862343, 2387.221791110236
424.5237261863093, 2387.2919487960366
424.5537276863843, 2387.3621484135697
424.5837291864593, 2387.4323890844357
424.6137306865343, 2387.50266994873
424.6437321866093, 2387.572990165364
424.67373368668433, 2387.6433489063443
424.70373518675933, 2387.713745366954
424.73373668683433, 2387.7841787530033
424.76373818690934, 2387.8546482935594
424.79373968698434, 2387.9251532281783
424.82374118705934, 2387.995692818066
424.85374268713434, 2388.0662663385797
424.88374418720935, 2388.1368730833597
424.91374568728435, 2388.2075123583422
424.94374718735935, 2388.2781834889647
424.97374868743435, 2388.3488858179476
425.00375018750935, 2388.419618701179
425.0337516875844, 2388.490381508951
425.06375318765936, 2388.5611736309197
425.0937546877344, 2388.6319944698353
425.12375618780936, 2388.7028434449467
425.1537576878844, 2388.773719989389
425.18375918795937, 2388.8446235530682
425.2137606880344, 2388.9155535974196
425.2437621881094, 2388.9865096060876
425.27376368818443, 2389.057491068147
425.30376518825943, 2389.128497493506
425.33376668833444, 2389.1995284040454
425.36376818840944, 2389.2705833368664
425.39376968848444, 2389.341661842155
425.42377118855944, 2389.4127634856427
425.45377268863444, 2389.4838878447727
425.48377418870945, 2389.555034513302
425.51377568878445, 2389.6262030964212
425.54377718885945, 2389.697393214812
425.57377868893445, 2389.76860450037
425.60378018900946, 2389.839836599925
425.63378168908446, 2389.9110891730024
425.66378318915946, 2389.9823618920013
425.69378468923446, 2390.053654440507
425.72378618930946, 2390.1249665194046
425.75378768938447, 2390.1962978364354
425.78378918945947, 2390.2676481155836
425.81379068953447, 2390.339017091918
425.8437921896095, 2390.4104045127397
425.8737936896845, 2390.481810137795
425.9037951897595, 2390.5532337374316
425.9337966898345, 2390.624675097287
425.9637981899095, 2390.696134010591
425.9937996899845, 2390.767610284612
426.0238011900595, 2390.839103736411
426.0538026901345, 2390.9106141952425
426.0838041902095, 2390.982141500657
426.1138056902845, 2391.053685506927
426.14380719035955, 2391.125246073428
426.1738086904345, 2391.196823075532
426.20381019050956, 2391.2684163951594
426.2338116905845, 2391.340025927562
426.26381319065956, 2391.4116515775713
426.2938146907345, 2391.4832932615136
426.32381619080957, 2391.5549509015564
426.3538176908845, 2391.6266244352555
426.38381919095957, 2391.698313806176
426.4138206910345, 2391.770018971801
426.4438221911096, 2391.8417398938095
426.4738236911846, 2391.9134765479102
426.5038251912596, 2391.985228917975
426.5338266913346, 2392.0569969959442
426.5638281914096, 2392.128780784446
426.5938296914846, 2392.200580294305
426.6238311915596, 2392.272395546371
426.6538326916346, 2392.344226569918
426.6838341917096, 2392.4160734008033
426.7138356917846, 2392.4879360867717
426.7438371918596, 2392.5598146800608
426.7738386919346, 2392.631709246973
426.8038401920096, 2392.703619857617
426.8338416920846, 2392.7755465898895
426.8638431921596, 2392.8474895326513
426.8938446922346, 2392.9194487802383
426.9238461923096, 2392.991424436438
426.9538476923846, 2393.063416609652
426.9838491924596, 2393.1354254213165
427.0138506925346, 2393.2074509953077
427.0438521926096, 2393.279493463374
427.0738536926846, 2393.3515529664132
427.1038551927596, 2393.4236296522295
427.1338566928346, 2393.4957236737146
427.16385819290963, 2393.5678351928914
427.19385969298463, 2393.639964375522
427.22386119305963, 2393.7121113969565
427.25386269313464, 2393.7842764378915
427.28386419320964, 2393.856459685082
427.3138656932847, 2393.928661332127
427.34386719335964, 2394.0008815776723
427.3738686934347, 2394.073120629568
427.40387019350965, 2394.145378696868
427.4338716935847, 2394.217655997641
427.46387319365965, 2394.2899527557543
427.4938746937347, 2394.362269198769
427.52387619380966, 2394.434605562903
427.5538776938847, 2394.5069620864806
427.5838791939597, 2394.579339014002
427.6138806940347, 2394.651736595656
427.6438821941097, 2394.724155088665
427.6738836941847, 2394.7965947524094
427.7038851942597, 2394.8690558504454
427.7338866943347, 2394.941538655186
427.76388819440973, 2395.0140434399427
427.79388969448473, 2395.086570483699
427.82389119455974, 2395.1591200713938
427.85389269463474, 2395.2316924913403
427.88389419470974, 2395.3042880334083
427.91389569478474, 2395.376906996922
427.94389719485974, 2395.4495496823465
427.97389869493475, 2395.5222163931558
428.00390019500975, 2395.5949074381524
428.03390169508475, 2395.6676231313118
428.06390319515975, 2395.7403637870993
428.09390469523476, 2395.8131297244877
428.12390619530976, 2395.885921268138
428.15390769538476, 2395.958738744601
428.18390919545976, 2396.0315824838235
428.21391069553476, 2396.104452816962
428.24391219560977, 2396.1773500825384
428.27391369568477, 2396.250274619798
428.30391519575977, 2396.3232267696544
428.3339166958348, 2396.396206877575
428.3639181959098, 2396.4692152918906
428.3939196959848, 2396.542252362422
428.42392119605984, 2396.615318443115
428.4539226961348, 2396.688413889624
428.48392419620984, 2396.761539058307
428.5139256962848, 2396.8346943112247
428.54392719635985, 2396.9078800098055
428.5739286964348, 2396.9810965188385
428.60393019650985, 2397.0543442062644
428.6339316965848, 2397.1276234392512
428.66393319665985, 2397.2009345899455
428.69393469673486, 2397.274278028374
428.72393619680986, 2397.3476541309797
428.75393769688486, 2397.4210632717673
428.78393919695986, 2397.4945058289914
428.81394069703487, 2397.5679821817507
428.84394219710987, 2397.641492708292
428.87394369718487, 2397.715037791854
428.9039451972599, 2397.7886178148606
428.9339466973349, 2397.8622331606884
428.9639481974099, 2397.9358842147367
428.9939496974849, 2398.009571361498
429.0239511975599, 2398.0832949895143
429.0539526976349, 2398.157055485641
429.0839541977099, 2398.2308532371053
429.1139556977849, 2398.304688635726
429.1439571978599, 2398.3785620687304
429.1739586979349, 2398.4524739266467
429.2039601980099, 2398.5264246015636
429.2339616980849, 2398.600414483364
429.2639631981599, 2398.6744439628833
429.2939646982349, 2398.748513434041
429.3239661983099, 2398.822623285957
429.3539676983849, 2398.8967739114705
429.3839691984599, 2398.9709657027856
429.4139706985349, 2399.0451990520814
429.4439721986099, 2399.1194743498086
429.4739736986849, 2399.193791989389
429.5039751987599, 2399.2681523602987
429.533976698835, 2399.3425558549884
429.5639781989099, 2399.417002862413
429.593979698985, 2399.4914937748113
429.6239811990599, 2399.5660289809925
429.653982699135, 2399.640608869859
429.68398419920993, 2399.7152338305746
429.713985699285, 2399.7899042490994
429.74398719935994, 2399.8646205145383
429.773988699435, 2399.9393830131557
429.80399019950994, 2400.0141921280515
429.833991699585, 2400.0890482457494
429.86399319966, 2400.163951747446
429.893994699735, 2400.2389030182485
429.92399619981, 2400.313902437589
429.953997699885, 2400.3889503846517
429.98399919996, 2400.4640472403244
430.014000700035, 2400.539193380317
430.04400220011, 2400.614389180797
430.074003700185, 2400.689635017778
430.10400520026, 2400.7649312625485
430.134006700335, 2400.8402782882163
430.16400820041, 2400.915676463231
430.194009700485, 2400.991126158712
430.22401120056, 2401.0666277388036
430.25401270063503, 2401.1421815696294
430.28401420071003, 2401.2177880141826
430.31401570078503, 2401.293447433914
430.34401720086004, 2401.369160188309
430.37401870093504, 2401.4449266354072
430.40402020101004, 2401.5207471298486
430.43402170108504, 2401.5966220260652
430.46402320116005, 2401.672551674604
430.49402470123505, 2401.74853642585
430.52402620131005, 2401.8245766250634
430.55402770138505, 2401.9006726190146
430.58402920146005, 2401.976824750044
430.61403070153506, 2402.0530333575334
430.64403220161006, 2402.129298779742
430.67403370168506, 2402.2056213521773
430.7040352017601, 2402.282001408538
430.73403670183507, 2402.358439278081
430.7640382019101, 2402.4349352910062
430.79403970198507, 2402.5114897699727
430.82404120206013, 2402.588103039907
430.8540427021351, 2402.6647754197056
430.88404420221013, 2402.741507228277
430.9140457022851, 2402.8182987785995
430.94404720236014, 2402.8951503833227
430.97404870243514, 2402.9720623526187
431.00405020251014, 2403.049034992051
431.03405170258515, 2403.1260686029623
431.06405320266015, 2403.2031634896225
431.09405470273515, 2403.2803199462214
431.12405620281015, 2403.357538269265
431.15405770288515, 2403.4348187493283
431.18405920296016, 2403.5121616746956
431.21406070303516, 2403.5895673301484
431.24406220311016, 2403.66703599934
431.27406370318516, 2403.744567960276
431.30406520326017, 2403.8221634891975
431.33406670333517, 2403.899822857563
431.36406820341017, 2403.9775463357832
431.3940697034852, 2404.055334189287
431.4240712035602, 2404.133186680527
431.4540727036352, 2404.2111040688264
431.4840742037102, 2404.2890866110542
431.5140757037852, 2404.3671345581406
431.5440772038602, 2404.4452481599074
431.5740787039352, 2404.5234276624115
431.6040802040102, 2404.6016733063025
431.6340817040852, 2404.6799853321927
431.6640832041602, 2404.7583639734366
431.6940847042352, 2404.8368094624147
431.7240862043102, 2404.9153220263097
431.7540877043852, 2404.9939018895493
431.7840892044602, 2405.072549272831
431.81409070453526, 2405.151264393167
431.8440922046102, 2405.2300474640483
431.87409370468527, 2405.308898694168
431.9040952047602, 2405.3878182900203
431.93409670483527, 2405.4668064532902
431.9640982049102, 2405.545863381989
431.9940997049853, 2405.6249892717688
432.0241012050602, 2405.70418431241
432.0541027051353, 2405.783448690792
432.0841042052103, 2405.862782589854
432.1141057052853, 2405.942186188769
432.1441072053603, 2406.0216596623077
432.1741087054353, 2406.1012031828404
432.2041102055103, 2406.1808169175056
432.2341117055853, 2406.2605010292828
432.2641132056603, 2406.340255678146
432.2941147057353, 2406.4200810192265
432.3241162058103, 2406.4999772037527
432.3541177058853, 2406.57994438097
432.3841192059603, 2406.659982692798
432.4141207060353, 2406.74009228012
432.4441222061103, 2406.820273276917
432.4741237061853, 2406.9005258159827
432.5041252062603, 2406.980850024797
432.5341267063353, 2407.0612460253733
432.5641282064103, 2407.1417139380105
432.5941297064853, 2407.2222538777105
432.6241312065603, 2407.3028659555703
432.6541327066353, 2407.3835502796023
432.6841342067103, 2407.464306950395
432.7141357067853, 2407.54513606867
432.74413720686033, 2407.6260377279755
432.77413870693533, 2407.707012020252
432.80414020701033, 2407.788059029774
432.83414170708534, 2407.869178840432
432.86414320716034, 2407.950371529605
432.89414470723534, 2408.031637171252
432.9241462073104, 2408.1129758348984
432.95414770738535, 2408.1943875856336
432.9841492074604, 2408.275872486449
433.01415070753535, 2408.357430592313
433.0441522076104, 2408.4390619582864
433.07415370768535, 2408.5207666316796
433.1041552077604, 2408.6025446574586
433.13415670783536, 2408.684396076138
433.1641582079104, 2408.7663209238767
433.19415970798536, 2408.8483192324707
433.2241612080604, 2408.9303910307112
433.2541627081354, 2409.012536340991
433.2841642082104, 2409.094755183588
433.31416570828543, 2409.177047572489
433.34416720836043, 2409.259413520195
433.37416870843543, 2409.341853032877
433.40417020851044, 2409.4243661133073
433.43417170858544, 2409.5069527588653
433.46417320866044, 2409.5896129651082
433.49417470873544, 2409.672346721174
433.52417620881045, 2409.755154014209
433.55417770888545, 2409.8380348243486
433.58417920896045, 2409.9209891298333
433.61418070903545, 2410.0040169031554
433.64418220911045, 2410.087118115474
433.67418370918546, 2410.1702927298
433.70418520926046, 2410.2535407080236
433.73418670933546, 2410.336862005853
433.76418820941046, 2410.4202565760384
433.79418970948547, 2410.5037243680044
433.82419120956047, 2410.587265324535
433.85419270963547, 2410.6708793871394
433.8841942097105, 2410.75456649024
433.9141957097855, 2410.8383265670136
433.9441972098605, 2410.922159545033
433.9741987099355, 2411.006065346822
434.0042002100105, 2411.090043893361
434.0342017100855, 2411.174095099837
434.0642032101605, 2411.2582188770893
434.09420471023554, 2411.342415132217
434.1242062103105, 2411.426683769798
434.15420771038555, 2411.5110246879876
434.1842092104605, 2411.595437783035
434.21421071053555, 2411.6799229449985
434.2442122106105, 2411.764480062917
434.27421371068556, 2411.849109017454
434.3042152107605, 2411.933809689854
434.33421671083556, 2412.0185819549324
434.36421821091056, 2412.1034256839084
434.39421971098557, 2412.1883407441105
434.42422121106057, 2412.2733269983996
434.45422271113557, 2412.3583843079045
434.4842242112106, 2412.443512526461
434.5142257112856, 2412.5287115070914
434.5442272113606, 2412.6139810974246
434.5742287114356, 2412.699321140898
434.6042302115106, 2412.7847314778564
434.6342317115856, 2412.870211945491
434.6642332116606, 2412.955762376054
434.6942347117356, 2413.0413825971996
434.7242362118106, 2413.127072434823
434.7542377118856, 2413.2128317102274
434.7842392119606, 2413.298660240671
434.8142407120356, 2413.3845578394353
434.8442422121106, 2413.470524317708
434.8742437121856, 2413.5565594802315
434.9042452122606, 2413.6426631308514
434.9342467123356, 2413.7288350685526
434.9642482124106, 2413.8150750883037
434.9942497124856, 2413.9013829810306
435.0242512125606, 2413.987758537134
435.0542527126356, 2414.074201538793
435.0842542127106, 2414.16071176874
435.1142557127856, 2414.2472890035074
435.1442572128606, 2414.333933017336
435.1742587129356, 2414.4206435806145
435.2042602130107, 2414.50742046026
435.23426171308563, 2414.594263420364
435.2642632131607, 2414.681172219599
435.29426471323563, 2414.7681466160075
435.3242662133107, 2414.8551863629805
435.35426771338564, 2414.942291209104
435.3842692134607, 2415.02946090197
435.41427071353564, 2415.116695183747
435.4442722136107, 2415.203993796399
435.4742737136857, 2415.29135647407
435.5042752137607, 2415.3787829519383
435.5342767138357, 2415.4662729593933
435.5642782139107, 2415.553826223714
435.5942797139857, 2415.641442468036
435.6242812140607, 2415.7291214132906
435.6542827141357, 2415.8168627769146
435.6842842142107, 2415.9046662733235
435.7142857142857, 2415.992531613428
435.7442872143607, 2416.0804585063875
435.7742887144357, 2416.168446655448
435.80429021451073, 2416.256495764075
435.83429171458573, 2416.344605530763
435.86429321466073, 2416.4327756524513
435.89429471473574, 2416.521005821732
435.92429621481074, 2416.6092957288392
435.95429771488574, 2416.697645060869
435.98429921496074, 2416.7860535035165
436.01430071503574, 2416.874520737122
436.04430221511075, 2416.9630464407915
436.07430371518575, 2417.0516302917936
436.10430521526075, 2417.1402719621015
436.13430671533575, 2417.2289711223816
436.16430821541076, 2417.3177274414497
436.19430971548576, 2417.4065405835468
436.22431121556076, 2417.495410212292
436.25431271563576, 2417.584335986986
436.28431421571076, 2417.6733175650356
436.3143157157858, 2417.7623546007176
436.34431721586077, 2417.851446746946
436.37431871593583, 2417.9405936540516
436.4043202160108, 2418.029794967916
436.43432171608583, 2418.1190503343437
436.4643232161608, 2418.208359394747
436.49432471623584, 2418.297721790626
436.5243262163108, 2418.387137158546
436.55432771638584, 2418.4766051340666
436.5843292164608, 2418.566125349688
436.61433071653585, 2418.655697437205
436.64433221661085, 2418.745321023835
436.67433371668585, 2418.8349957368855
436.70433521676085, 2418.924721199579
436.73433671683586, 2419.0144970347083
436.76433821691086, 2419.1043228614412
436.79433971698586, 2419.194198297048
436.82434121706086, 2419.284122957883
436.85434271713586, 2419.374096457997
436.88434421721087, 2419.4641184074635
436.91434571728587, 2419.5541884173977
436.94434721736087, 2419.644306094207
436.9743487174359, 2419.7344710445504
437.0043502175109, 2419.8246828716174
437.0343517175859, 2419.9149411776443
437.0643532176609, 2420.0052455627274
437.0943547177359, 2420.095595625628
437.1243562178109, 2420.185990962585
437.1543577178859, 2420.27643116854
437.1843592179609, 2420.3669158368616
437.2143607180359, 2420.4574445591734
437.2443622181109, 2420.5480169245534
437.2743637181859, 2420.6386325225617
437.3043652182609, 2420.729290939487
437.3343667183359, 2420.8199917599113
437.3643682184109, 2420.9107345683005
437.3943697184859, 2421.001518946424
437.4243712185609, 2421.092344475288
437.4543727186359, 2421.1832107343566
437.48437421871097, 2421.2741173009795
437.5143757187859, 2421.365063752915
437.544377218861, 2421.4560496646686
437.5743787189359, 2421.547074610584
437.604380219011, 2421.638138162771
437.6343817190859, 2421.7292398943473
437.664383219161, 2421.820379374774
437.6943847192359, 2421.9115561732983
437.724386219311, 2422.0027698583294
437.754387719386, 2422.094019996663
437.784389219461, 2422.18530615433
437.814390719536, 2422.2766278968274
437.844392219611, 2422.367984787909
437.874393719686, 2422.459376390317
437.904395219761, 2422.5508022663366
437.934396719836, 2422.6422619780433
437.964398219911, 2422.733755084944
437.994399719986, 2422.825281146609
438.024401220061, 2422.916839722311
438.054402720136, 2423.008430370252
438.084404220211, 2423.100052647042
438.114405720286, 2423.191706110186
438.144407220361, 2423.2833903149
438.174408720436, 2423.3751048171507
438.204410220511, 2423.4668491719804
438.234411720586, 2423.558622932738
438.264413220661, 2423.650425653393
438.29441472073603, 2423.742256887857
438.32441622081103, 2423.8341161888584
438.35441772088603, 2423.9260031076255
438.38441922096104, 2424.0179171970653
438.41442072103604, 2424.109858009482
438.44442222111104, 2424.201825094514
438.47442372118604, 2424.2938180043857
438.50442522126104, 2424.3858362899164
438.53442672133605, 2424.477879500904
438.56442822141105, 2424.5699471883477
438.5944297214861, 2424.662038902364
438.62443122156105, 2424.7541541930605
438.6544327216361, 2424.8462926102143
438.68443422171106, 2424.938453703988
438.7144357217861, 2425.030637024278
438.74443722186106, 2425.122842121668
438.7744387219361, 2425.2150685452234
438.80444022201107, 2425.3073158454563
438.8344417220861, 2425.3995835732476
438.8644432221611, 2425.4918712777576
438.89444472223613, 2425.5841785102048
438.92444622231113, 2425.676504821602
438.95444772238613, 2425.7688497621903
438.98444922246114, 2425.8612128840437
439.01445072253614, 2425.9535937385385
439.04445222261114, 2426.045991877565
439.07445372268614, 2426.1384068534735
439.10445522276115, 2426.2308382195506
439.13445672283615, 2426.3232855282604
439.16445822291115, 2426.4157483337513
439.19445972298615, 2426.508226190154
439.22446122306116, 2426.6007186520696
439.25446272313616, 2426.6932252752686
439.28446422321116, 2426.7857456149413
439.31446572328616, 2426.87827922884
439.34446722336116, 2426.9708256732515
439.37446872343617, 2427.0633845068774
439.40447022351117, 2427.15595528779
439.43447172358617, 2427.248537575969
439.4644732236612, 2427.3411309315097
439.4944747237362, 2427.43373491645
439.5244762238112, 2427.526349091541
439.5544777238862, 2427.6189730205892
439.5844792239612, 2427.711606267143
439.6144807240362, 2427.8042483961667
439.6444822241112, 2427.8968989736545
439.6744837241862, 2427.989557566733
439.70448522426125, 2428.0822237431007
439.7344867243362, 2428.1748970718363
439.76448822441125, 2428.267577123677
439.7944897244862, 2428.36026346916
439.82449122456126, 2428.452955681386
439.8544927246362, 2428.5456533345778
439.88449422471126, 2428.638356002978
439.9144957247862, 2428.731063263866
439.94449722486127, 2428.8237746944014
439.9744987249362, 2428.9164898735635
440.00450022501127, 2429.0092083822
440.0345017250863, 2429.101929802024
440.0645032251613, 2429.194653716496
440.0945047252363, 2429.287379710415
440.1245062253113, 2429.3801073698983
440.1545077253863, 2429.4728362827877
440.1845092254613, 2429.565566039364
440.2145107255363, 2429.6582962296493
440.2445122256113, 2429.7510264467874
440.2745137256863, 2429.843756285316
440.3045152257613, 2429.9364853409556
440.3345167258363, 2430.0292132120044
440.3645182259113, 2430.121939497476
440.3945197259863, 2430.2146637993824
440.4245212260613, 2430.307385720246
440.4545227261363, 2430.4001048655496
440.4845242262113, 2430.492820842227
440.5145257262863, 2430.5855332586575
440.5445272263613, 2430.6782417262393
440.5745287264363, 2430.7709458572776
440.6045302265113, 2430.8636452671
440.6345317265863, 2430.956339571752
440.6645332266613, 2431.049028390226
440.6945347267363, 2431.1417113438138
440.7245362268113, 2431.2343880556164
440.7545377268863, 2431.3270581507777
440.78453922696133, 2431.4197212563995
440.81454072703633, 2431.5123770020946
440.84454222711133, 2431.6050250203084
440.8745437271864, 2431.6976649446337
440.90454522726134, 2431.7902964113814
440.9345467273364, 2431.8829190597357
440.96454822741134, 2431.9755325306664
440.9945497274864, 2432.068136467216
441.02455122756135, 2432.160730515567
441.0545527276364, 2432.2533143242194
441.08455422771135, 2432.3458875441365
441.1145557277864, 2432.438449827622
441.1445572278614, 2432.531000831159
441.1745587279364, 2432.6235402131056
441.2045602280114, 2432.716067634121
441.2345617280864, 2432.8085827579825
441.2645632281614, 2432.901085250997
441.2945647282364, 2432.993574781453
441.3245662283114, 2433.0860510213865
441.3545677283864, 2433.1785136442654
441.38456922846143, 2433.270962328091
441.41457072853643, 2433.3633967515957
441.44457222861143, 2433.455816597847
441.47457372868644, 2433.5482215518346
441.50457522876144, 2433.6406113021035
441.53457672883644, 2433.7329855397893
441.56457822891144, 2433.8253439584473
441.59457972898645, 2433.917686255057
441.62458122906145, 2434.0100121293467
441.65458272913645, 2434.1023212842274
441.68458422921145, 2434.1946134258037
441.71458572928645, 2434.286888262392
441.74458722936146, 2434.3791455060723
441.77458872943646, 2434.4713848719866
441.80459022951146, 2434.563606077927
441.83459172958646, 2434.6558088450956
441.86459322966147, 2434.747992898018
441.89459472973647, 2434.840157964053
441.92459622981147, 2434.9323037738523
441.9545977298865, 2435.0244300614386
441.98459922996153, 2435.116536564101
442.0146007300365, 2435.208623022054
442.04460223011154, 2435.30068917953
442.0746037301865, 2435.392734782856
442.10460523026154, 2435.4847595830993
442.1346067303365, 2435.57676333393
442.16460823041155, 2435.668745791929
442.1946097304865, 2435.7607067186154
442.22461123056155, 2435.852645877322
442.25461273063655, 2435.9445630360897
442.28461423071155, 2436.03645796525
442.31461573078656, 2436.128330439788
442.34461723086156, 2436.220180237782
442.37461873093656, 2436.3120071400585
442.40462023101156, 2436.403810932358
442.43462173108657, 2436.4955914033244
442.46462323116157, 2436.587348345203
442.49462473123657, 2436.679081554021
442.5246262313116, 2436.7707908292423
442.5546277313866, 2436.862475974559
442.5846292314616, 2436.9541367966353
442.6146307315366, 2437.045773106516
442.6446322316116, 2437.1373847182117
442.6746337316866, 2437.2289714502376
442.7046352317616, 2437.32053312452
442.7346367318366, 2437.412069567142
442.7646382319116, 2437.5035806075634
442.7946397319866, 2437.59506607932
442.8246412320616, 2437.686525819626
442.8546427321366, 2437.7779596700398
442.8846442322116, 2437.86936747552
442.9146457322866, 2437.9607490851376
442.9446472323616, 2438.0521043520343
442.9746487324366, 2438.1434331331716
443.0046502325116, 2438.234735289148
443.0346517325866, 2438.3260106853836
443.0646532326616, 2438.4172591904517
443.09465473273667, 2438.5084806779205
443.1246562328116, 2438.5996750246095
443.1546577328867, 2438.690842111185
443.1846592329616, 2438.781981823652
443.2146607330367, 2438.873094050901
443.2446622331116, 2438.964178686448
443.2746637331867, 2439.0552356280427
443.30466523326163, 2439.14626477755
443.3346667333367, 2439.237266040304
443.36466823341163, 2439.328239327082
443.3946697334867, 2439.419184552319
443.4246712335617, 2439.5101016339154
443.4546727336367, 2439.600990495438
443.4846742337117, 2439.6918510637906
443.5146757337867, 2439.782683269953
443.5446772338617, 2439.8734870498583
443.5746787339367, 2439.964262343492
443.6046802340117, 2440.055009095219
443.6346817340867, 2440.14572725387
443.6646832341617, 2440.2364167719365
443.6946847342367, 2440.3270776070126
443.7246862343117, 2440.417709720922
443.7546877343867, 2440.5083130795847
443.7846892344617, 2440.5988876537294
443.8146907345367, 2440.689433418417
443.8446922346117, 2440.7799503531596
443.87469373468673, 2440.8704384415673
443.90469523476173, 2440.960897672329
443.93469673483673, 2441.0513280379073
443.96469823491174, 2441.1417295358215
443.99469973498674, 2441.2321021680546
444.02470123506174, 2441.3224459409616
444.05470273513674, 2441.412760865475
444.08470423521175, 2441.5030469566877
444.11470573528675, 2441.5933042350043
444.14470723536175, 2441.6835327253793
444.17470873543675, 2441.773732455985
444.20471023551175, 2441.863903461673
444.23471173558676, 2441.9540457801954
444.2647132356618, 2442.0441594547297
444.29471473573676, 2442.1342445331875
444.3247162358118, 2442.224301067754
444.35471773588677, 2442.314329115464
444.3847192359618, 2442.4043287375066
444.41472073603677, 2442.494300000933
444.44472223611183, 2442.584242976125
444.4747237361868, 2442.6741577390353
444.50472523626183, 2442.764044370435
444.53472673633684, 2442.8539029550025
444.56472823641184, 2442.943733582732
444.59472973648684, 2443.0335363482563
444.62473123656184, 2443.1233113512358
444.65473273663684, 2443.2130586953194
444.68473423671185, 2443.3027784896813
444.71473573678685, 2443.3924708478544
444.74473723686185, 2443.4821358887643
444.77473873693685, 2443.571773735078
444.80474023701186, 2443.661384515184
444.83474173708686, 2443.750968362133
444.86474323716186, 2443.84052541327
444.89474473723686, 2443.930055811404
444.92474623731187, 2444.0195597036814
444.95474773738687, 2444.1090372425356
444.98474923746187, 2444.1984885851707
445.0147507375369, 2444.2879138930334
445.0447522376119, 2444.3773133335544
445.0747537376869, 2444.46668707787
445.1047552377619, 2444.5560353026403
445.1347567378369, 2444.645358189824
445.1647582379119, 2444.734655925131
445.1947597379869, 2444.8239287002366
445.2247612380619, 2444.91317671109
445.2547627381369, 2445.0024001589395
445.2847642382119, 2445.091599249564
445.3147657382869, 2445.18077419397
445.3447672383619, 2445.2699252079683
445.37476873843696, 2445.359052512352
445.4047702385119, 2445.4481563329487
445.43477173858696, 2445.537236900293
445.4647732386619, 2445.6262944502105
445.49477473873696, 2445.715329222992
445.5247762388119, 2445.8043414642593
445.55477773888697, 2445.8933314246297
445.5847792389619, 2445.9822993594266
445.614780739037, 2446.071245529253
445.644782239112, 2446.160170199213
445.674783739187, 2446.249073639693
445.704785239262, 2446.3379561263464
445.734786739337, 2446.4268179395317
445.764788239412, 2446.5156593643333
445.794789739487, 2446.6044806913314
445.824791239562, 2446.6932822158255
445.854792739637, 2446.7820642375236
445.884794239712, 2446.870827062648
445.914795739787, 2446.9595710008334
445.944797239862, 2447.0482963678
445.974798739937, 2447.137003483622
446.004800240012, 2447.2256926737227
446.034801740087, 2447.3143642683726
446.064803240162, 2447.4030186030072
446.094804740237, 2447.491656017622
446.124806240312, 2447.5802768581207
446.154807740387, 2447.6688814743497
446.184809240462, 2447.757470222113
446.214810740537, 2447.8460434612143
446.244812240612, 2447.934601557711
446.274813740687, 2448.023144881623
446.304815240762, 2448.1116738084766
446.334816740837, 2448.200188718635
446.36481824091203, 2448.2886899973964
446.39481974098703, 2448.377178035409
446.42482124106203, 2448.4656532282115
446.45482274113704, 2448.554115975768
446.4848242412121, 2448.6425666840705
446.51482574128704, 2448.7310057633845
446.5448272413621, 2448.8194336291276
446.57482874143705, 2448.9078507018344
446.6048302415121, 2448.996257406879
446.63483174158705, 2449.084654174891
446.6648332416621, 2449.173041441138
446.69483474173705, 2449.2614196460577
446.7248362418121, 2449.349789235327
446.75483774188706, 2449.438150659361
446.7848392419621, 2449.526504373325
446.8148407420371, 2449.614850837772
446.8448422421121, 2449.703190518011
446.8748437421871, 2449.7915238844967
446.9048452422621, 2449.879851412354
446.93484674233713, 2449.9681735820545
446.96484824241213, 2450.0564908788497
446.99484974248713, 2450.1448037927667
447.02485124256214, 2450.233112819292
447.05485274263714, 2450.321418458102
447.08485424271214, 2450.409721214637
447.11485574278714, 2450.498021598776
447.14485724286214, 2450.586320125497
447.17485874293715, 2450.674617314464
447.20486024301215, 2450.762913690687
447.23486174308715, 2450.8512097839644
447.26486324316215, 2450.939506128756
447.29486474323716, 2451.0278032644687
447.32486624331216, 2451.1161017360296
447.35486774338716, 2451.204402092415
447.38486924346216, 2451.292704887858
447.41487074353716, 2451.381010681585
447.44487224361217, 2451.469320037716
447.47487374368717, 2451.55763352516
447.50487524376217, 2451.645951717188
447.5348767438372, 2451.734275192949
447.5648782439122, 2451.822604535652
447.5948797439872, 2451.9109403335815
447.6248812440622, 2451.9992831800078
447.65488274413724, 2452.087633672839
447.6848842442122, 2452.175992414901
447.71488574428724, 2452.264360013671
447.7448872443622, 2452.35273708153
447.77488874443725, 2452.4411242361034
447.8048902445122, 2452.5295220988764
447.83489174458725, 2452.6179312968707
447.8648932446622, 2452.706352461565
447.89489474473726, 2452.794786229289
447.92489624481226, 2452.8832332411585
447.95489774488726, 2452.971694143201
447.98489924496226, 2453.060169585504
448.01490074503727, 2453.148660223574
448.04490224511227, 2453.2371667175803
448.07490374518727, 2453.32568973191
448.1049052452623, 2453.414229936092
448.1349067453373, 2453.502788004315
448.1649082454123, 2453.591364615327
448.1949097454873, 2453.679960452327
448.2249112455623, 2453.7685762036517
448.2549127456373, 2453.85721256202
448.2849142457123, 2453.9458702247016
448.3149157457873, 2454.034549893803
448.3449172458623, 2454.1232522757377
448.3749187459373, 2454.2119780819526
448.4049202460123, 2454.3007280280153
448.4349217460873, 2454.389502834732
448.4649232461623, 2454.478303226504
448.4949247462373, 2454.5671299332535
448.5249262463123, 2454.6559836889237
448.5549277463873, 2454.744865231869
448.5849292464623, 2454.833775305584
448.6149307465373, 2454.9227146574945
448.6449322466123, 2455.0116840394553
448.6749337466873, 2455.100684208468
448.7049352467623, 2455.18971592546
448.7349367468373, 2455.278779955856
448.7649382469124, 2455.367877069614
448.7949397469873, 2455.4570080412673
448.8249412470624, 2455.5461736496222
448.85494274713733, 2455.635374677675
448.8849442472124, 2455.724611913309
448.91494574728733, 2455.813886148351
448.9449472473624, 2455.90319817918
448.97494874743734, 2455.992548806433
449.0049502475124, 2456.0819388353652
449.0349517475874, 2456.171369075064
449.0649532476624, 2456.260840339359
449.0949547477374, 2456.350353446038
449.1249562478124, 2456.439909217537
449.1549577478874, 2456.5295084801796
449.1849592479624, 2456.619152064828
449.2149607480374, 2456.7088408065
449.2449622481124, 2456.7985755442896
449.2749637481874, 2456.8883571214224
449.3049652482624, 2456.978186385858
449.3349667483374, 2457.0680641890635
449.3649682484124, 2457.1579913870905
449.3949697484874, 2457.247968839928
449.42497124856243, 2457.3379974117734
449.45497274863743, 2457.4280779710098
449.48497424871243, 2457.5182113897094
449.51497574878744, 2457.608398544869
449.54497724886244, 2457.698640316499
449.57497874893744, 2457.7889375892833
449.60498024901244, 2457.8792912519707
449.63498174908744, 2457.9697021970255
449.66498324916245, 2458.0601713211063
449.69498474923745, 2458.1506995246054
449.72498624931245, 2458.2412877122215
449.75498774938745, 2458.3319367924464
449.78498924946246, 2458.4226476777185
449.81499074953746, 2458.5134212840735
449.84499224961246, 2458.6042585319096
449.8749937496875, 2458.695160345169
449.90499524976246, 2458.7861276518674
449.9349967498375, 2458.877161383777
449.96499824991247, 2458.968262476401
449.9949997499875, 2459.0594318689864
450.0250012500625, 2459.1506705049965
450.05500275013753, 2459.241979331057
450.0850042502125, 2459.3333592980916
450.11500575028754, 2459.424811360326
450.1450072503625, 2459.5163364757814
450.17500875043754, 2459.6079356064424
450.20501025051254, 2459.6996097176025
450.23501175058755, 2459.7913597783813
450.26501325066255, 2459.8831867616277
450.29501475073755, 2459.975091643679
450.32501625081255, 2460.0670754043963
450.35501775088755, 2460.1591390274552
450.38501925096256, 2460.2512834997606
450.41502075103756, 2460.34350981196
450.44502225111256, 2460.4358189582
450.47502375118756, 2460.52821193622
450.50502525126257, 2460.6206897469287
450.53502675133757, 2460.713253394977
450.56502825141257, 2460.8059038884066
450.5950297514876, 2460.898642238511
450.6250312515626, 2460.991469460107
450.6550327516376, 2461.0843865714423
450.6850342517126, 2461.1773945939676
450.7150357517876, 2461.2704945527394
450.7450372518626, 2461.3636874755407
450.7750387519376, 2461.456974394197
450.8050402520126, 2461.5503563433303
450.8350417520876, 2461.643834360916
450.8650432521626, 2461.737409488296
450.8950447522376, 2461.831082769629
450.9250462523126, 2461.924855252747
450.9550477523876, 2462.018727988276
450.9850492524626, 2462.112702030219
451.0150507525376, 2462.2067784357164
451.04505225261266, 2462.30095826469
451.0750537526876, 2462.3952425805624
451.10505525276267, 2462.489632449455
451.1350567528376, 2462.5841289407354
451.1650582529127, 2462.6787331268815
451.1950597529876, 2462.7734460830115
451.2250612530627, 2462.8682688873905
451.2550627531376, 2462.963202621424
451.2850642532127, 2463.0582483691715
451.3150657532877, 2463.153407217673
451.3450672533627, 2463.248680256899
451.3750687534377, 2463.3440685796477
451.4050702535127, 2463.4395732814537
451.4350717535877, 2463.5351954608905
451.4650732536627, 2463.630936219132
451.4950747537377, 2463.7267966601235
451.5250762538127, 2463.8227778906876
451.5550777538877, 2463.9188810202713
451.5850792539627, 2464.0151071609043
451.6150807540377, 2464.111457427567
451.6450822541127, 2464.2079329376584
451.6750837541877, 2464.304534811228
451.7050852542627, 2464.4012641710574
451.7350867543377, 2464.4981221424937
451.7650882544127, 2464.59510985319
451.7950897544877, 2464.692228433696
451.8250912545627, 2464.7894790168602
451.8550927546377, 2464.8868627379834
451.8850942547127, 2464.984380734827
451.9150957547877, 2465.082034147861
451.94509725486273, 2465.179824119679
451.97509875493773, 2465.2777517952877
452.00510025501274, 2465.3758183220684
452.03510175508774, 2465.4740248500266
452.06510325516274, 2465.5723725311045
452.09510475523774, 2465.6708625196184
452.12510625531274, 2465.769495972355
452.1551077553878, 2465.868274048126
452.18510925546275, 2465.9671979080304
452.2151107555378, 2466.0662687154795
452.24511225561275, 2466.1654876358107
452.2751137556878, 2466.264855836765
452.30511525576276, 2466.3643744880706
452.3351167558378, 2466.4640447614975
452.36511825591276, 2466.5638678309597
452.3951197559878, 2466.663844872484
452.4251212560628, 2466.7639770640335
452.4551227561378, 2466.864265585662
452.4851242562128, 2466.9647116190235
452.51512575628783, 2467.065316348264
452.54512725636283, 2467.166080959118
452.57512875643783, 2467.267006639264
452.60513025651284, 2467.3680945783476
452.63513175658784, 2467.4693459676355
452.66513325666284, 2467.570762000531
452.69513475673784, 2467.672343872033
452.72513625681285, 2467.7740927789155
452.75513775688785, 2467.8760099196115
452.78513925696285, 2467.9780964946326
452.81514075703785, 2468.080353705691
452.84514225711285, 2468.1827827564575
452.87514375718786, 2468.285384852245
452.90514525726286, 2468.3881611999186
452.93514675733786, 2468.4911130078476
452.96514825741286, 2468.5942414861097
452.99514975748787, 2468.69754784631
453.02515125756287, 2468.801033301354
453.05515275763787, 2468.904699065926
453.0851542577129, 2469.008546356078
453.1151557577879, 2469.112576389185
453.1451572578629, 2469.2167903839736
453.1751587579379, 2469.321189560861
453.2051602580129, 2469.4257751412997
453.2351617580879, 2469.53054834838
453.26516325816294, 2469.635510406044
453.2951647582379, 2469.740662539917
453.32516625831295, 2469.8460059767376
453.3551677583879, 2469.9515419443605
453.38516925846295, 2470.057271672174
453.4151707585379, 2470.1631963902773
453.44517225861296, 2470.269317330171
453.4751737586879, 2470.3756357244256
453.50517525876296, 2470.4821528067864
453.53517675883796, 2470.5888698118692
453.56517825891297, 2470.69578797551
453.59517975898797, 2470.80290853457
453.62518125906297, 2470.9102327266164
453.655182759138, 2471.0177617906006
453.685184259213, 2471.125496965833
453.715185759288, 2471.2334394932022
453.745187259363, 2471.341590613972
453.775188759438, 2471.449951570454
453.805190259513, 2471.5585236056654
453.835191759588, 2471.6673079636385
453.865193259663, 2471.776305888878
453.895194759738, 2471.8855186269266
453.925196259813, 2471.994947423771
453.955197759888, 2472.1045935262914
453.985199259963, 2472.2144581819507
454.015200760038, 2472.32454263887
454.045202260113, 2472.434848145812
454.075203760188, 2472.5453759520237
454.105205260263, 2472.6561273070915
454.135206760338, 2472.767103461762
454.165208260413, 2472.8783056666434
454.195209760488, 2472.989735173218
454.225211260563, 2473.1013932332417
454.255212760638, 2473.2132810988187
454.285214260713, 2473.325400022617
454.315215760788, 2473.4377512576734
454.345217260863, 2473.5503360571083
454.375218760938, 2473.663155674582
454.405220261013, 2473.776211364025
454.4352217610881, 2473.889504379474
454.46522326116303, 2474.003035975457
454.4952247612381, 2474.1168074063635
454.52522626131304, 2474.2308199268964
454.5552277613881, 2474.3450747922025
454.58522926146304, 2474.45957325702
454.6152307615381, 2474.574316576538
454.64523226161305, 2474.6893060058455
454.6752337616881, 2474.8045428002606
454.7052352617631, 2474.9200282149086
454.7352367618381, 2475.0357635049295
454.7652382619131, 2475.1517499255106
454.7952397619881, 2475.267988731656
454.8252412620631, 2475.384481178482
454.8552427621381, 2475.501228520665
454.8852442622131, 2475.6182320129765
454.9152457622881, 2475.7354929098415
454.9452472623631, 2475.853012465616
454.9752487624381, 2475.970791934317
455.00525026251313, 2476.0888325698616
455.03525176258813, 2476.207135625548
455.06525326266313, 2476.3257023546503
455.09525476273814, 2476.4445340101447
455.12525626281314, 2476.5636318442903
455.15525776288814, 2476.682997109234
455.18525926296314, 2476.8026310567093
455.21526076303815, 2476.9225349377366
455.24526226311315, 2477.04271000318
455.27526376318815, 2477.1631575031824
455.30526526326315, 2477.283878687263
455.33526676333815, 2477.404874804776
455.36526826341316, 2477.526147104025
455.39526976348816, 2477.6476968330253
455.42527126356316, 2477.7695252389863
455.45527276363816, 2477.8916335684316
455.48527426371317, 2478.0140230672914
455.51527576378817, 2478.136694980826
455.5452772638632, 2478.259650553144
455.5752787639382, 2478.3828910281086
455.60528026401323, 2478.5064176485166
455.6352817640882, 2478.6302316562674
455.66528326416324, 2478.754334292433
455.6952847642382, 2478.878726797315
455.72528626431324, 2479.0034104102015
455.7552877643882, 2479.1283863695767
455.78528926446324, 2479.2536559126193
455.81529076453825, 2479.3792202759896
455.84529226461325, 2479.5050806948125
455.87529376468825, 2479.6312384035323
455.90529526476325, 2479.757694635381
455.93529676483826, 2479.884450622588
455.96529826491326, 2480.011507596123
455.99529976498826, 2480.138866785781
456.02530126506326, 2480.266529420306
456.05530276513826, 2480.3944967271473
456.08530426521327, 2480.5227699324896
456.11530576528827, 2480.651350261395
456.1453072653633, 2480.7802389374488
456.1753087654383, 2480.909437183036
456.2053102655133, 2481.038946219055
456.2353117655883, 2481.1687672653015
456.2653132656633, 2481.298901539941
456.2953147657383, 2481.4293502596693
456.3253162658133, 2481.560114640109
456.3553177658883, 2481.6911958948294
456.3853192659633, 2481.8225952365274
456.4153207660383, 2481.9543138757144
456.4453222661133, 2482.086353021888
456.4753237661883, 2482.218713882766
456.5053252662633, 2482.3513976643803
456.5353267663383, 2482.484405571084
456.5653282664133, 2482.6177388058477
456.5953297664883, 2482.751398569704
456.6253312665633, 2482.8853860620466
456.65533276663837, 2483.019702480495
456.6853342667133, 2483.15434902098
456.71533576678837, 2483.2893268775206
456.7453372668633, 2483.4246372424273
456.7753387669384, 2483.5602813060627
456.8053402670133, 2483.6962602570406
456.8353417670884, 2483.832575282003
456.8653432671633, 2483.9692275655975
456.8953447672384, 2484.106218290776
456.9253462673134, 2484.243548638089
456.9553477673884, 2484.3812197864986
456.9853492674634, 2484.51923291272
457.0153507675384, 2484.6575891915327
457.0453522676134, 2484.796289795466
457.0753537676884, 2484.9353358952044
457.1053552677634, 2485.07472865894
457.1353567678384, 2485.2144692530314
457.1653582679134, 2485.3545588416446
457.1953597679884, 2485.4949985865355
457.2253612680634, 2485.635789647237
457.2553627681384, 2485.776933181252
457.2853642682134, 2485.9184303435804
457.3153657682884, 2486.0602822871015
457.3453672683634, 2486.2024901621967
457.3753687684384, 2486.345055116876
457.4053702685134, 2486.487978296959
457.4353717685884, 2486.6312608457115
457.4653732686634, 2486.7749039039627
457.49537476873843, 2486.918908610061
457.52537626881343, 2487.063276100019
457.55537776888843, 2487.208007507179
457.58537926896344, 2487.3531039624686
457.61538076903844, 2487.498566594131
457.64538226911344, 2487.644396527906
457.67538376918844, 2487.790594886891
457.70538526926345, 2487.9371627917185
457.73538676933845, 2488.0841013600448
457.76538826941345, 2488.231411707062
457.79538976948845, 2488.3790949452623
457.8253912695635, 2488.5271521842537
457.85539276963846, 2488.6755845311336
457.8853942697135, 2488.824393089996
457.91539576978846, 2488.973578962163
457.9453972698635, 2489.1231432462905
457.97539876993847, 2489.273087038008
458.0054002700135, 2489.4234114301294
458.03540177008847, 2489.5741175125836
458.06540327016353, 2489.7252063723577
458.09540477023853, 2489.876679093461
458.12540627031353, 2490.0285367570655
458.15540777038854, 2490.1807804410673
458.18540927046354, 2490.3334112206844
458.21541077053854, 2490.486430167884
458.24541227061354, 2490.6398383515384
458.27541377068854, 2490.7936368376168
458.30541527076355, 2490.9478266887336
458.33541677083855, 2491.1024089646467
458.36541827091355, 2491.257384721593
458.39541977098855, 2491.4127550129792
458.42542127106356, 2491.5685208888885
458.45542277113856, 2491.7246833959925
458.48542427121356, 2491.881243578003
458.51542577128856, 2492.038202475086
458.54542727136356, 2492.1955611243316
458.57542877143857, 2492.353320559313
458.60543027151357, 2492.5114818104025
458.63543177158857, 2492.6700459046106
458.6654332716636, 2492.8290138654247
458.6954347717386, 2492.9883867130234
458.7254362718136, 2493.148165464071
458.7554377718886, 2493.3083511318855
458.7854392719636, 2493.4689447262463
458.8154407720386, 2493.6299472533874
458.8454422721136, 2493.7913597160305
458.8754437721886, 2493.9531831134386
458.9054452722636, 2494.115418441231
458.93544677233865, 2494.2780666913836
458.9654482724136, 2494.4411288523356
458.99544977248866, 2494.6046059089454
459.0254512725636, 2494.7684988422952
459.05545277263866, 2494.932808629839
459.0854542727136, 2495.09753624524
459.11545577278866, 2495.2626826586397
459.1454572728636, 2495.4282488362646
459.17545877293867, 2495.594235740652
459.20546027301367, 2495.760644330465
459.2354617730887, 2495.9274755606843
459.2654632731637, 2496.0947303824037
459.2954647732387, 2496.2624097428356
459.3254662733137, 2496.4305145853486
459.3554677733887, 2496.5990458493493
459.3854692734637, 2496.768004470495
459.4154707735387, 2496.9373913803765
459.4454722736137, 2497.1072075066045
459.4754737736887, 2497.277453772911
459.5054752737637, 2497.4481310989977
459.5354767738387, 2497.6192404005014
459.5654782739137, 2497.7907825890675
459.5954797739887, 2497.962758572281
459.6254812740637, 2498.135169253655
459.6554827741387, 2498.3080155325288
459.6854842742137, 2498.481298304186
459.7154857742887, 2498.655018459811
459.7454872743637, 2498.829176886334
459.7754887744387, 2499.0037744666165
459.8054902745137, 2499.1788120791603
459.8354917745887, 2499.354290598409
459.8654932746637, 2499.5302108944957
459.8954947747387, 2499.706573833292
459.9254962748137, 2499.8833802763606
459.9554977748887, 2500.060631081015
459.98549927496373, 2500.2383271003278
460.01550077503873, 2500.4164691828155
460.0455022751138, 2500.5950581728853
460.07550377518874, 2500.774094910429
460.1055052752638, 2500.953580230892
460.13550677533874, 2501.133514965484
460.1655082754138, 2501.313899940828
460.19550977548874, 2501.4947359792095
460.2255112755638, 2501.6760238983397
460.25551277563875, 2501.8577645115597
460.2855142757138, 2502.0399586275475
460.3155157757888, 2502.222607050641
460.3455172758638, 2502.405710580521
460.3755187759388, 2502.5892700122427
460.4055202760138, 2502.773286136491
460.4355217760888, 2502.957759739114
460.4655232761638, 2503.142691601579
460.4955247762388, 2503.3280825005395
460.5255262763138, 2503.5139332080876
460.55552777638883, 2503.700244491587
460.58552927646383, 2503.8870171138165
460.61553077653883, 2504.0742518326715
460.64553227661384, 2504.2619494015516
460.67553377668884, 2504.450110568946
460.70553527676384, 2504.638736078672
460.73553677683884, 2504.827826669759
460.76553827691384, 2505.0173830764047
460.79553977698885, 2505.2074060280524
460.82554127706385, 2505.3978962492943
460.85554277713885, 2505.5888544599197
460.88554427721385, 2505.7802813747994
460.91554577728886, 2505.972177703966
460.94554727736386, 2506.164544152572
460.97554877743886, 2506.3573814208203
461.00555027751386, 2506.550690204029
461.03555177758886, 2506.744471192604
461.06555327766387, 2506.938725071951
461.09555477773887, 2507.1334525224124
461.12555627781387, 2507.3286542195715
461.1555577778889, 2507.5243308338236
461.1855592779639, 2507.720483030577
461.21556077803893, 2507.9171114702976
461.2455622781139, 2508.1142168082306
461.27556377818894, 2508.3117996947317
461.3055652782639, 2508.509860775006
461.33556677833894, 2508.7084006891023
461.3655682784139, 2508.9074200719983
461.39556977848895, 2509.1069195536497
461.4255712785639, 2509.306899758661
461.45557277863895, 2509.507361306667
461.48557427871395, 2509.7083048120503
461.51557577878896, 2509.909730884021
461.54557727886396, 2510.111640126514
461.57557877893896, 2510.314033138414
461.60558027901396, 2510.516910513232
461.63558177908897, 2510.720272839284
461.66558327916397, 2510.9241206995957
461.69558477923897, 2511.1284546720003
461.725586279314, 2511.3332753289405
461.755587779389, 2511.5385832376455
461.785589279464, 2511.7443789600084
461.815590779539, 2511.950663052566
461.845592279614, 2512.1574360664713
461.875593779689, 2512.3646985476726
461.905595279764, 2512.5724510365458
461.935596779839, 2512.780694068271
461.965598279914, 2512.989428172537
461.995599779989, 2513.198653873628
462.025601280064, 2513.4083716904356
462.055602780139, 2513.6185821363933
462.085604280214, 2513.8292857195274
462.115605780289, 2514.040482942264
462.145607280364, 2514.2521743017783
462.175608780439, 2514.4643602895653
462.205610280514, 2514.677041391737
462.235611780589, 2514.890218088848
462.265613280664, 2515.1038908559494
462.295614780739, 2515.3180601625304
462.3256162808141, 2515.532726472516
462.355617780889, 2515.7478902444095
462.3856192809641, 2515.963551930962
462.415620781039, 2516.17971197948
462.4456222811141, 2516.396370831519
462.47562378118903, 2516.6135289231843
462.5056252812641, 2516.8311866849467
462.53562678133903, 2517.0493445415395
462.5656282814141, 2517.268002912163
462.5956297814891, 2517.487162210322
462.6256312815641, 2517.706822843883
462.6556327816391, 2517.926985215017
462.6856342817141, 2518.147649720166
462.7156357817891, 2518.3688167502064
462.7456372818641, 2518.5904866901574
462.7756387819391, 2518.812659919451
462.8056402820141, 2519.035336811752
462.8356417820891, 2519.2585177349097
462.8656432821641, 2519.482203051171
462.8956447822391, 2519.706393116922
462.9256462823141, 2519.931088282773
462.9556477823891, 2520.1562888936505
462.9856492824641, 2520.3819952886192
463.0156507825391, 2520.60820780095
463.0456522826141, 2520.8349267581707
463.07565378268913, 2521.0621524818994
463.10565528276413, 2521.2898852880244
463.13565678283913, 2521.5181254864738
463.16565828291414, 2521.7468733815485
463.19565978298914, 2521.97612927147
463.22566128306414, 2522.2058934487272
463.25566278313914, 2522.436166199878
463.28566428321415, 2522.6669478056756
463.31566578328915, 2522.8982385409163
463.34566728336415, 2523.130038674508
463.37566878343915, 2523.3623484695
463.40567028351416, 2523.5951681830024
463.4356717835892, 2523.828498066176
463.46567328366416, 2524.062338364314
463.4956747837392, 2524.296689316708
463.52567628381416, 2524.531551156715
463.5556777838892, 2524.766924111843
463.58567928396417, 2525.0028084035002
463.6156807840392, 2525.2392042471756
463.6456822841142, 2525.476111852448
463.67568378418923, 2525.7135314227753
463.70568528426423, 2525.9514631557918
463.73568678433924, 2526.18990724303
463.76568828441424, 2526.4288638699636
463.79568978448924, 2526.6683332162042
463.82569128456424, 2526.908315455267
463.85569278463925, 2527.1488107546447
463.88569428471425, 2527.389819275736
463.91569578478925, 2527.6313411740534
463.94569728486425, 2527.8733765989373
463.97569878493925, 2528.1159256937676
464.00570028501426, 2528.358988595739
464.03570178508926, 2528.60256543606
464.06570328516426, 2528.846656339997
464.09570478523926, 2529.091261426425
464.12570628531427, 2529.3363808084823
464.15570778538927, 2529.582014593032
464.18570928546427, 2529.8281628808086
464.2157107855393, 2530.0748257666173
464.2457122856143, 2530.3220033390435
464.2757137856893, 2530.5696956805227
464.3057152857643, 2530.817902867465
464.3357167858393, 2531.0666249701703
464.3657182859143, 2531.31586205274
464.3957197859893, 2531.5656141732366
464.4257212860643, 2531.815881383479
464.4557227861393, 2532.0666637292343
464.4857242862143, 2532.3179612500835
464.5157257862893, 2532.569773979495
464.5457272863643, 2532.8221019447906
464.5757287864393, 2533.0749451671036
464.60573028651436, 2533.3283036613743
464.6357317865893, 2533.582177436469
464.66573328666436, 2533.836566495056
464.6957347867393, 2534.0914708335818
464.72573628681437, 2534.3468904423635
464.7557377868893, 2534.6028253055183
464.7857392869644, 2534.859275401034
464.8157407870393, 2535.1162407006336
464.8457422871144, 2535.3737211699267
464.8757437871894, 2535.631716768241
464.9057452872644, 2535.890227448789
464.9357467873394, 2536.1492531585736
464.9657482874144, 2536.408793838369
464.9957497874894, 2536.668849422755
465.0257512875644, 2536.929419840111
465.0557527876394, 2537.190505012576
465.0857542877144, 2537.4521048561505
465.1157557877894, 2537.7142192805677
465.1457572878644, 2537.9768481893148
465.1757587879394, 2538.239991479771
465.2057602880144, 2538.5036490429334
465.2357617880894, 2538.7678207637555
465.2657632881644, 2539.0325065207967
465.2957647882394, 2539.2977061865504
465.3257662883144, 2539.5634196271662
465.3557677883894, 2539.8296467026016
465.3857692884644, 2540.0963872665748
465.4157707885394, 2540.3636411666484
465.4457722886144, 2540.631408244005
465.4757737886894, 2540.8996883337236
465.5057752887644, 2541.168481264592
465.5357767888394, 2541.4377868591732
465.56577828891443, 2541.7076049338034
465.59577978898943, 2541.977935298542
465.62578128906443, 2542.2487777572514
465.65578278913944, 2542.52013210754
465.68578428921444, 2542.7919981408054
465.7157857892895, 2543.064375642173
465.74578728936444, 2543.3372643905054
465.7757887894395, 2543.6106641584847
465.80579028951445, 2543.884574712544
465.8357917895895, 2544.15899581282
465.86579328966445, 2544.433927213337
465.8957947897395, 2544.7093686616927
465.92579628981446, 2544.9853198993974
465.9557977898895, 2545.2617806616768
465.9857992899645, 2545.538750677504
466.0158007900395, 2545.816229669664
466.0458022901145, 2546.094217354657
466.0758037901895, 2546.3727134427772
466.1058052902645, 2546.651717638041
466.13580679033953, 2546.931229638331
466.16580829041453, 2547.2112491351772
466.19580979048953, 2547.49177581395
466.22581129056454, 2547.772809353812
466.25581279063954, 2548.0543494276562
466.28581429071454, 2548.3363957021265
466.31581579078954, 2548.618947837728
466.34581729086455, 2548.9020054886896
466.37581879093955, 2549.1855683029976
466.40582029101455, 2549.46963592252
466.43582179108955, 2549.7542079827367
466.46582329116455, 2550.0392841131215
466.49582479123956, 2550.32486393679
466.52582629131456, 2550.610947070711
466.55582779138956, 2550.897533125618
466.58582929146456, 2551.1846217060856
466.61583079153957, 2551.472212410435
466.64583229161457, 2551.760304830855
466.67583379168957, 2552.0488985532625
466.7058352917646, 2552.337993157455
466.7358367918396, 2552.6275882169866
466.7658382919146, 2552.917683299297
466.7958397919896, 2553.2082779655198
466.82584129206464, 2553.499371770769
466.8558427921396, 2553.7909642638556
466.88584429221464, 2554.083054987552
466.9158457922896, 2554.375643478283
466.94584729236465, 2554.6687292664724
466.9758487924396, 2554.9623118762797
467.00585029251465, 2555.2563908257985
467.0358517925896, 2555.5509656268973
467.06585329266466, 2555.84603578537
467.09585479273966, 2556.1416008007873
467.12585629281466, 2556.43766016661
467.15585779288966, 2556.7342133701986
467.18585929296466, 2557.0312598927926
467.21586079303967, 2557.328799209436
467.24586229311467, 2557.6268307891078
467.27586379318967, 2557.925354094649
467.3058652932647, 2558.224368582837
467.3358667933397, 2558.5238737043096
467.3658682934147, 2558.8238689035843
467.3958697934897, 2559.124353619097
467.4258712935647, 2559.4253272832684
467.4558727936397, 2559.7267893223334
467.4858742937147, 2560.0287391564675
467.5158757937897, 2560.3311761998652
467.5458772938647, 2560.6340998605415
467.5758787939397, 2560.9375095405076
467.6058802940147, 2561.241404635734
467.6358817940897, 2561.545784536129
467.6658832941647, 2561.850648625524
467.6958847942397, 2562.1559962817614
467.7258862943147, 2562.4618268766326
467.7558877943897, 2562.7681397759065
467.7858892944647, 2563.0749343393622
467.8158907945397, 2563.3822099207237
467.8458922946147, 2563.6899658677403
467.8758937946897, 2563.9982015221826
467.9058952947647, 2564.306916219795
467.9358967948397, 2564.6161092903644
467.9658982949147, 2564.9257800576706
467.9958997949898, 2565.235927839599
468.0259012950647, 2565.5465519479617
468.0559027951398, 2565.8576516887188
468.08590429521473, 2566.1692263618174
468.1159057952898, 2566.4812752613416
468.14590729536474, 2566.793797675363
468.1759087954398, 2567.106792886082
468.20591029551474, 2567.4202601697407
468.2359117955898, 2567.7341987967193
468.2659132956648, 2568.0486080314763
468.2959147957398, 2568.3634871325644
468.3259162958148, 2568.6788353526713
468.3559177958898, 2568.994651938667
468.3859192959648, 2569.3109361314173
468.4159207960398, 2569.627687166026
468.4459222961148, 2569.944904271734
468.4759237961898, 2570.262586671963
468.5059252962648, 2570.58073358426
468.5359267963398, 2570.89934422035
468.5659282964148, 2571.218417786142
468.5959297964898, 2571.53795348178
468.62593129656483, 2571.857950501607
468.65593279663983, 2572.178408034083
468.68593429671483, 2572.49932526203
468.71593579678984, 2572.820701362384
468.74593729686484, 2573.1425355064057
468.77593879693984, 2573.464826859542
468.80594029701484, 2573.7875745815118
468.83594179708984, 2574.1107778263513
468.86594329716485, 2574.4344357423133
468.89594479723985, 2574.758547471979
468.92594629731485, 2575.08311215219
468.95594779738985, 2575.4081289141445
468.98594929746486, 2575.7335968833163
469.01595079753986, 2576.059515179522
469.04595229761486, 2576.3858829169194
469.07595379768986, 2576.7126992040203
469.1059552977649, 2577.0399631436444
469.13595679783987, 2577.367673833085
469.1659582979149, 2577.695830363916
469.1959597979899, 2578.0244318221485
469.22596129806493, 2578.353477288186
469.2559627981399, 2578.68296583685
469.28596429821494, 2579.0128965373265
469.3159657982899, 2579.343268453359
469.34596729836494, 2579.6740806430057
469.37596879843994, 2580.005332158888
469.40597029851494, 2580.337022047987
469.43597179858995, 2580.6691493518415
469.46597329866495, 2581.001713106481
469.49597479873995, 2581.3347123423923
469.52597629881495, 2581.6681460845743
469.55597779888996, 2582.002013352594
469.58597929896496, 2582.3363131605292
469.61598079903996, 2582.671044517
469.64598229911496, 2583.00620642518
469.67598379918996, 2583.341797882824
469.70598529926497, 2583.677817882295
469.73598679933997, 2584.014265410504
469.76598829941497, 2584.3511394490024
469.79598979949, 2584.6884389739216
469.825991299565, 2585.026162956097
469.85599279964, 2585.364310360936
469.885994299715, 2585.702880148522
469.91599579979, 2586.041871273643
469.945997299865, 2586.381282685728
469.97599879994, 2586.7211133289
470.006000300015, 2587.0613621420343
470.03600180009, 2587.4020280586396
470.066003300165, 2587.743110007061
470.09600480024, 2588.084606910313
470.126006300315, 2588.4265176862004
470.15600780039, 2588.76884124729
470.186009300465, 2589.1115765009367
470.21601080054006, 2589.454722349303
470.246012300615, 2589.798277689355
470.27601380069007, 2590.142241412826
470.306015300765, 2590.4866124064233
470.33601680084007, 2590.8313895515766
470.366018300915, 2591.1765717246267
470.3960198009901, 2591.522157796804
470.426021301065, 2591.868146634251
470.4560228011401, 2592.214537097929
470.4860243012151, 2592.5613280438292
470.5160258012901, 2592.9085183227944
470.5460273013651, 2593.256106780646
470.5760288014401, 2593.604092258191
470.6060303015151, 2593.9524735911828
470.6360318015901, 2594.301249610377
470.6660333016651, 2594.650419141502
470.6960348017401, 2594.999981005367
470.7260363018151, 2595.3499340177564
470.7560378018901, 2595.7002769895494
470.7860393019651, 2596.0510087266453
470.8160408020401, 2596.4021280300562
470.8460423021151, 2596.7536336958574
470.8760438021901, 2597.105524515256
470.9060453022651, 2597.4577992745576
470.9360468023401, 2597.8104567552245
470.9660483024151, 2598.1634957338724
470.9960498024901, 2598.516914982243
471.0260513025651, 2598.870713267304
471.0560528026401, 2599.2248893512065
471.0860543027151, 2599.579441991324
471.11605580279013, 2599.9343699402116
471.14605730286513, 2600.2896719457267
471.17605880294013, 2600.645346750949
471.20606030301514, 2601.0013930942496
471.23606180309014, 2601.357809709261
471.26606330316514, 2601.714595324938
471.29606480324014, 2602.0717486655735
471.32606630331514, 2602.429268450755
471.35606780339015, 2602.7871533954603
471.3860693034652, 2603.1454022099942
471.41607080354015, 2603.504013600101
471.4460723036152, 2603.86298626689
471.47607380369016, 2604.2223189068595
471.5060753037652, 2604.5820102119715
471.53607680384016, 2604.9420588696466
471.5660783039152, 2605.302463562739
471.59607980399016, 2605.663222969619
471.6260813040652, 2606.024335764107
471.6560828041402, 2606.385800615547
471.6860843042152, 2606.7476161888603
471.71608580429023, 2607.1097811444497
471.74608730436523, 2607.4722941383156
471.77608880444023, 2607.8351538220304
471.80609030451524, 2608.198358842741
471.83609180459024, 2608.5619078432555
471.86609330466524, 2608.9257994619416
471.89609480474024, 2609.290032332877
471.92609630481525, 2609.6546050857723
471.95609780489025, 2610.019516345999
471.98609930496525, 2610.384764734666
472.01610080504025, 2610.75034886857
472.04610230511526, 2611.116267360229
472.07610380519026, 2611.482518817905
472.10610530526526, 2611.8491018456916
472.13610680534026, 2612.216015043375
472.16610830541526, 2612.583257006587
472.19610980549027, 2612.95082632676
472.22611130556527, 2613.318721591173
472.25611280564027, 2613.6869413829468
472.2861143057153, 2614.055484281082
472.3161158057903, 2614.4243488604457
472.3461173058653, 2614.7935336918363
472.3761188059403, 2615.1630373419252
472.4061203060153, 2615.5328583733817
472.4361218060903, 2615.9029953448007
472.4661233061653, 2616.273446810751
472.49612480624035, 2616.644211321818
472.5261263063153, 2617.0152874245414
472.55612780639035, 2617.38667366155
472.5861293064653, 2617.758368571504
472.61613080654035, 2618.130370689102
472.6461323066153, 2618.5026785451564
472.67613380669036, 2618.8752906665595
472.7061353067653, 2619.248205576307
472.73613680684036, 2619.6214217935994
472.76613830691537, 2619.994937833711
472.79613980699037, 2620.3687522081327
472.82614130706537, 2620.742863424538
472.8561428071404, 2621.1172699868407
472.8861443072154, 2621.4919703951064
472.9161458072904, 2621.8669631457196
472.9461473073654, 2622.242246731329
472.9761488074404, 2622.6178196408123
473.0061503075154, 2622.993680359385
473.0361518075904, 2623.369827368615
473.0661533076654, 2623.7462591463536
473.0961548077404, 2624.1229741668453
473.1261563078154, 2624.499970900681
473.1561578078904, 2624.877247814917
473.1861593079654, 2625.254803372923
473.2161608080404, 2625.632636034608
473.2461623081154, 2626.0107442562608
473.2761638081904, 2626.3891264906606
473.3061653082654, 2626.7677811871063
473.3361668083404, 2627.1467067913577
473.3661683084154, 2627.525901745764
473.3961698084904, 2627.9053644891715
473.4261713085654, 2628.28509345702
473.4561728086404, 2628.6650870813282
473.4861743087154, 2629.0453437907236
473.5161758087904, 2629.425862010462
473.5461773088654, 2629.8066401624346
473.5761788089404, 2630.1876766652185
473.6061803090155, 2630.5689699340473
473.63618180909043, 2630.9505183808765
473.6661833091655, 2631.3323204143867
473.69618480924044, 2631.7143744399814
473.7261863093155, 2632.096678859858
473.75618780939044, 2632.4792320729407
473.7861893094655, 2632.8620324750127
473.81619080954044, 2633.2450784586576
473.8461923096155, 2633.628368413282
473.8761938096905, 2634.0119007251765
473.9061953097655, 2634.395673777509
473.9361968098405, 2634.7796859503114
473.9661983099155, 2635.163935620593
473.9961998099905, 2635.5484211622725
474.0262013100655, 2635.9331409462106
474.0562028101405, 2636.318093340279
474.0862043102155, 2636.7032767093247
474.1162058102905, 2637.0886894152377
474.1462073103655, 2637.4743298169246
474.1762088104405, 2637.860196270353
474.20621031051553, 2638.246287128593
474.23621181059053, 2638.6326007417797
474.26621331066553, 2639.019135457192
474.29621481074054, 2639.40588961926
474.32621631081554, 2639.7928615695273
474.35621781089054, 2640.180049646758
474.38621931096554, 2640.567452186905
474.41622081104055, 2640.955067523134
474.44622231111555, 2641.3428939858672
474.47622381119055, 2641.73092990277
474.50622531126555, 2642.119173598802
474.53622681134055, 2642.5076233962227
474.56622831141556, 2642.896277614601
474.59622981149056, 2643.2851345708677
474.62623131156556, 2643.674192579303
474.65623281164056, 2644.0634499515713
474.68623431171557, 2644.452904996765
474.71623581179057, 2644.842556021347
474.74623731186557, 2645.2324013292905
474.77623881194063, 2645.622439221986
474.8062403120156, 2646.012667998332
474.83624181209063, 2646.4030859547265
474.8662433121656, 2646.7936913851
474.89624481224064, 2647.184482580917
474.9262463123156, 2647.575457831246
474.95624781239064, 2647.9666154226898
474.9862493124656, 2648.3579536395187
475.01625081254065, 2648.749470763596
475.04625231261565, 2649.141165074434
475.07625381269065, 2649.533034849258
475.10625531276565, 2649.925078362946
475.13625681284066, 2650.3172938881085
475.16625831291566, 2650.709679695068
475.19625981299066, 2651.102234051943
475.22626131306566, 2651.4949552246017
475.25626281314067, 2651.887841476708
475.28626431321567, 2652.2808910697586
475.31626581329067, 2652.6741022630795
475.3462673133657, 2653.0674733138435
475.3762688134407, 2653.4610024771414
475.4062703135157, 2653.8546880059416
475.4362718135907, 2654.2485281511254
475.4662733136657, 2654.6425211615406
475.4962748137407, 2655.0366652839793
475.5262763138157, 2655.4309587632497
475.5562778138907, 2655.82539984213
475.5862793139657, 2656.2199867614627
475.6162808140407, 2656.614717760106
475.6462823141157, 2657.0095910750147
475.6762838141907, 2657.4046049412323
475.7062853142657, 2657.799757591889
475.7362868143407, 2658.1950472582735
475.7662883144157, 2658.5904721698253
475.7962898144907, 2658.9860305541633
475.8262913145657, 2659.381720637092
475.8562928146407, 2659.7775406426495
475.88629431471577, 2660.173488793087
475.9162958147907, 2660.5695633089454
475.9462973148658, 2660.9657624090246
475.9762988149407, 2661.362084310449
476.0063003150158, 2661.758527228664
476.0363018150907, 2662.1550893774347
476.0663033151658, 2662.5517689689323
476.0963048152407, 2662.9485642136688
476.1263063153158, 2663.345473320624
476.1563078153908, 2663.7424944971485
476.1863093154658, 2664.1396259490957
476.2163108155408, 2664.536865880748
476.2463123156158, 2664.934212494919
476.2763138156908, 2665.331663992915
476.3063153157658, 2665.7292185745778
476.3363168158408, 2666.1268744383356
476.3663183159158, 2666.524629781167
476.3963198159908, 2666.922482798661
476.4263213160658, 2667.3204316850247
476.4563228161408, 2667.7184746331222
476.4863243162158, 2668.1166098344706
476.5163258162908, 2668.5148354792686
476.5463273163658, 2668.91314975644
476.5763288164408, 2669.311550853611
476.6063303165158, 2669.710036957191
476.6363318165908, 2670.1086062523405
476.6663333166658, 2670.5072569230006
476.69633481674083, 2670.9059871519667
476.72633631681583, 2671.3047951208255
476.75633781689083, 2671.7036790100456
476.78633931696584, 2672.102636998973
476.81634081704084, 2672.5016672658453
476.84634231711584, 2672.900767987833
476.87634381719084, 2673.2999373410266
476.90634531726585, 2673.699173500502
476.93634681734085, 2674.0984746403074
476.96634831741585, 2674.497838933507
476.9963498174909, 2674.897264552189
477.02635131756585, 2675.2967496674783
477.0563528176409, 2675.696292449599
477.08635431771586, 2676.0958910678337
477.1163558177909, 2676.4955436906093
477.14635731786586, 2676.8952484854503
477.1763588179409, 2677.2950036190787
477.20636031801587, 2677.694807257351
477.2363618180909, 2678.0946575653666
477.26636331816593, 2678.4945527074146
477.29636481824093, 2678.894490847024
477.32636631831593, 2679.2944701469955
477.35636781839094, 2679.694488769424
477.38636931846594, 2680.094544875685
477.41637081854094, 2680.4946366265053
477.44637231861594, 2680.8947621819357
477.47637381869094, 2681.2949197014177
477.50637531876595, 2681.6951073437676
477.53637681884095, 2682.0953232672045
477.56637831891595, 2682.495565629412
477.59637981899095, 2682.895832587505
477.62638131906596, 2683.296122298066
477.65638281914096, 2683.6964329172015
477.68638431921596, 2684.0967626005167
477.71638581929096, 2684.4971095031437
477.74638731936597, 2684.8974717798055
477.77638881944097, 2685.2978475847767
477.80639031951597, 2685.6982350719613
477.836391819591, 2686.098632394859
477.866393319666, 2686.499037706644
477.896394819741, 2686.899449160126
477.926396319816, 2687.299864907824
477.956397819891, 2687.700283101959
477.986399319966, 2688.1007018944847
478.016400820041, 2688.501119437091
478.04640232011604, 2688.9015338812533
478.076403820191, 2689.301943378248
478.10640532026605, 2689.702346079129
478.136406820341, 2690.1027401348288
478.16640832041605, 2690.5031236961136
478.196409820491, 2690.9034949136194
478.22641132056606, 2691.3038519378983
478.256412820641, 2691.704192919412
478.28641432071606, 2692.104516008569
478.316415820791, 2692.504819355719
478.34641732086607, 2692.9051011112224
478.376418820941, 2693.3053594254106
478.40642032101607, 2693.7055924486767
478.436421821091, 2694.1057983314263
478.4664233211661, 2694.5059752241455
478.496424821241, 2694.9061212774022
478.5264263213161, 2695.306234641871
478.5564278213911, 2695.7063134683726
478.5864293214661, 2696.106355907841
478.6164308215411, 2696.5063601114134
478.6464323216161, 2696.9063242304096
478.6764338216911, 2697.3062464163404
478.7064353217661, 2697.7061248209775
478.7364368218411, 2698.1059575963277
478.7664383219161, 2698.505742894686
478.7964398219911, 2698.9054788686244
478.8264413220661, 2699.305163671047
478.8564428221411, 2699.7047954551813
478.8864443222161, 2700.10437237461
478.9164458222911, 2700.503892583311
478.9464473223661, 2700.903354235642
478.9764488224411, 2701.3027554863893
479.0064503225161, 2701.7020944907754
479.0364518225911, 2702.1013694044623
479.0664533226661, 2702.5005783836386
479.0964548227411, 2702.8997195849483
479.1264563228161, 2703.2987911655723
479.1564578228912, 2703.6977912832576
479.18645932296613, 2704.0967180962607
479.2164608230412, 2704.4955697634664
479.24646232311613, 2704.8943444443426
479.2764638231912, 2705.2930402989846
479.30646532326614, 2705.691655488128
479.3364668233412, 2706.090188173182
479.36646832341614, 2706.4886365162242
479.3964698234912, 2706.8869986800487
479.42647132356615, 2707.2852728281623
479.4564728236412, 2707.6834571248414
479.48647432371615, 2708.081549735095
479.5164758237912, 2708.479548824742
479.54647732386616, 2708.8774525603876
479.5764788239412, 2709.2752591094886
479.60648032401616, 2709.6729666403176
479.6364818240912, 2710.0705733220293
479.6664833241662, 2710.468077324669
479.6964848242412, 2710.865476819177
479.7264863243162, 2711.2627699774143
479.75648782439123, 2711.6599549722046
479.78648932446623, 2712.0570299773267
479.81649082454123, 2712.4539931675386
479.84649232461624, 2712.8508427186225
479.87649382469124, 2713.247576807372
479.90649532476624, 2713.644193611624
479.93649682484124, 2714.040691310283
479.96649832491624, 2714.4370680833445
479.99649982499125, 2714.833322111896
480.02650132506625, 2715.2294515781705
480.05650282514125, 2715.625454665513
480.08650432521625, 2716.0213295584695
480.11650582529126, 2716.417074442721
480.14650732536626, 2716.812687505202
480.17650882544126, 2717.2081669340328
480.20651032551626, 2717.603510918594
480.23651182559126, 2717.998717649517
480.2665133256663, 2718.393785318712
480.29651482574127, 2718.788712119404
480.3265163258163, 2719.1834962461207
480.3565178258913, 2719.578135894735
480.38651932596633, 2719.9726292624873
480.4165208260413, 2720.3669745479715
480.44652232611634, 2720.7611699511995
480.4765238261913, 2721.1552136735845
480.50652532626634, 2721.549103917988
480.5365268263413, 2721.9428388887163
480.56652832641635, 2722.3364167915424
480.5965298264913, 2722.7298358337544
480.62653132656635, 2723.12309422413
480.6565328266413, 2723.5161901729853
480.68653432671636, 2723.909121892173
480.7165358267913, 2724.301887595132
480.74653732686636, 2724.6944854968824
480.7765388269413, 2725.086913814047
480.80654032701636, 2725.4791707648815
480.83654182709137, 2725.8712545692647
480.86654332716637, 2726.2631634487607
480.89654482724137, 2726.6548956265983
480.9265463273164, 2727.0464493277195
480.9565478273914, 2727.4378227787734
480.9865493274664, 2727.829014208145
481.0165508275414, 2728.220021845986
481.0465523276164, 2728.610843924214
481.0765538276914, 2729.0014786765432
481.1065553277664, 2729.3919243384867
481.1365568278414, 2729.7821791474007
481.1665583279164, 2730.1722413424864
481.1965598279914, 2730.5621091648013
481.2265613280664, 2730.9517808573046
481.2565628281414, 2731.341254664845
481.2865643282164, 2731.730528834188
481.3165658282914, 2732.1196016140534
481.3465673283664, 2732.5084712550993
481.37656882844146, 2732.8971360099795
481.4065703285164, 2733.2855941333223
481.43657182859147, 2733.6738438817792
481.4665733286664, 2734.0618835140226
481.4965748287415, 2734.449711290783
481.5265763288164, 2734.8373254748462
481.5565778288915, 2735.2247243310762
481.5865793289664, 2735.6119061264526
481.6165808290415, 2735.9988691300687
481.6465823291164, 2736.385611613144
481.6765838291915, 2736.772131849062
481.70658532926643, 2737.1584281133723
481.7365868293415, 2737.5444986838174
481.76658832941644, 2737.9303418403406
481.7965898294915, 2738.3159558651205
481.82659132956644, 2738.701339042559
481.8565928296415, 2739.0864896593384
481.88659432971644, 2739.471406004397
481.9165958297915, 2739.856086368985
481.9465973298665, 2740.240529046646
481.9765988299415, 2740.624732333266
482.0066003300165, 2741.008694527073
482.0366018300915, 2741.3924139286432
482.0666033301665, 2741.7758888409585
482.0966048302415, 2742.1591175693816
482.1266063303165, 2742.542098421676
482.1566078303915, 2742.924829708068
482.1866093304665, 2743.3073097412066
482.2166108305415, 2743.689536836207
482.24661233061653, 2744.0715093106855
482.27661383069153, 2744.4532254847254
482.30661533076653, 2744.834683680956
482.33661683084154, 2745.2158822245174
482.36661833091654, 2745.5968194430975
482.39661983099154, 2745.9774936669664
482.42662133106654, 2746.357903228957
482.45662283114154, 2746.738046464515
482.48662433121655, 2747.117921711684
482.51662583129155, 2747.4975273111513
482.5466273313666, 2747.8768616062484
482.57662883144155, 2748.2559229429658
482.6066303315166, 2748.6347096699797
482.63663183159156, 2749.0132201386496
482.6666333316666, 2749.391452703067
482.69663483174156, 2749.7694057200406
482.7266363318166, 2750.147077549113
482.75663783189157, 2750.5244665526025
482.7866393319666, 2750.901571095603
482.81664083204157, 2751.278389545988
482.84664233211663, 2751.6549202744477
482.8766438321916, 2752.0311616545005
482.90664533226663, 2752.4071120624867
482.9366468323416, 2752.782769877621
482.96664833241664, 2753.1581334819875
482.9966498324916, 2753.5332012605386
483.02665133256664, 2753.9079716011456
483.05665283264165, 2754.2824428946014
483.08665433271665, 2754.6566135346093
483.11665583279165, 2755.030481917841
483.14665733286665, 2755.404046443922
483.17665883294165, 2755.7773055154694
483.20666033301666, 2756.150257538078
483.23666183309166, 2756.5229009203617
483.26666333316666, 2756.8952340739593
483.29666483324166, 2757.2672554135456
483.32666633331667, 2757.638963356853
483.35666783339167, 2758.0103563246853
483.38666933346667, 2758.3814327409254
483.4166708335417, 2758.752191032562
483.4466723336167, 2759.122629629695
483.4766738336917, 2759.4927469655504
483.5066753337667, 2759.862541476511
483.5366768338417, 2760.2320116021
483.5666783339167, 2760.601155785028
483.5966798339917, 2760.969972471187
483.6266813340667, 2761.338460109678
483.65668283414175, 2761.7066171528104
483.6866843342167, 2762.074442056125
483.71668583429175, 2762.4419332784214
483.7466873343667, 2762.809089281743
483.77668883444176, 2763.1759085314147
483.8066903345167, 2763.5423894960504
483.83669183459176, 2763.9085306475695
483.8666933346667, 2764.2743304611968
483.89669483474177, 2764.6397874155
483.9266963348167, 2765.004899992386
483.95669783489177, 2765.3696666771198
483.9866993349667, 2765.734085958339
484.0167008350418, 2766.09815632807
484.0467023351167, 2766.4618762817367
484.0767038351918, 2766.8252443181755
484.1067053352667, 2767.188258939655
484.1367068353418, 2767.550918651881
484.16670833541673, 2767.913221964006
484.1967098354918, 2768.275167388672
484.2267113355668, 2768.636753441985
484.2567128356418, 2768.9979786435406
484.2867143357168, 2769.358841516465
484.3167158357918, 2769.7193405873772
484.3467173358668, 2770.0794743864585
484.3767188359418, 2770.4392414474164
484.4067203360168, 2770.7986403075315
484.4367218360918, 2771.1576695076487
484.4667233361668, 2771.5163275922137
484.4967248362418, 2771.8746131092503
484.5267263363168, 2772.232524610415
484.5567278363918, 2772.5900606509804
484.5867293364668, 2772.947219789855
484.6167308365418, 2773.3040005895978
484.6467323366168, 2773.660401616439
484.6767338366918, 2774.0164214402744
484.7067353367668, 2774.3720586346985
484.7367368368418, 2774.7273117769937
484.7667383369169, 2775.0821794481653
484.79673983699183, 2775.4366602329396
484.8267413370669, 2775.7907527197835
484.85674283714184, 2776.1444555009084
484.8867443372169, 2776.49776717229
484.91674583729184, 2776.850686333682
484.9467473373669, 2777.2032115886213
484.97674883744185, 2777.5553415444356
485.0067503375169, 2777.907074812278
485.03675183759185, 2778.2584100071062
485.0667533376669, 2778.609345747728
485.09675483774186, 2778.9598806567797
485.1267563378169, 2779.310013360768
485.15675783789186, 2779.659742490059
485.1867593379669, 2780.0090666789097
485.21676083804186, 2780.357984565454
485.2467623381169, 2780.706494791741
485.27676383819187, 2781.054596003727
485.3067653382669, 2781.4022868513016
485.33676683834193, 2781.7495659882793
485.36676833841693, 2782.096432072434
485.39676983849193, 2782.4428837654955
485.42677133856694, 2782.788919733158
485.45677283864194, 2783.1345386451057
485.48677433871694, 2783.4797391750135
485.51677583879194, 2783.824520000553
485.54677733886695, 2784.1688798034106
485.57677883894195, 2784.5128172693107
485.60678033901695, 2784.8563310879945
485.63678183909195, 2785.19941995326
485.66678333916695, 2785.5420825629644
485.69678483924196, 2785.8843176190217
485.72678633931696, 2786.2261238274314
485.75678783939196, 2786.5674998982786
485.78678933946696, 2786.908444545747
485.81679083954197, 2787.2489564881316
485.84679233961697, 2787.5890344478335
485.87679383969197, 2787.9286771514057
485.906795339767, 2788.267883329522
485.93679683984203, 2788.606651717009
485.966798339917, 2788.944981052854
485.99679983999204, 2789.2828700802183
486.026801340067, 2789.6203175464307
486.05680284014204, 2789.9573222030176
486.086804340217, 2790.2938828056995
486.11680584029205, 2790.6299981144093
486.146807340367, 2790.9656668932903
486.17680884044205, 2791.300887910724
486.206810340517, 2791.635659939315
486.23681184059205, 2791.9699817559194
486.266813340667, 2792.3038521416574
486.29681484074206, 2792.6372698818986
486.326816340817, 2792.9702337662966
486.35681784089206, 2793.3027425887835
486.386819340967, 2793.6347951475873
486.41682084104207, 2793.966390245231
486.44682234111707, 2794.2975266885555
486.4768238411921, 2794.6282032887143
486.5068253412671, 2794.958418861192
486.5368268413421, 2795.288172225806
486.5668283414171, 2795.617462206725
486.5968298414921, 2795.9462876324646
486.6268313415671, 2796.274647335911
486.6568328416421, 2796.6025401543134
486.6868343417171, 2796.929964929306
486.7168358417921, 2797.2569205069112
486.7468373418671, 2797.583405737539
486.7768388419421, 2797.909419476014
486.8068403420171, 2798.2349605815693
486.8368418420921, 2798.5600279178598
486.8668433421671, 2798.8846203529706
486.8968448422421, 2799.2087367594195
486.9268463423171, 2799.532376014173
486.9568478423921, 2799.8555369986507
486.9868493424671, 2800.1782185987286
487.0168508425421, 2800.5004197047547
487.04685234261717, 2800.822139211554
487.0768538426921, 2801.1433760184314
487.1068553427672, 2801.4641290291866
487.1368568428421, 2801.7843971521165
487.1668583429172, 2802.104179300028
487.1968598429921, 2802.4234743902302
487.2268613430672, 2802.7422813445714
487.25686284314213, 2803.0605990894064
487.2868643432172, 2803.3784265556515
487.31686584329213, 2803.6957626787384
487.3468673433672, 2804.012606398667
487.37686884344214, 2804.328956659985
487.4068703435172, 2804.644812411813
487.43687184359214, 2804.960172607828
487.4668733436672, 2805.275036206295
487.49687484374215, 2805.5894021700633
487.5268763438172, 2805.903269466566
487.55687784389215, 2806.2166370678337
487.5868793439672, 2806.5295039505136
487.6168808440422, 2806.841869095846
487.6468823441172, 2807.1537314896964
487.6768838441922, 2807.465090122555
487.7068853442672, 2807.7759439895376
487.7368868443422, 2808.086292090399
487.7668883444172, 2808.3961334295327
487.7968898444922, 2808.7054670159832
487.82689134456723, 2809.014291863444
487.85689284464223, 2809.322606990274
487.88689434471723, 2809.6304114194945
487.91689584479224, 2809.9377041788002
487.94689734486724, 2810.2444843005646
487.97689884494224, 2810.550750821838
488.00690034501724, 2810.8565027843674
488.03690184509225, 2811.1617392345916
488.06690334516725, 2811.466459223646
488.09690484524225, 2811.7706618073753
488.12690634531725, 2812.0743460463327
488.1569078453923, 2812.3775110057936
488.18690934546726, 2812.6801557557433
488.2169108455423, 2812.9822793709045
488.24691234561726, 2813.2838809307254
488.2769138456923, 2813.5849595193968
488.30691534576727, 2813.8855142258417
488.3369168458423, 2814.185544143739
488.36691834591727, 2814.485048371519
488.39691984599233, 2814.784026012364
488.4269213460673, 2815.0824761742183
488.45692284614233, 2815.3803979697936
488.4869243462173, 2815.6777905165695
488.51692584629234, 2815.9746529368117
488.5469273463673, 2816.2709843575485
488.57692884644234, 2816.566783910604
488.6069303465173, 2816.8620507325863
488.63693184659235, 2817.1567839649024
488.6669333466673, 2817.4509827537468
488.69693484674235, 2817.744646250121
488.72693634681735, 2818.037773609833
488.75693784689236, 2818.3303639934966
488.78693934696736, 2818.622416566538
488.81694084704236, 2818.9139304992077
488.84694234711736, 2819.204904966569
488.87694384719236, 2819.495339148518
488.90694534726737, 2819.7852322297726
488.93694684734237, 2820.0745833998894
488.9669483474174, 2820.363391853253
488.9969498474924, 2820.651656789096
489.0269513475674, 2820.9393774114865
489.0569528476424, 2821.2265529293477
489.0869543477174, 2821.5131825564436
489.1169558477924, 2821.799265511397
489.1469573478674, 2822.0848010176833
489.1769588479424, 2822.3697883036425
489.2069603480174, 2822.6542266024735
489.2369618480924, 2822.9381151522384
489.2669633481674, 2823.221453195871
489.2969648482424, 2823.5042399811787
489.32696634831746, 2823.7864747608423
489.3569678483924, 2824.068156792414
489.38696934846746, 2824.3492853383304
489.4169708485424, 2824.629859665912
489.44697234861746, 2824.9098790473618
489.4769738486924, 2825.1893427597715
489.50697534876747, 2825.468250085124
489.5369768488424, 2825.746600310289
489.5669783489175, 2826.0243927270367
489.5969798489924, 2826.301626632034
489.6269813490675, 2826.578301326845
489.6569828491424, 2826.8544161179366
489.6869843492175, 2827.1299703166787
489.7169858492924, 2827.4049632393435
489.7469873493675, 2827.679394207119
489.77698884944243, 2827.9532625460943
489.8069903495175, 2828.2265675872745
489.8369918495925, 2828.4993086665736
489.8669933496675, 2828.7714851248256
489.8969948497425, 2829.0430963077747
489.9269963498175, 2829.3141415660893
489.9569978498925, 2829.5846202553544
489.9869993499675, 2829.854531736076
490.0170008500425, 2830.123875373679
490.0470023501175, 2830.3926505385184
490.0770038501925, 2830.660856605871
490.1070053502675, 2830.9284929559403
490.1370068503425, 2831.1955589738536
490.1670083504175, 2831.462054049672
490.1970098504925, 2831.7279775783836
490.2270113505675, 2831.993328959904
490.2570128506425, 2832.258107599089
490.2870143507175, 2832.522312905713
490.31701585079253, 2832.7859442944987
490.34701735086753, 2833.049001185087
490.37701885094253, 2833.3114830020645
490.40702035101754, 2833.5733891749483
490.4370218510926, 2833.8347191381918
490.46702335116754, 2834.0954723311806
490.4970248512426, 2834.355648198243
490.52702635131755, 2834.6152461886404
490.5570278513926, 2834.8742657565717
490.58702935146755, 2835.1327063611684
490.6170308515426, 2835.390567466508
490.64703235161755, 2835.6478485415983
490.6770338516926, 2835.90454906039
490.70703535176756, 2836.1606685017637
490.7370368518426, 2836.416206349548
490.76703835191756, 2836.671162092495
490.7970398519926, 2836.9255352243076
490.82704135206757, 2837.1793252436173
490.8570428521426, 2837.432531653994
490.8870443522176, 2837.6851539639433
490.91704585229263, 2837.937191686907
490.9470473523676, 2838.1886443412604
490.97704885244264, 2838.439511450317
491.00705035251764, 2838.689792542319
491.03705185259264, 2838.9394871504473
491.06705335266764, 2839.1885948128115
491.09705485274264, 2839.4371150724523
491.12705635281765, 2839.6850474773437
491.15705785289265, 2839.932391580391
491.18705935296765, 2840.1791469394225
491.21706085304265, 2840.425313117201
491.24706235311766, 2840.6708896814107
491.27706385319266, 2840.915876204664
491.30706535326766, 2841.160272264498
491.33706685334266, 2841.404077443371
491.36706835341766, 2841.647291328667
491.39706985349267, 2841.889913512686
491.42707135356767, 2842.1319435926475
491.45707285364267, 2842.3733811706907
491.4870743537177, 2842.614225853868
491.5170758537927, 2842.854477254148
491.54707735386773, 2843.094134988413
491.5770788539427, 2843.3331986784497
491.60708035401774, 2843.5716679509633
491.6370818540927, 2843.8095424375542
491.66708335416774, 2844.046821774742
491.6970848542427, 2844.2835056039366
491.72708635431775, 2844.5195935714564
491.7570878543927, 2844.7550853285165
491.78708935446775, 2844.989980531227
491.8170908545427, 2845.2242788405993
491.84709235461776, 2845.4579799225307
491.8770938546927, 2845.691083447808
491.90709535476776, 2845.923589092111
491.9370968548427, 2846.1554965359983
491.96709835491777, 2846.386805464922
491.9970998549927, 2846.617515569198
492.02710135506777, 2846.847626544034
492.0571028551427, 2847.077138089505
492.0871043552178, 2847.306049910563
492.1171058552928, 2847.5343617170247
492.1471073553678, 2847.762073223573
492.1771088554428, 2847.9891841497624
492.2071103555178, 2848.215694219997
492.2371118555928, 2848.4416031635456
492.2671133556678, 2848.666910714529
492.2971148557428, 2848.891616611923
492.3271163558178, 2849.115720599546
492.3571178558928, 2849.339222426063
492.3871193559678, 2849.562121844985
492.4171208560428, 2849.7844186146567
492.4471223561178, 2850.00611249826
492.4771238561928, 2850.2272032638048
492.5071253562678, 2850.4476906841337
492.5371268563428, 2850.667574536913
492.5671283564178, 2850.886854604627
492.5971298564928, 2851.1055306745766
492.6271313565678, 2851.3236025388824
492.6571328566428, 2851.541069994467
492.6871343567178, 2851.757932843062
492.7171358567929, 2851.9741908912038
492.7471373568678, 2852.18984395022
492.7771388569429, 2852.4048918362378
492.80714035701783, 2852.6193343701702
492.8371418570929, 2852.8331713777193
492.86714335716783, 2853.0464026893665
492.8971448572429, 2853.2590281403736
492.92714635731784, 2853.4710475707693
492.9571478573929, 2853.6824608253582
492.98714935746784, 2853.8932677537027
493.0171508575429, 2854.10346821013
493.04715235761785, 2854.3130620537204
493.0771538576929, 2854.5220491483055
493.10715535776785, 2854.7304293624607
493.1371568578429, 2854.938202569509
493.16715835791786, 2855.1453686475033
493.1971598579929, 2855.3519274792347
493.2271613580679, 2855.557878952217
493.2571628581429, 2855.7632229586893
493.2871643582179, 2855.9679593956057
493.3171658582929, 2856.1720881646356
493.3471673583679, 2856.3756091721543
493.37716885844293, 2856.57852232924
493.40717035851793, 2856.7808275516686
493.43717185859293, 2856.9825247599083
493.46717335866794, 2857.1836138791114
493.49717485874294, 2857.384094839117
493.52717635881794, 2857.583967574438
493.55717785889294, 2857.783232024256
493.58717935896794, 2857.981888132422
493.61718085904295, 2858.179935847444
493.64718235911795, 2858.3773751224894
493.67718385919295, 2858.5742059153663
493.70718535926795, 2858.7704281885344
493.73718685934296, 2858.966041909088
493.76718835941796, 2859.1610470487503
493.79718985949296, 2859.3554435838764
493.827191359568, 2859.5492314954377
493.85719285964296, 2859.7424107690185
493.887194359718, 2859.9349813948193
493.91719585979297, 2860.126943367633
493.947197359868, 2860.3182966868567
493.977198859943, 2860.509041356474
494.00720036001803, 2860.6991773850564
494.037201860093, 2860.8887047857493
494.06720336016804, 2861.077623576271
494.097204860243, 2861.265933778907
494.12720636031804, 2861.4536354205034
494.157207860393, 2861.640728532454
494.18720936046805, 2861.827213150705
494.217210860543, 2862.0130893157384
494.24721236061805, 2862.1983570725733
494.277213860693, 2862.3830164707506
494.30721536076805, 2862.5670675643382
494.337216860843, 2862.7505104119114
494.36721836091806, 2862.933345076557
494.39721986099306, 2863.115571625861
494.42722136106806, 2863.2971901318992
494.45722286114307, 2863.4782006712403
494.48722436121807, 2863.658603324928
494.51722586129307, 2863.838398178482
494.5472273613681, 2864.017585321884
494.5772288614431, 2864.1961648495762
494.6072303615181, 2864.3741368604547
494.6372318615931, 2864.5515014578564
494.6672333616681, 2864.7282587495597
494.6972348617431, 2864.9044088477685
494.7272363618181, 2865.0799518691124
494.7572378618931, 2865.2548879346377
494.7872393619681, 2865.4292171697957
494.8172408620431, 2865.6029397044413
494.8472423621181, 2865.7760556728203
494.8772438621931, 2865.9485652135677
494.9072453622681, 2866.1204684696945
494.93724686234316, 2866.2917655885826
494.9672483624181, 2866.4624567219776
494.99724986249316, 2866.6325420259814
495.0272513625681, 2866.8020216610416
495.05725286264317, 2866.970895791949
495.0872543627181, 2867.1391645878216
495.1172558627932, 2867.306828222108
495.1472573628681, 2867.47388687257
495.1772588629432, 2867.6403407212774
495.2072603630181, 2867.8061899546024
495.2372618630932, 2867.9714347632093
495.2672633631681, 2868.136075342045
495.2972648632432, 2868.300111890336
495.32726636331813, 2868.4635446115753
495.3572678633932, 2868.6263737135178
495.38726936346814, 2868.7885994081676
495.4172708635432, 2868.9502219117744
495.44727236361814, 2869.1112414448216
495.4772738636932, 2869.2716582320218
495.5072753637682, 2869.431472502306
495.5372768638432, 2869.5906844888113
495.5672783639182, 2869.749294428884
495.5972798639932, 2869.907302564056
495.6272813640682, 2870.064709140048
495.6572828641432, 2870.2215144067563
495.6872843642182, 2870.3777186182424
495.7172858642932, 2870.53332203273
495.7472873643682, 2870.688324912591
495.7772888644432, 2870.842727524336
495.8072903645182, 2870.9965301386133
495.8372918645932, 2871.14973303019
495.8672933646682, 2871.302336477951
495.89729486474323, 2871.454340764885
495.92729636481823, 2871.6057461780783
495.95729786489323, 2871.756553008706
495.98729936496824, 2871.9067615520194
496.01730086504324, 2872.056372107345
496.04730236511824, 2872.2053849780596
496.07730386519324, 2872.3538004716033
496.1073053652683, 2872.5016188994514
496.13730686534325, 2872.648840577113
496.1673083654183, 2872.795465824123
496.19730986549325, 2872.941494964028
496.2273113655683, 2873.0869283243837
496.25731286564326, 2873.2317662367363
496.2873143657183, 2873.376009036623
496.31731586579326, 2873.5196570635558
496.3473173658683, 2873.662710661014
496.37731886594327, 2873.8051701764352
496.4073203660183, 2873.947035961205
496.43732186609327, 2874.0883083706467
496.46732336616833, 2874.228987764016
496.4973248662433, 2874.369074504483
496.52732636631833, 2874.5085689591315
496.5573278663933, 2874.647471498943
496.58732936646834, 2874.7857824987923
496.61733086654334, 2874.9235023374285
496.64733236661834, 2875.060631397477
496.67733386669335, 2875.197170065422
496.70733536676835, 2875.333118731596
496.73733686684335, 2875.4684777901766
496.76733836691835, 2875.603247639168
496.79733986699335, 2875.737428680395
496.82734136706836, 2875.8710213194977
496.85734286714336, 2876.004025965912
496.88734436721836, 2876.136443032867
496.91734586729336, 2876.26827293737
496.94734736736837, 2876.399516100199
496.97734886744337, 2876.530172945893
497.00735036751837, 2876.660243902739
497.0373518675934, 2876.789729402764
497.0673533676684, 2876.918629881723
497.0973548677434, 2877.0469457790923
497.1273563678184, 2877.174677538051
497.1573578678934, 2877.3018256054834
497.1873593679684, 2877.428390431953
497.21736086804344, 2877.554372471707
497.2473623681184, 2877.6797721826547
497.27736386819345, 2877.804590026363
497.3073653682684, 2877.9288264680413
497.33736686834345, 2878.0524819765383
497.3673683684184, 2878.1755570243213
497.39736986849346, 2878.298052087475
497.4273713685684, 2878.4199676456833
497.45737286864346, 2878.541304182224
497.4873743687184, 2878.6620621839556
497.51737586879347, 2878.782242141307
497.5473773688684, 2878.901844548263
497.57737886894347, 2879.020869902363
497.6073803690184, 2879.139318704678
497.6373818690935, 2879.2571914598093
497.6673833691684, 2879.3744886758727
497.6973848692435, 2879.4912108644908
497.7273863693184, 2879.607358540775
497.7573878693935, 2879.722932223325
497.7873893694685, 2879.8379324342077
497.8173908695435, 2879.9523596989534
497.8473923696185, 2880.06621454654
497.8773938696935, 2880.1794975093853
497.9073953697685, 2880.2922091233336
497.9373968698435, 2880.4043499276436
497.9673983699185, 2880.515920464981
497.9973998699935, 2880.6269212814036
498.0274013700685, 2880.73735292635
498.0574028701435, 2880.8472159526327
498.0874043702185, 2880.956510916421
498.1174058702935, 2881.065238377233
498.1474073703685, 2881.173398897925
498.1774088704435, 2881.2809930446765
498.2074103705185, 2881.38802138698
498.2374118705935, 2881.494484497634
498.2674133706685, 2881.6003829527244
498.2974148707435, 2881.7057173316175
498.3274163708186, 2881.8104882169487
498.3574178708935, 2881.914696194607
498.3874193709686, 2882.0183418537285
498.41742087104353, 2882.1214257866795
498.4474223711186, 2882.223948589051
498.47742387119354, 2882.32591085964
498.5074253712686, 2882.427313200444
498.53742687134354, 2882.528156216646
498.5674283714186, 2882.6284405166034
498.59742987149355, 2882.7281667118355
498.6274313715686, 2882.8273354170137
498.65743287164355, 2882.9259472499475
498.6874343717186, 2883.0240028315743
498.71743587179355, 2883.121502785947
498.7474373718686, 2883.218447740221
498.77743887194356, 2883.3148383246435
498.8074403720186, 2883.410675172542
498.83744187209356, 2883.5059589203106
498.8674433721686, 2883.600690207402
498.8974448722436, 2883.6948696763075
498.9274463723186, 2883.7884979725536
498.95744787239363, 2883.881575744686
498.98744937246863, 2883.974103644258
499.01745087254363, 2884.066082325818
499.04745237261864, 2884.157512446896
499.07745387269364, 2884.2483946679977
499.10745537276864, 2884.338729652583
499.13745687284364, 2884.4285180670613
499.16745837291865, 2884.517760580777
499.19745987299365, 2884.6064578659953
499.22746137306865, 2884.6946105978936
499.25746287314365, 2884.782219454545
499.28746437321865, 2884.869285116911
499.31746587329366, 2884.9558082688245
499.34746737336866, 2885.0417895969804
499.37746887344366, 2885.1272297909227
499.40747037351866, 2885.212129543031
499.43747187359367, 2885.2964895485097
499.46747337366867, 2885.380310505375
499.4974748737437, 2885.463593114441
499.5274763738187, 2885.5463380793117
499.55747787389373, 2885.6285461063626
499.5874793739687, 2885.7102179047324
499.61748087404374, 2885.791354186309
499.6474823741187, 2885.871955665719
499.67748387419374, 2885.9520230603102
499.7074853742687, 2886.0315570901453
499.73748687434374, 2886.1105584779853
499.7674883744187, 2886.189027949279
499.79748987449375, 2886.2669662321478
499.8274913745687, 2886.344374057376
499.85749287464375, 2886.421252158398
499.8874943747187, 2886.497601271282
499.91749587479376, 2886.573422134722
499.9474973748687, 2886.6487154900233
499.97749887494376, 2886.7234820810895
500.00750037501876, 2886.7977226544094
500.03750187509377, 2886.871437959044
500.06750337516877, 2886.944628746618
500.09750487524377, 2887.017295771301
500.1275063753188, 2887.089439789798
500.1575078753938, 2887.161061561337
500.1875093754688, 2887.2321618476553
500.2175108755438, 2887.302741412985
500.2475123756188, 2887.3728010240447
500.2775138756938, 2887.442341450022
500.3075153757688, 2887.5113634625636
500.3375168758438, 2887.579867835762
500.3675183759188, 2887.647855346141
500.3975198759938, 2887.7153267726426
500.4275213760688, 2887.782282896621
500.4575228761438, 2887.848724501817
500.4875243762188, 2887.914652374358
500.5175258762938, 2887.980067302736
500.5475273763688, 2888.0449700778004
500.5775288764438, 2888.1093614927404
500.60753037651887, 2888.1732423430767
500.6375318765938, 2888.2366134266445
500.66753337666887, 2888.299475543582
500.6975348767438, 2888.3618294963194
500.7275363768189, 2888.423676089562
500.7575378768938, 2888.4850161302816
500.7875393769689, 2888.5458504276985
500.8175408770438, 2888.606179793274
500.8475423771189, 2888.6660050406917
500.87754387719383, 2888.7253269858493
500.9075453772689, 2888.784146446844
500.93754687734383, 2888.842464243955
500.9675483774189, 2888.9002811996397
500.99754987749384, 2888.95759813851
501.0275513775689, 2889.01441588733
501.05755287764384, 2889.0707352749923
501.0875543777189, 2889.126557132512
501.11755587779385, 2889.181882293013
501.1475573778689, 2889.236711591711
501.1775588779439, 2889.291045865903
501.2075603780189, 2889.344885954955
501.2375618780939, 2889.3982327002877
501.2675633781689, 2889.4510869453607
501.2975648782439, 2889.5034495356676
501.3275663783189, 2889.5553213187104
501.3575678783939, 2889.606703143997
501.3875693784689, 2889.657595863024
501.4175708785439, 2889.708000329263
501.44757237861893, 2889.7579173981476
501.47757387869393, 2889.807347927061
501.50757537876893, 2889.8562927753223
501.53757687884394, 2889.9047528041733
501.56757837891894, 2889.952728876766
501.59757987899394, 2890.0002218581462
501.62758137906894, 2890.047232615245
501.65758287914394, 2890.0937620168634
501.68758437921895, 2890.139810933658
501.717585879294, 2890.185380238128
501.74758737936895, 2890.2304708046045
501.777588879444, 2890.2750835092324
501.80759037951896, 2890.319219229963
501.837591879594, 2890.3628788465367
501.86759337966896, 2890.4060632404685
501.897594879744, 2890.4487732950415
501.92759637981897, 2890.4910098952846
501.957597879894, 2890.532773927966
501.98759937996897, 2890.574066281578
502.01760088004403, 2890.614887846322
502.047602380119, 2890.6552395140957
502.07760388019403, 2890.695122178483
502.107605380269, 2890.734536734737
502.13760688034404, 2890.7734840797675
502.167608380419, 2890.811965112128
502.19760988049404, 2890.8499807320036
502.227611380569, 2890.887531841196
502.25761288064405, 2890.924619343111
502.28761438071905, 2890.9612441427435
502.31761588079405, 2890.997407146668
502.34761738086905, 2891.0331092630204
502.37761888094406, 2891.06835140149
502.40762038101906, 2891.1031344733
502.43762188109406, 2891.1374593911996
502.46762338116906, 2891.1713270694486
502.49762488124406, 2891.2047384238026
502.52762638131907, 2891.237694371503
502.55762788139407, 2891.2701958312605
502.58762938146907, 2891.3022437232426
502.6176308815441, 2891.3338389690616
502.6476323816191, 2891.36498249176
502.6776338816941, 2891.3956752157987
502.7076353817691, 2891.4259180670397
502.7376368818441, 2891.4557119727388
502.7676383819191, 2891.485057861526
502.7976398819941, 2891.513956663398
502.8276413820691, 2891.5424093097
502.8576428821441, 2891.570416733115
502.88764438221915, 2891.5979798676512
502.9176458822941, 2891.6250996486256
502.94764738236915, 2891.6517770126534
502.9776488824441, 2891.678012897633
503.00765038251916, 2891.703808242735
503.0376518825941, 2891.729163988385
503.06765338266916, 2891.7540810762557
503.0976548827441, 2891.7785604492483
503.12765638281917, 2891.8026030514816
503.1576578828941, 2891.8262098282785
503.1876593829692, 2891.8493817261538
503.2176608830441, 2891.8721196927986
503.2476623831192, 2891.894424677069
503.2776638831941, 2891.9162976289717
503.3076653832692, 2891.937739499651
503.3376668833441, 2891.958751241376
503.3676683834192, 2891.979333807526
503.3976698834942, 2891.999488152579
503.4276713835692, 2892.0192152320983
503.4576728836442, 2892.0385160027163
503.4876743837192, 2892.057391422125
503.5176758837942, 2892.0758424490614
503.5476773838692, 2892.0938700432926
503.5776788839442, 2892.111475165606
503.6076803840192, 2892.128658777792
503.6376818840942, 2892.1454218426343
503.6676833841692, 2892.1617653238955
503.6976848842442, 2892.1776901863027
503.7276863843192, 2892.1931973955348
503.7576878843942, 2892.2082879182108
503.7876893844692, 2892.2229627218753
503.8176908845442, 2892.2372227749843
503.8476923846192, 2892.251069046896
503.8776938846942, 2892.264502507852
503.9076953847692, 2892.2775241289683
503.93769688484423, 2892.2901348822197
503.96769838491923, 2892.3023357404304
503.9976998849943, 2892.314127677255
504.02770138506924, 2892.3255116671708
504.0577028851443, 2892.336488685462
504.08770438521924, 2892.347059708206
504.1177058852943, 2892.357225712263
504.14770738536924, 2892.3669876752597
504.1777088854443, 2892.3763465755783
504.20771038551925, 2892.3853033923433
504.2377118855943, 2892.3938591054075
504.26771338566925, 2892.4020146953394
504.2977148857443, 2892.4097711434097
504.32771638581926, 2892.41712943158
504.3577178858943, 2892.4240905424867
504.38771938596926, 2892.430655459431
504.4177208860443, 2892.4368251663636
504.44772238611927, 2892.4426006478734
504.4777238861943, 2892.4479828891745
504.50772538626927, 2892.45297287609
504.53772688634433, 2892.4575715950436
504.56772838641933, 2892.461780033045
504.59772988649434, 2892.465599177674
504.62773138656934, 2892.469030017072
504.65773288664434, 2892.472073539926
504.68773438671934, 2892.4747307354573
504.71773588679434, 2892.477002593409
504.74773738686935, 2892.47889010403
504.77773888694435, 2892.4803942580656
504.80774038701935, 2892.4815160467433
504.83774188709435, 2892.482256461759
504.86774338716936, 2892.4826164952665
504.89774488724436, 2892.4825971398614
504.92774638731936, 2892.482199388572
504.95774788739436, 2892.4814242348425
504.98774938746936, 2892.480272672524
505.01775088754437, 2892.4787456958593
505.04775238761937, 2892.4768442994705
505.07775388769437, 2892.4745694783464
505.10775538776943, 2892.471922227831
505.1377568878444, 2892.4689035436077
505.16775838791943, 2892.46551442169
505.1977598879944, 2892.4617558584073
505.22776138806944, 2892.4576288503918
505.2577628881444, 2892.453134394566
505.28776438821944, 2892.4482734881294
505.3177658882944, 2892.4430471285496
505.34776738836945, 2892.437456313543
505.3777688884444, 2892.4315020410686
505.40777038851945, 2892.4251853093115
505.4377718885944, 2892.418507116672
505.46777338866946, 2892.411468461752
505.4977748887444, 2892.404070343344
505.52777638881946, 2892.396313760415
505.5577778888944, 2892.3881997121007
505.58777938896947, 2892.379729197685
505.6177808890444, 2892.3709032165916
505.64778238911947, 2892.3617227683744
505.6777838891945, 2892.3521888526975
505.7077853892695, 2892.34230246933
505.7377868893445, 2892.3320646181296
505.7677883894195, 2892.321476299031
505.7977898894945, 2892.310538512034
505.8277913895695, 2892.2992522571903
505.8577928896445, 2892.287618534592
505.8877943897195, 2892.2756383443593
505.9177958897945, 2892.263312686627
505.9477973898695, 2892.250642561533
505.9777988899445, 2892.2376289692065
506.0078003900195, 2892.224272909754
506.0378018900945, 2892.2105753832484
506.0678033901695, 2892.196537389718
506.0978048902445, 2892.182159929131
506.1278063903195, 2892.1674440013853
506.1578078903945, 2892.152390606297
506.1878093904695, 2892.137000743586
506.2178108905445, 2892.121275412867
506.2478123906195, 2892.105215613633
506.2778138906946, 2892.0888223452475
506.3078153907695, 2892.0720966069293
506.3378168908446, 2892.0550393977433
506.3678183909195, 2892.037651716585
506.3978198909946, 2892.0199345621713
506.42782139106953, 2892.0018889330277
506.4578228911446, 2891.983515827475
506.48782439121953, 2891.9648162436188
506.5178258912946, 2891.945791179337
506.54782739136954, 2891.926441632269
506.5778288914446, 2891.9067685998007
506.60783039151954, 2891.886773079056
506.6378318915946, 2891.866456066884
506.66783339166955, 2891.8458185598442
506.6978348917446, 2891.8248615542
506.72783639181955, 2891.8035860459026
506.7578378918946, 2891.78199303058
506.7878393919696, 2891.760083503527
506.8178408920446, 2891.737858459691
506.8478423921196, 2891.715318893663
506.8778438921946, 2891.6924657996638
506.9078453922696, 2891.669300171531
506.9378468923446, 2891.645823002713
506.9678483924196, 2891.6220352862492
506.9978498924946, 2891.5979380147664
507.02785139256963, 2891.573532180461
507.05785289264463, 2891.5488187750916
507.08785439271963, 2891.523798789965
507.11785589279464, 2891.498473215925
507.14785739286964, 2891.472843043342
507.17785889294464, 2891.4469092621007
507.20786039301964, 2891.420672861588
507.23786189309465, 2891.3941348306835
507.26786339316965, 2891.3672961577454
507.29786489324465, 2891.3401578306016
507.32786639331965, 2891.3127208365368
507.35786789339465, 2891.2849861622817
507.3878693934697, 2891.256954794001
507.41787089354466, 2891.2286277172843
507.4478723936197, 2891.2000059171305
507.47787389369466, 2891.1710903779413
507.5078753937697, 2891.141882083507
507.53787689384467, 2891.1123820169964
507.5678783939197, 2891.082591160945
507.5978798939947, 2891.0525104972444
507.62788139406973, 2891.0221410071304
507.6578828941447, 2890.9914836711732
507.68788439421974, 2890.9605394692644
507.7178858942947, 2890.929309380608
507.74788739436974, 2890.8977943837085
507.7778888944447, 2890.865995456358
507.80789039451975, 2890.833913575629
507.8378918945947, 2890.8015497178603
507.86789339466975, 2890.768904858647
507.8978948947447, 2890.7359799728306
507.92789639481975, 2890.7027760344854
507.95789789489476, 2890.6692940169114
507.98789939496976, 2890.6355348926204
508.01790089504476, 2890.601499633327
508.04790239511976, 2890.5671892099353
508.07790389519477, 2890.5326045925326
508.10790539526977, 2890.497746750373
508.13790689534477, 2890.462616651873
508.1679083954198, 2890.427215264593
508.1979098954948, 2890.3915435552353
508.2279113955698, 2890.355602489627
508.2579128956448, 2890.3193930327125
508.2879143957198, 2890.282916148541
508.3179158957948, 2890.246172800258
508.3479173958698, 2890.209163950093
508.3779188959448, 2890.171890559351
508.4079203960198, 2890.1343535883993
508.4379218960948, 2890.0965539966587
508.4679233961698, 2890.058492742594
508.49792489624485, 2890.020170783701
508.5279263963198, 2889.981589076499
508.55792789639486, 2889.9427485765177
508.5879293964698, 2889.90365023829
508.61793089654486, 2889.8642950153385
508.6479323966198, 2889.824683860167
508.67793389669487, 2889.784817724251
508.7079353967698, 2889.7446975580256
508.7379368968449, 2889.7043243108756
508.7679383969198, 2889.663698931127
508.7979398969949, 2889.6228223660364
508.8279413970698, 2889.5816955617784
508.8579428971449, 2889.540319463439
508.8879443972198, 2889.498695015005
508.9179458972949, 2889.4568231593503
508.94794739736983, 2889.4147048382306
508.9779488974449, 2889.372340992272
509.00795039751983, 2889.3297325609587
509.0379518975949, 2889.286880482627
509.0679533976699, 2889.2437856944525
509.0979548977449, 2889.2004491324415
509.1279563978199, 2889.156871731421
509.1579578978949, 2889.113054425028
509.1879593979699, 2889.068998145703
509.2179608980449, 2889.0247038246753
509.2479623981199, 2888.9801723919572
509.2779638981949, 2888.9354047763336
509.3079653982699, 2888.8904019053507
509.3379668983449, 2888.8451647053084
509.3679683984199, 2888.7996941012498
509.3979698984949, 2888.753991016952
509.4279713985699, 2888.708056374916
509.4579728986449, 2888.6618910963575
509.4879743987199, 2888.615496101198
509.51797589879493, 2888.5688723080552
509.54797739886993, 2888.522020634233
509.57797889894493, 2888.474941995712
509.60798039901994, 2888.427637307142
509.63798189909494, 2888.3801074818302
509.66798339917, 2888.3323534317346
509.69798489924494, 2888.2843760674523
509.72798639932, 2888.236176298211
509.75798789939495, 2888.187755031862
509.78798939947, 2888.1391131748665
509.81799089954495, 2888.090251632292
509.84799239962, 2888.0411713077992
509.87799389969496, 2887.991873103634
509.90799539977, 2887.9423579206195
509.93799689984496, 2887.892626658146
509.96799839992, 2887.842680214162
509.99799989999497, 2887.792519485166
510.02800140007, 2887.7421453661973
510.05800290014497, 2887.6915587508265
510.08800440022003, 2887.640760531148
510.118005900295, 2887.58975159777
510.14800740037003, 2887.538532839806
510.17800890044504, 2887.487105144867
510.20801040052004, 2887.4354693990526
510.23801190059504, 2887.3836264869396
510.26801340067004, 2887.3315772915785
510.29801490074504, 2887.2793226944796
510.32801640082005, 2887.2268635756086
510.35801790089505, 2887.174200813375
510.38801940097005, 2887.1213352846266
510.41802090104505, 2887.068267864638
510.44802240112006, 2887.0149994271037
510.47802390119506, 2886.9615308441303
510.50802540127006, 2886.907862986227
510.53802690134506, 2886.853996722298
510.56802840142007, 2886.799932919633
510.59802990149507, 2886.7456724439007
510.62803140157007, 2886.69121615914
510.6580329016451, 2886.63656492775
510.6880344017201, 2886.5817196104845
510.7180359017951, 2886.526681066443
510.7480374018701, 2886.471450153061
510.77803890194514, 2886.4160277261044
510.8080404020201, 2886.36041463966
510.83804190209514, 2886.3046117461276
510.8680434021701, 2886.2486198962124
510.89804490224515, 2886.192439938917
510.9280464023201, 2886.1360727215324
510.95804790239515, 2886.0795190896333
510.9880494024701, 2886.022779887066
511.01805090254516, 2885.965855955944
511.0480524026201, 2885.9087481366387
511.07805390269516, 2885.8514572677714
511.1080554027701, 2885.793984186207
511.13805690284516, 2885.736329727045
511.1680584029201, 2885.678494723612
511.19805990299517, 2885.6204800074556
511.2280614030701, 2885.562286408335
511.2580629031452, 2885.503914754214
511.2880644032201, 2885.4453658712537
511.3180659032952, 2885.386640583806
511.3480674033702, 2885.3277397144047
511.3780689034452, 2885.2686640837583
511.4080704035202, 2885.209414510743
511.4380719035952, 2885.1499918123964
511.4680734036702, 2885.090396803908
511.4980749037452, 2885.030630298614
511.5280764038202, 2884.9706931079895
511.5580779038952, 2884.91058604164
511.5880794039702, 2884.8503099072955
511.6180809040452, 2884.7898655108047
511.6480824041202, 2884.7292536561254
511.6780839041952, 2884.668475145319
511.7080854042702, 2884.607530778542
511.7380869043452, 2884.546421354041
511.7680884044202, 2884.4851476681447
511.7980899044952, 2884.423710515258
511.8280914045702, 2884.3621106878522
511.8580929046452, 2884.300348976463
511.8880944047203, 2884.2384261696784
511.9180959047952, 2884.1763430541364
511.9480974048703, 2884.114100414516
511.9780989049452, 2884.0516990335304
512.0081004050203, 2883.9891396919215
512.0381019050952, 2883.926423168452
512.0681034051703, 2883.8635502399006
512.0981049052452, 2883.800521681054
512.1281064053203, 2883.7373382646992
512.1581079053952, 2883.6740007616218
512.1881094054703, 2883.6105099405936
512.2181109055452, 2883.54686656837
512.2481124056203, 2883.4830714096834
512.2781139056952, 2883.4191252272344
512.3081154057703, 2883.355028781689
512.3381169058453, 2883.2907828316693
512.3681184059203, 2883.226388133749
512.3981199059953, 2883.1618454424474
512.4281214060703, 2883.097155510222
512.4581229061453, 2883.0323190874624
512.4881244062203, 2882.967336922486
512.5181259062954, 2882.9022097615307
512.5481274063703, 2882.836938348749
512.5781289064453, 2882.771523426201
512.6081304065203, 2882.7059657338505
512.6381319065954, 2882.640266009558
512.6681334066703, 2882.5744249890763
512.6981349067453, 2882.508443406041
512.7281364068203, 2882.4423219919677
512.7581379068954, 2882.3760614762473
512.7881394069703, 2882.3096625861376
512.8181409070453, 2882.243126046758
512.8481424071203, 2882.1764525810854
512.8781439071954, 2882.1096429099475
512.9081454072704, 2882.0426977520183
512.9381469073453, 2881.975617823811
512.9681484074204, 2881.908403839672
512.9981499074954, 2881.8410565117792
513.0281514075704, 2881.773576550133
513.0581529076454, 2881.7059646625517
513.0881544077204, 2881.6382215546673
513.1181559077954, 2881.5703479299186
513.1481574078704, 2881.502344489548
513.1781589079454, 2881.434211932592
513.2081604080204, 2881.365950955884
513.2381619080954, 2881.297562254039
513.2681634081704, 2881.229046519457
513.2981649082454, 2881.160404442313
513.3281664083204, 2881.0916367105547
513.3581679083954, 2881.0227440098943
513.3881694084704, 2880.953727023809
513.4181709085454, 2880.884586433528
513.4481724086204, 2880.8153229180366
513.4781739086955, 2880.7459371540635
513.5081754087704, 2880.676429816082
513.5381769088455, 2880.6068015763008
513.5681784089204, 2880.537053104662
513.5981799089955, 2880.4671850688355
513.6281814090705, 2880.3971981342133
513.6581829091455, 2880.327092963908
513.6881844092204, 2880.2568702187436
513.7181859092955, 2880.186530557254
513.7481874093705, 2880.1160746356795
513.7781889094455, 2880.045503107959
513.8081904095204, 2879.9748166257277
513.8381919095955, 2879.904015838312
513.8681934096705, 2879.833101392725
513.8981949097455, 2879.7620739336644
513.9281964098204, 2879.6909341035043
513.9581979098955, 2879.619682542293
513.9881994099705, 2879.548319887749
514.0182009100455, 2879.4768467752583
514.0482024101204, 2879.4052638378657
514.0782039101955, 2879.333571706274
514.1082054102706, 2879.261771008841
514.1382069103455, 2879.1898623715724
514.1682084104206, 2879.1178464181194
514.1982099104955, 2879.0457237697747
514.2282114105706, 2878.9734950454676
514.2582129106455, 2878.901160861763
514.2882144107206, 2878.828721832853
514.3182159107955, 2878.7561785705566
514.3482174108706, 2878.683531684315
514.3782189109455, 2878.610781781188
514.4082204110206, 2878.5379294658496
514.4382219110955, 2878.464975340584
514.4682234111706, 2878.3919200052833
514.4982249112455, 2878.3187640574442
514.5282264113206, 2878.245508092162
514.5582279113955, 2878.172152702129
514.5882294114706, 2878.098698477632
514.6182309115455, 2878.0251460065456
514.6482324116206, 2877.951495874332
514.6782339116955, 2877.8777486640356
514.7082354117706, 2877.8039049562803
514.7382369118457, 2877.729965329267
514.7682384119206, 2877.6559303587696
514.7982399119956, 2877.5818006181307
514.8282414120706, 2877.5075766782597
514.8582429121457, 2877.4332591076313
514.8882444122206, 2877.358848472279
514.9182459122956, 2877.284345335793
514.9482474123706, 2877.209750259319
514.9782489124457, 2877.135063801554
515.0082504125206, 2877.060286518743
515.0382519125956, 2876.985418964675
515.0682534126706, 2876.910461690683
515.0982549127457, 2876.83541524564
515.1282564128206, 2876.760280175955
515.1582579128956, 2876.6850570255706
515.1882594129706, 2876.609746335961
515.2182609130457, 2876.5343486461306
515.2482624131206, 2876.458864492608
515.2782639131957, 2876.3832944094447
515.3082654132706, 2876.3076389282146
515.3382669133457, 2876.2318985780084
515.3682684134207, 2876.156073885434
515.3982699134957, 2876.0801653746107
515.4282714135707, 2876.0041735671693
515.4582729136457, 2875.928098982249
515.4882744137207, 2875.851942136496
515.5182759137957, 2875.775703544058
515.5482774138707, 2875.6993837165855
515.5782789139457, 2875.622983163228
515.6082804140207, 2875.5465023906318
515.6382819140957, 2875.4699419029375
515.6682834141707, 2875.3933022017786
515.6982849142457, 2875.316583786279
515.7282864143207, 2875.239787153051
515.7582879143957, 2875.1629127961937
515.7882894144707, 2875.0859612072895
515.8182909145457, 2875.0089328754043
515.8482924146208, 2874.9318282870836
515.8782939146957, 2874.8546479263523
515.9082954147707, 2874.777392274712
515.9382969148458, 2874.7000618111374
515.9682984149208, 2874.622657012079
515.9982999149958, 2874.5451783514573
516.0283014150707, 2874.467626300663
516.0583029151458, 2874.3900013285543
516.0883044152208, 2874.3123039014563
516.1183059152958, 2874.234534483159
516.1483074153707, 2874.1566935349156
516.1783089154458, 2874.07878151544
516.2083104155208, 2874.0007988809084
516.2383119155958, 2873.9227460849543
516.2683134156707, 2873.8446235786696
516.2983149157458, 2873.766431810601
516.3283164158208, 2873.688171226751
516.3583179158958, 2873.609842270576
516.3883194159707, 2873.531445382983
516.4183209160458, 2873.4529810023305
516.4483224161208, 2873.374449564428
516.4783239161958, 2873.295851502532
516.5083254162708, 2873.2171872473473
516.5383269163458, 2873.138457227025
516.5683284164209, 2873.059661867161
516.5983299164958, 2872.980801590797
516.6283314165709, 2872.901876818416
516.6583329166458, 2872.822887967946
516.6883344167209, 2872.7438354547535
516.7183359167958, 2872.6647196916488
516.7483374168709, 2872.5855410888794
516.7783389169458, 2872.506300054134
516.8083404170209, 2872.426996992538
516.8383419170958, 2872.347632306656
516.8683434171709, 2872.268206396488
516.8983449172458, 2872.188719659471
516.9283464173209, 2872.1091724904777
516.9583479173959, 2872.0295652818154
516.9883494174709, 2871.949898423227
517.0183509175458, 2871.8701723018885
517.0483524176209, 2871.7903873024093
517.078353917696, 2871.7105438068324
517.1083554177709, 2871.6306421946347
517.1383569178458, 2871.5506828427233
517.1683584179209, 2871.4706661254386
517.198359917996, 2871.390592414553
517.2283614180709, 2871.31046207927
517.2583629181458, 2871.2302754862244
517.2883644182209, 2871.1500329994815
517.318365918296, 2871.0697349805396
517.3483674183709, 2870.9893817883258
517.3783689184459, 2870.9089737791987
517.4083704185209, 2870.828511306948
517.438371918596, 2870.7479947227935
517.4683734186709, 2870.667424375387
517.4983749187459, 2870.58680061081
517.5283764188209, 2870.506123772574
517.558377918896, 2870.425394201624
517.5883794189709, 2870.3446122363357
517.618380919046, 2870.2637782125144
517.6483824191209, 2870.182892463399
517.678383919196, 2870.1019553196593
517.7083854192709, 2870.0209671093985
517.738386919346, 2869.939928158151
517.768388419421, 2869.8588387888854
517.798389919496, 2869.777699322003
517.828391419571, 2869.6965100753396
517.858392919646, 2869.6152713641645
517.888394419721, 2869.533983501183
517.918395919796, 2869.452646796534
517.948397419871, 2869.3712615577947
517.978398919946, 2869.2898280899776
518.008400420021, 2869.208346695533
518.038401920096, 2869.126817674348
518.068403420171, 2869.04524132375
518.098404920246, 2868.9636179385047
518.128406420321, 2868.8819478108194
518.158407920396, 2868.8002312303406
518.1884094204711, 2868.718468484158
518.218410920546, 2868.636659856805
518.248412420621, 2868.5548056302564
518.278413920696, 2868.472906083933
518.3084154207711, 2868.390961494702
518.338416920846, 2868.3089721368765
518.368418420921, 2868.226938282218
518.398419920996, 2868.144860199935
518.4284214210711, 2868.062738156689
518.458422921146, 2867.9805724165913
518.488424421221, 2867.8983632412055
518.5184259212961, 2867.8161108895483
518.5484274213711, 2867.733815618093
518.5784289214461, 2867.6514776807676
518.608430421521, 2867.5690973289584
518.6384319215961, 2867.48667481151
518.6684334216711, 2867.4042103747283
518.6984349217461, 2867.32170426238
518.7284364218211, 2867.239156715696
518.7584379218961, 2867.156567973371
518.7884394219711, 2867.073938271565
518.8184409220461, 2866.9912678439096
518.8484424221211, 2866.908556921501
518.8784439221961, 2866.8258057329103
518.9084454222711, 2866.7430145041785
518.9384469223461, 2866.660183458823
518.9684484224211, 2866.5773128178366
518.9984499224961, 2866.49440279969
519.0284514225712, 2866.411453620333
519.0584529226461, 2866.3284654931977
519.0884544227212, 2866.2454386291993
519.1184559227961, 2866.1623732367384
519.1484574228712, 2866.079269521703
519.1784589229461, 2865.9961276874687
519.2084604230212, 2865.9129479349044
519.2384619230961, 2865.8297304623716
519.2684634231712, 2865.7464754657253
519.2984649232462, 2865.6631831383193
519.3284664233212, 2865.5798536710076
519.3584679233961, 2865.4964872521437
519.3884694234712, 2865.4130840675857
519.4184709235462, 2865.3296443006975
519.4484724236212, 2865.2461681323525
519.4784739236961, 2865.1626557409327
519.5084754237712, 2865.079107302334
519.5384769238462, 2864.9955229899656
519.5684784239212, 2864.911902974757
519.5984799239961, 2864.8282474251555
519.6284814240712, 2864.744556507131
519.6584829241463, 2864.660830384179
519.6884844242212, 2864.5770692173214
519.7184859242961, 2864.4932731651097
519.7484874243712, 2864.409442383628
519.7784889244463, 2864.3255770264964
519.8084904245212, 2864.2416772448705
519.8384919245963, 2864.1577431874475
519.8684934246712, 2864.0737750004673
519.8984949247463, 2863.989772827714
519.9284964248212, 2863.9057368105227
519.9584979248963, 2863.8216670877764
519.9884994249712, 2863.7375637959144
520.0185009250463, 2863.6534270689313
520.0485024251212, 2863.569257038382
520.0785039251963, 2863.4850538333835
520.1085054252712, 2863.400817580618
520.1385069253463, 2863.316548404336
520.1685084254212, 2863.2322464263602
520.1985099254963, 2863.1479117660865
520.2285114255712, 2863.0635445404887
520.2585129256463, 2862.9791448641204
520.2885144257212, 2862.8947128491195
520.3185159257963, 2862.8102486052103
520.3485174258713, 2862.7257522397067
520.3785189259463, 2862.6412238575153
520.4085204260214, 2862.5566635611394
520.4385219260963, 2862.472071450682
520.4685234261713, 2862.387447623849
520.4985249262463, 2862.30279217595
520.5285264263214, 2862.218105199907
520.5585279263963, 2862.133386786253
520.5885294264713, 2862.0486370231383
520.6185309265463, 2861.9638559963314
520.6485324266214, 2861.879043789224
520.6785339266963, 2861.794200482835
520.7085354267713, 2861.7093261558134
520.7385369268463, 2861.6244208844405
520.7685384269214, 2861.539484742636
520.7985399269963, 2861.4545178019594
520.8285414270713, 2861.3695201316145
520.8585429271463, 2861.284491798454
520.8885444272214, 2861.1994328669803
520.9185459272963, 2861.1143433993534
520.9485474273714, 2861.0292234553904
520.9785489274464, 2860.9440730925726
521.0085504275214, 2860.858892366047
521.0385519275964, 2860.7736813286315
521.0685534276714, 2860.688440030818
521.0985549277464, 2860.6031685207768
521.1285564278214, 2860.5178668443596
521.1585579278964, 2860.4325350451045
521.1885594279714, 2860.3471731642394
521.2185609280464, 2860.261781240687
521.2485624281214, 2860.176359311066
521.2785639281964, 2860.090907409698
521.3085654282714, 2860.0054255686114
521.3385669283464, 2859.9199138175436
521.3685684284214, 2859.8343721839456
521.3985699284964, 2859.748800692989
521.4285714285714, 2859.663199367565
521.4585729286464, 2859.5775682282942
521.4885744287214, 2859.4919072935263
521.5185759287965, 2859.4062165793466
521.5485774288715, 2859.3204960995804
521.5785789289464, 2859.234745865796
521.6085804290215, 2859.14896588731
521.6385819290965, 2859.0631561711916
521.6685834291715, 2858.9773167222666
521.6985849292464, 2858.8914475431225
521.7285864293215, 2858.805548634111
521.7585879293965, 2858.719619993355
521.7885894294715, 2858.6336616167528
521.8185909295464, 2858.5476734979798
521.8485924296215, 2858.461655628496
521.8785939296965, 2858.3756079975497
521.9085954297715, 2858.2895305921825
521.9385969298464, 2858.2034233972313
521.9685984299215, 2858.117286395337
521.9985999299965, 2858.031119566946
522.0286014300715, 2857.9449228903172
522.0586029301465, 2857.8586963415237
522.0886044302215, 2857.772439894461
522.1186059302966, 2857.6861535208495
522.1486074303715, 2857.59983719024
522.1786089304466, 2857.5134908700184
522.2086104305215, 2857.4271145254097
522.2386119305966, 2857.340708119485
522.2686134306715, 2857.254271613165
522.2986149307466, 2857.1678049652237
522.3286164308215, 2857.081308132296
522.3586179308966, 2856.9947810688795
522.3886194309715, 2856.9082237273433
522.4186209310466, 2856.8216360579295
522.4486224311215, 2856.7350180087606
522.4786239311966, 2856.648369525843
522.5086254312715, 2856.5616905530724
522.5386269313466, 2856.4749810322387
522.5686284314215, 2856.3882409030343
522.5986299314966, 2856.301470103053
522.6286314315716, 2856.2146685678003
522.6586329316466, 2856.1278362306975
522.6886344317215, 2856.0409730230854
522.7186359317966, 2855.9540788742306
522.7486374318717, 2855.8671537113305
522.7786389319466, 2855.7801974595204
522.8086404320215, 2855.6932100418744
522.8386419320966, 2855.6061913794147
522.8686434321717, 2855.519141391116
522.8986449322466, 2855.432059993911
522.9286464323216, 2855.3449471026943
522.9586479323966, 2855.257802630328
522.9886494324717, 2855.17062648765
523.0186509325466, 2855.083418583477
523.0486524326216, 2854.996178824609
523.0786539326966, 2854.9089071158373
523.1086554327717, 2854.8216033599488
523.1386569328466, 2854.7342674577317
523.1686584329216, 2854.6468993079807
523.1986599329966, 2854.5594988075027
523.2286614330717, 2854.4720658511233
523.2586629331466, 2854.384600331691
523.2886644332217, 2854.2971021400845
523.3186659332966, 2854.2095711652164
523.3486674333717, 2854.12200729404
523.3786689334466, 2854.034410411556
523.4086704335217, 2853.9467804008154
523.4386719335967, 2853.8591171429293
523.4686734336717, 2853.77142051707
523.4986749337467, 2853.683690400481
523.5286764338217, 2853.5959266684786
523.5586779338967, 2853.508129194464
523.5886794339717, 2853.4202978499206
523.6186809340467, 2853.3324325044287
523.6486824341217, 2853.244533025664
523.6786839341967, 2853.1565992794094
523.7086854342717, 2853.068631129556
523.7386869343468, 2852.980628438111
523.7686884344217, 2852.892591065208
523.7986899344967, 2852.8045188691035
523.8286914345717, 2852.716411706192
523.8586929346468, 2852.6282694310066
523.8886944347217, 2852.5400918962287
523.9186959347967, 2852.4518789526905
523.9486974348717, 2852.3636304493825
523.9786989349468, 2852.2753462334613
524.0087004350218, 2852.1870261502536
524.0387019350967, 2852.0986700432627
524.0687034351718, 2852.010277754175
524.0987049352468, 2851.921849122867
524.1287064353218, 2851.833383987411
524.1587079353967, 2851.744882184078
524.1887094354718, 2851.65634354735
524.2187109355468, 2851.5677679099217
524.2487124356218, 2851.4791551027092
524.2787139356967, 2851.390504954854
524.3087154357718, 2851.301817293731
524.3387169358468, 2851.213091944955
524.3687184359218, 2851.1243287323864
524.3987199359968, 2851.0355274781364
524.4287214360718, 2850.9466880025757
524.4587229361468, 2850.8578101243393
524.4887244362218, 2850.7688936603336
524.5187259362968, 2850.679938425742
524.5487274363718, 2850.5909442340326
524.5787289364469, 2850.501910896963
524.6087304365218, 2850.4128382245894
524.6387319365969, 2850.3237260252695
524.6687334366718, 2850.2345741056724
524.6987349367469, 2850.1453822707817
524.7287364368218, 2850.056150323907
524.7587379368969, 2849.966878066684
524.7887394369718, 2849.8775652990876
524.8187409370469, 2849.7882118194325
524.8487424371218, 2849.698817424385
524.8787439371969, 2849.609381908966
524.9087454372718, 2849.51990506656
524.9387469373469, 2849.4303866889186
524.9687484374219, 2849.3408265661715
524.9987499374969, 2849.25122448683
525.0287514375718, 2849.1615802377937
525.0587529376469, 2849.0718936043595
525.088754437722, 2848.982164370226
525.1187559377969, 2848.8923923175025
525.1487574378718, 2848.8025772267124
525.1787589379469, 2848.7127188768027
525.208760438022, 2848.622817045151
525.2387619380969, 2848.5328715075707
525.2687634381718, 2848.442882038318
525.2987649382469, 2848.3528484100993
525.328766438322, 2848.262770394079
525.3587679383969, 2848.172647759884
525.3887694384719, 2848.0824802756124
525.4187709385469, 2847.9922677078393
525.448772438622, 2847.902009821625
525.4787739386969, 2847.811706380521
525.508775438772, 2847.7213571465763
525.5387769388469, 2847.6309618803457
525.568778438922, 2847.5405203408955
525.5987799389969, 2847.4500322858116
525.628781439072, 2847.3594974712064
525.6587829391469, 2847.268915651724
525.688784439222, 2847.1782865805494
525.7187859392969, 2847.087610009415
525.748787439372, 2846.996885688606
525.7787889394469, 2846.9061133669707
525.808790439522, 2846.8152927919227
525.838791939597, 2846.7244237094533
525.868793439672, 2846.6335058641353
525.898794939747, 2846.54253899913
525.928796439822, 2846.451522856197
525.958797939897, 2846.3604571756973
525.988799439972, 2846.2693416966044
526.018800940047, 2846.1781761565085
526.048802440122, 2846.0869602916255
526.0788039401971, 2845.9956938368023
526.108805440272, 2845.9043765255274
526.138806940347, 2845.8130080899327
526.168808440422, 2845.721588260806
526.1988099404971, 2845.6301167675956
526.228811440572, 2845.538593338417
526.258812940647, 2845.447017700062
526.288814440722, 2845.3553895780037
526.3188159407971, 2845.2637086964064
526.348817440872, 2845.1719747781312
526.378818940947, 2845.0801875447423
526.408820441022, 2844.988346716516
526.4388219410971, 2844.896452012448
526.468823441172, 2844.8045031502606
526.498824941247, 2844.7124998464087
526.528826441322, 2844.6204418160864
526.5588279413971, 2844.528328773239
526.5888294414721, 2844.436160430566
526.6188309415471, 2844.343936499529
526.6488324416221, 2844.2516566903596
526.6788339416971, 2844.159320712068
526.7088354417721, 2844.06692827245
526.7388369418471, 2843.9744790780896
526.7688384419221, 2843.881972834376
526.7988399419971, 2843.789409245501
526.8288414420721, 2843.696788014473
526.8588429421471, 2843.6041088431216
526.8888444422221, 2843.5113714321064
526.9188459422971, 2843.4185754809228
526.9488474423721, 2843.3257206879107
526.9788489424471, 2843.2328067502613
527.0088504425221, 2843.1398333640263
527.0388519425971, 2843.046800224122
527.0688534426721, 2842.9537070243396
527.0988549427472, 2842.8605534573517
527.1288564428221, 2842.7673392147212
527.1588579428972, 2842.6740639869045
527.1888594429722, 2842.580727463265
527.2188609430472, 2842.487329332076
527.2488624431221, 2842.3938692805305
527.2788639431972, 2842.300346994747
527.3088654432722, 2842.20676215978
527.3388669433472, 2842.1131144596234
527.3688684434221, 2842.019403577222
527.3988699434972, 2841.9256291944766
527.4288714435722, 2841.831790992252
527.4588729436472, 2841.7378886503866
527.4888744437221, 2841.6439218476958
527.5188759437972, 2841.5498902619834
527.5488774438722, 2841.4557935700473
527.5788789439472, 2841.361631447689
527.6088804440221, 2841.267403569718
527.6388819440972, 2841.173109609962
527.6688834441723, 2841.0787492412737
527.6988849442472, 2840.984322135539
527.7288864443223, 2840.889827963683
527.7588879443972, 2840.795266395679
527.7888894444723, 2840.700637100557
527.8188909445472, 2840.6059397464082
527.8488924446223, 2840.5111740003967
527.8788939446972, 2840.416339528764
527.9088954447723, 2840.3214359968374
527.9388969448472, 2840.226463069039
527.9688984449223, 2840.1314204088903
527.9988999449972, 2840.036307679026
528.0289014450723, 2839.9411245411925
528.0589029451472, 2839.845870656265
528.0889044452223, 2839.750545684248
528.1189059452972, 2839.655149284288
528.1489074453723, 2839.5596811146775
528.1789089454472, 2839.464140832865
528.2089104455223, 2839.368528095461
528.2389119455972, 2839.2728425582486
528.2689134456723, 2839.1770838761868
528.2989149457474, 2839.081251703423
528.3289164458223, 2838.9853456932965
528.3589179458972, 2838.88936549835
528.3889194459723, 2838.793310770333
528.4189209460474, 2838.697181160214
528.4489224461223, 2838.600976318186
528.4789239461973, 2838.504695893673
528.5089254462723, 2838.408339535341
528.5389269463474, 2838.3119068911024
528.5689284464223, 2838.215397608126
528.5989299464973, 2838.1188113328435
528.6289314465723, 2838.0221477109585
528.6589329466474, 2837.9254063874523
528.6889344467223, 2837.828587006594
528.7189359467973, 2837.7316892119466
528.7489374468723, 2837.6347126463743
528.7789389469474, 2837.537656952053
528.8089404470223, 2837.4405217704752
528.8389419470974, 2837.343306742458
528.8689434471723, 2837.246011508154
528.8989449472474, 2837.1486357070535
528.9289464473223, 2837.051178977999
528.9589479473974, 2836.953640959186
528.9889494474724, 2836.8560212881775
529.0189509475474, 2836.7583196019054
529.0489524476224, 2836.660535536684
529.0789539476974, 2836.5626687282133
529.1089554477724, 2836.46471881159
529.1389569478474, 2836.366685421312
529.1689584479224, 2836.2685681912903
529.1989599479974, 2836.1703667548527
529.2289614480724, 2836.072080744755
529.2589629481474, 2835.9737097931848
529.2889644482224, 2835.875253531775
529.3189659482974, 2835.7767115916045
529.3489674483724, 2835.6780836032126
529.3789689484474, 2835.5793691966023
529.4089704485225, 2835.4805680012505
529.4389719485974, 2835.381679646114
529.4689734486724, 2835.2827037596403
529.4989749487474, 2835.1836399697695
529.5289764488225, 2835.084487903949
529.5589779488975, 2834.9852471891377
529.5889794489724, 2834.885917451813
529.6189809490475, 2834.78649831798
529.6489824491225, 2834.68698941318
529.6789839491975, 2834.587390362497
529.7089854492724, 2834.4877007905643
529.7389869493475, 2834.3879203215756
529.7689884494225, 2834.2880485792903
529.7989899494975, 2834.1880851870415
529.8289914495724, 2834.088029767744
529.8589929496475, 2833.9878819439027
529.8889944497225, 2833.8876413376192
529.9189959497975, 2833.787307570602
529.9489974498724, 2833.6868802641693
529.9789989499475, 2833.5863590392623
530.0090004500225, 2833.4857435164504
530.0390019500975, 2833.385033315938
530.0690034501725, 2833.284228057574
530.0990049502475, 2833.183327360859
530.1290064503225, 2833.0823308449526
530.1590079503975, 2832.981238128682
530.1890094504726, 2832.8800488305474
530.2190109505475, 2832.778762568735
530.2490124506226, 2832.6773789611175
530.2790139506975, 2832.575897625268
530.3090154507726, 2832.4743181784647
530.3390169508475, 2832.3726402376988
530.3690184509226, 2832.270863419683
530.3990199509975, 2832.168987340859
530.4290214510726, 2832.067011617405
530.4590229511475, 2831.964935865243
530.4890244512226, 2831.8627597000477
530.5190259512976, 2831.7604827372534
530.5490274513726, 2831.658104592061
530.5790289514475, 2831.5556248794474
530.6090304515226, 2831.4530432141714
530.6390319515976, 2831.3503592107827
530.6690334516726, 2831.2475724836304
530.6990349517475, 2831.1446826468664
530.7290364518226, 2831.0416893144584
530.7590379518977, 2830.938592100195
530.7890394519726, 2830.835390617693
530.8190409520475, 2830.732084480406
530.8490424521226, 2830.62867330163
530.8790439521977, 2830.5251566945158
530.9090454522726, 2830.421534272072
530.9390469523476, 2830.3178056471743
530.9690484524226, 2830.213970432572
530.9990499524977, 2830.1100282408984
531.0290514525726, 2830.005978684676
531.0590529526476, 2829.9018213763243
531.0890544527226, 2829.7975559281685
531.1190559527977, 2829.6931819524466
531.1490574528726, 2829.5886990613167
531.1790589529477, 2829.4841068668643
531.2090604530226, 2829.3794049811113
531.2390619530977, 2829.274593016022
531.2690634531726, 2829.169670583512
531.2990649532477, 2829.064637295454
531.3290664533226, 2828.959492763688
531.3590679533977, 2828.854236600025
531.3890694534726, 2828.7488684162604
531.4190709535477, 2828.6433878241737
531.4490724536226, 2828.5377944355446
531.4790739536977, 2828.4320878621525
531.5090754537727, 2828.326267715791
531.5390769538477, 2828.220333608269
531.5690784539227, 2828.1142851514246
531.5990799539977, 2828.008121957127
531.6290814540727, 2827.901843637288
531.6590829541477, 2827.795449803866
531.6890844542227, 2827.6889400688783
531.7190859542977, 2827.582314044402
531.7490874543728, 2827.4755713425884
531.7790889544477, 2827.368711575665
531.8090904545227, 2827.2617343559464
531.8390919545977, 2827.154639295838
531.8690934546728, 2827.0474260078495
531.8990949547477, 2826.940094104596
531.9290964548227, 2826.832643198809
531.9590979548977, 2826.725072903342
531.9890994549728, 2826.6173828311807
532.0191009550477, 2826.509572595447
532.0491024551227, 2826.401641809408
532.0791039551978, 2826.2935900864827
532.1091054552728, 2826.185417040251
532.1391069553478, 2826.077122284461
532.1691084554227, 2825.968705433032
532.1991099554978, 2825.860166100067
532.2291114555728, 2825.7515038998586
532.2591129556478, 2825.6427184468957
532.2891144557228, 2825.5338093558694
532.3191159557978, 2825.424776241685
532.3491174558728, 2825.315618719462
532.3791189559478, 2825.2063364045493
532.4091204560228, 2825.0969289125264
532.4391219560978, 2824.9873958592148
532.4691234561728, 2824.8777368606807
532.4991249562478, 2824.7679515332484
532.5291264563228, 2824.6580394935013
532.5591279563978, 2824.5480003582934
532.5891294564728, 2824.437833744754
532.6191309565478, 2824.327539270297
532.6491324566229, 2824.2171165526265
532.6791339566978, 2824.106565209745
532.7091354567729, 2823.995884859959
532.7391369568478, 2823.885075121888
532.7691384569229, 2823.77413561447
532.7991399569978, 2823.663065956972
532.8291414570729, 2823.551865768991
532.8591429571479, 2823.4405346704675
532.8891444572229, 2823.3290722816896
532.9191459572978, 2823.217478223299
532.9491474573729, 2823.1057521163
532.9791489574479, 2822.9938935820664
533.0091504575229, 2822.881902242349
533.0391519575978, 2822.7697777192802
533.0691534576729, 2822.6575196353824
533.0991549577479, 2822.5451276135773
533.1291564578229, 2822.43260127719
533.1591579578978, 2822.319940249956
533.1891594579729, 2822.2071441560297
533.219160958048, 2822.094212619991
533.2491624581229, 2821.981145266853
533.2791639581978, 2821.8679417220665
533.3091654582729, 2821.754601611528
533.339166958348, 2821.641124561588
533.3691684584229, 2821.527510199059
533.399169958498, 2821.4137581512164
533.4291714585729, 2821.299868045812
533.459172958648, 2821.1858395110785
533.4891744587229, 2821.0716721757344
533.519175958798, 2820.957365668994
533.5491774588729, 2820.8429196205725
533.579178958948, 2820.728333660693
533.6091804590229, 2820.613607420094
533.639181959098, 2820.498740530035
533.6691834591729, 2820.3837326223047
533.699184959248, 2820.268583329226
533.7291864593229, 2820.1532922836664
533.759187959398, 2820.0378591190383
533.7891894594729, 2819.922283469314
533.819190959548, 2819.8065649690243
533.8491924596229, 2819.6907032532713
533.879193959698, 2819.5746979577316
533.909195459773, 2819.458548718666
533.939196959848, 2819.342255172921
533.9691984599231, 2819.2258169579422
533.999199959998, 2819.1092337117766
534.029201460073, 2818.9925050730794
534.059202960148, 2818.875630681121
534.0892044602231, 2818.758610175795
534.119205960298, 2818.641443197625
534.149207460373, 2818.524129387768
534.179208960448, 2818.4066683880224
534.2092104605231, 2818.289059840837
534.239211960598, 2818.171303389316
534.269213460673, 2818.0533986772225
534.299214960748, 2817.9353453489894
534.3292164608231, 2817.817143049724
534.359217960898, 2817.698791425215
534.389219460973, 2817.5802901219377
534.419220961048, 2817.461638787061
534.4492224611231, 2817.342837068455
534.479223961198, 2817.223884614697
534.5092254612731, 2817.104781075076
534.539226961348, 2816.985526099602
534.5692284614231, 2816.8661193390094
534.599229961498, 2816.746560444766
534.6292314615731, 2816.626849069078
534.6592329616481, 2816.5069848648964
534.6892344617231, 2816.386967485923
534.7192359617981, 2816.2667965866176
534.7492374618731, 2816.1464718222037
534.7792389619481, 2816.0259928486753
534.8092404620231, 2815.9053593228014
534.8392419620981, 2815.7845709021353
534.8692434621731, 2815.663627245017
534.8992449622481, 2815.5425280105837
534.9292464623231, 2815.4212728587713
534.9592479623981, 2815.299861450326
534.9892494624731, 2815.1782934468038
535.0192509625481, 2815.0565685105835
535.0492524626231, 2814.9346863048672
535.0792539626982, 2814.812646493691
535.1092554627731, 2814.690448741927
535.1392569628481, 2814.568092715292
535.1692584629232, 2814.445578080353
535.1992599629982, 2814.322904504532
535.2292614630732, 2814.200071656115
535.2592629631481, 2814.0770792042545
535.2892644632232, 2813.953926818976
535.3192659632982, 2813.8306141711882
535.3492674633732, 2813.707140932683
535.3792689634481, 2813.583506776146
535.4092704635232, 2813.4597113751583
535.4392719635982, 2813.335754404207
535.4692734636732, 2813.211635538688
535.4992749637481, 2813.087354454912
535.5292764638232, 2812.962910830112
535.5592779638982, 2812.838304342447
535.5892794639732, 2812.713534671011
535.6192809640482, 2812.5886014958337
535.6492824641232, 2812.4635044978922
535.6792839641982, 2812.3382433591114
535.7092854642732, 2812.2128177623754
535.7392869643483, 2812.0872273915256
535.7692884644232, 2811.961471931376
535.7992899644983, 2811.8355510677084
535.8292914645732, 2811.709464487288
535.8592929646483, 2811.583211877862
535.8892944647232, 2811.4567929281693
535.9192959647983, 2811.3302073279415
535.9492974648732, 2811.2034547679154
535.9792989649483, 2811.0765349398316
536.0093004650232, 2810.9494475364454
536.0393019650983, 2810.822192251528
536.0693034651732, 2810.694768779877
536.0993049652483, 2810.5671768173156
536.1293064653232, 2810.439416060705
536.1593079653983, 2810.3114862079433
536.1893094654733, 2810.183386957976
536.2193109655483, 2810.0551180107996
536.2493124656232, 2809.9266790674656
536.2793139656983, 2809.798069830088
536.3093154657734, 2809.669290001848
536.3393169658483, 2809.540339287
536.3693184659232, 2809.4112173908743
536.3993199659983, 2809.281924019885
536.4293214660734, 2809.152458881536
536.4593229661483, 2809.0228216844243
536.4893244662233, 2808.893012138244
536.5193259662983, 2808.763029953796
536.5493274663734, 2808.6328748429887
536.5793289664483, 2808.5025465188473
536.6093304665233, 2808.3720446955153
536.6393319665983, 2808.2413690882604
536.6693334666734, 2808.1105194134825
536.6993349667483, 2807.979495388716
536.7293364668233, 2807.8482967326354
536.7593379668983, 2807.7169231650605
536.7893394669734, 2807.5853744069623
536.8193409670483, 2807.4536501804682
536.8493424671234, 2807.321750208864
536.8793439671983, 2807.1896742166036
536.9093454672734, 2807.057421929309
536.9393469673483, 2806.9249930737806
536.9693484674234, 2806.7923873779973
536.9993499674983, 2806.6596045711253
537.0293514675734, 2806.526644383519
537.0593529676484, 2806.3935065467304
537.0893544677234, 2806.26019079351
537.1193559677984, 2806.126696857815
537.1493574678734, 2805.99302447481
537.1793589679484, 2805.8591733808785
537.2093604680234, 2805.725143313618
537.2393619680984, 2805.590934011855
537.2693634681734, 2805.456545215643
537.2993649682485, 2805.3219766662687
537.3293664683234, 2805.1872281062597
537.3593679683984, 2805.052299279384
537.3893694684734, 2804.917189930658
537.4193709685485, 2804.781899806352
537.4493724686234, 2804.6464286539936
537.4793739686984, 2804.5107762223697
537.5093754687734, 2804.374942261535
537.5393769688485, 2804.2389265228153
537.5693784689234, 2804.1027287588126
537.5993799689984, 2803.966348723407
537.6293814690735, 2803.8297861717638
537.6593829691485, 2803.693040860337
537.6893844692235, 2803.5561125468757
537.7193859692984, 2803.419000990425
537.7493874693735, 2803.2817059513322
537.7793889694485, 2803.1442271912524
537.8093904695235, 2803.006564473152
537.8393919695984, 2802.8687175613113
537.8693934696735, 2802.7306862213313
537.8993949697485, 2802.592470220137
537.9293964698235, 2802.4540693259823
537.9593979698985, 2802.3154833084523
537.9893994699735, 2802.176711938471
538.0194009700485, 2802.037754988301
538.0494024701235, 2801.8986122315528
538.0794039701985, 2801.759283443185
538.1094054702735, 2801.61976839951
538.1394069703485, 2801.4800668781986
538.1694084704235, 2801.3401786582835
538.1994099704986, 2801.200103520162
538.2294114705735, 2801.0598412456043
538.2594129706486, 2800.9193916177514
538.2894144707235, 2800.7787544211265
538.3194159707986, 2800.6379294416315
538.3494174708735, 2800.496916466557
538.3794189709486, 2800.355715284582
538.4094204710235, 2800.214325685781
538.4394219710986, 2800.0727474616265
538.4694234711735, 2799.9309804049926
538.4994249712486, 2799.7890243101588
538.5294264713236, 2799.646878972815
538.5594279713986, 2799.5045441900666
538.5894294714735, 2799.3620197604323
538.6194309715486, 2799.219305483855
538.6494324716236, 2799.076401161702
538.6794339716986, 2798.93330659677
538.7094354717735, 2798.7900215932864
538.7394369718486, 2798.646545956916
538.7694384719236, 2798.5028794947634
538.7994399719986, 2798.3590220153774
538.8294414720735, 2798.214973328753
538.8594429721486, 2798.0707332463353
538.8894444722237, 2797.926301581026
538.9194459722986, 2797.781678147184
538.9494474723735, 2797.6368627606284
538.9794489724486, 2797.491855238645
539.0094504725237, 2797.3466553999865
539.0394519725986, 2797.20126306488
539.0694534726737, 2797.055678055027
539.0994549727486, 2796.909900193607
539.1294564728237, 2796.763929305283
539.1594579728986, 2796.617765216204
539.1894594729737, 2796.4714077540075
539.2194609730486, 2796.3248567478245
539.2494624731237, 2796.1781120282794
539.2794639731986, 2796.0311734274997
539.3094654732737, 2795.8840407791113
539.3394669733486, 2795.736713918249
539.3694684734237, 2795.589192681554
539.3994699734986, 2795.4414769071823
539.4294714735737, 2795.293566434803
539.4594729736486, 2795.1454611056047
539.4894744737237, 2794.997160762297
539.5194759737986, 2794.8486652491165
539.5494774738737, 2794.699974411824
539.5794789739487, 2794.5510880977154
539.6094804740237, 2794.402006155616
539.6394819740988, 2794.2527284358935
539.6694834741737, 2794.1032547904515
539.6994849742487, 2793.953585072739
539.7294864743237, 2793.8037191377484
539.7594879743988, 2793.653656842024
539.7894894744737, 2793.5033980436615
539.8194909745487, 2793.35294260231
539.8494924746237, 2793.2022903791767
539.8794939746988, 2793.0514412370294
539.9094954747737, 2792.900395040201
539.9394969748487, 2792.749151654588
539.9694984749237, 2792.597710947656
539.9994999749988, 2792.446072788445
540.0295014750737, 2792.294237047566
540.0595029751487, 2792.1422035972096
540.0895044752237, 2791.989972311145
540.1195059752988, 2791.8375430647234
540.1495074753738, 2791.684915734884
540.1795089754488, 2791.5320902001495
540.2095104755238, 2791.3790663406367
540.2395119755988, 2791.2258440380524
540.2695134756738, 2791.0724231757017
540.2995149757488, 2790.918803638485
540.3295164758238, 2790.764985312905
540.3595179758988, 2790.6109680870663
540.3895194759738, 2790.45675185068
540.4195209760488, 2790.3023364950645
540.4495224761238, 2790.1477219131484
540.4795239761988, 2789.992907999472
540.5095254762738, 2789.8378946501934
540.5395269763488, 2789.682681763085
540.5695284764238, 2789.5272692375406
540.5995299764988, 2789.371656974575
540.6295314765738, 2789.2158448768296
540.6595329766488, 2789.059832848568
540.6895344767238, 2788.9036207956874
540.7195359767989, 2788.747208625711
540.7495374768739, 2788.5905962477996
540.7795389769489, 2788.433783572747
540.8095404770238, 2788.2767705129845
540.8395419770989, 2788.119556982582
540.8695434771739, 2787.9621428972523
540.8995449772489, 2787.8045281743525
540.9295464773238, 2787.6467127328833
540.9595479773989, 2787.4886964934944
540.9895494774739, 2787.330479378484
541.0195509775489, 2787.172061311805
541.0495524776238, 2787.0134422190595
541.0795539776989, 2786.854622027507
541.1095554777739, 2786.6956006660653
541.1395569778489, 2786.5363780653115
541.1695584779238, 2786.376954157482
541.1995599779989, 2786.217328876476
541.229561478074, 2786.05750215786
541.2595629781489, 2785.897473938866
541.289564478224, 2785.7372441583916
541.3195659782989, 2785.576812757008
541.349567478374, 2785.416179676956
541.3795689784489, 2785.2553448621507
541.409570478524, 2785.0943082581807
541.4395719785989, 2784.933069812314
541.469573478674, 2784.7716294734937
541.4995749787489, 2784.6099871923457
541.529576478824, 2784.448142921174
541.5595779788989, 2784.2860966139697
541.589579478974, 2784.123848226404
541.6195809790489, 2783.961397715838
541.649582479124, 2783.7987450413166
541.6795839791989, 2783.635890163577
541.709585479274, 2783.472833045044
541.7395869793489, 2783.3095736498362
541.769588479424, 2783.1461119437636
541.7995899794989, 2782.9824478943315
541.829591479574, 2782.8185814707404
541.859592979649, 2782.6545126438887
541.889594479724, 2782.490241386374
541.9195959797989, 2782.3257676724897
541.949597479874, 2782.161091478234
541.9795989799491, 2781.996212781306
542.009600480024, 2781.831131561107
542.039601980099, 2781.665847798745
542.069603480174, 2781.5003614770294
542.0996049802491, 2781.334672580481
542.129606480324, 2781.1687810953263
542.159607980399, 2781.0026870095
542.189609480474, 2780.8363903126465
542.2196109805491, 2780.669890996123
542.249612480624, 2780.503189052997
542.279613980699, 2780.3362844780504
542.309615480774, 2780.169177267776
542.3396169808491, 2780.0018674203843
542.369618480924, 2779.834354935801
542.3996199809991, 2779.6666398156663
542.429621481074, 2779.4987220633407
542.4596229811491, 2779.3306016839
542.489624481224, 2779.1622786841426
542.5196259812991, 2778.9937530725824
542.549627481374, 2778.8250248594577
542.5796289814491, 2778.656094056725
542.609630481524, 2778.4869606780667
542.6396319815991, 2778.3176247388838
542.669633481674, 2778.148086256304
542.6996349817491, 2777.9783452491765
542.7296364818241, 2777.8084017380775
542.7596379818991, 2777.6382557453067
542.7896394819741, 2777.467907294891
542.8196409820491, 2777.297356412582
542.8496424821241, 2777.1266031258606
542.8796439821991, 2776.955647463933
542.9096454822741, 2776.7844894577356
542.9396469823491, 2776.61312913993
542.9696484824242, 2776.44156654491
542.9996499824991, 2776.2698017087973
543.0296514825741, 2776.097834669443
543.0596529826491, 2775.925665466427
543.0896544827242, 2775.7532941410623
543.1196559827991, 2775.5807207363914
543.1496574828741, 2775.4079452971873
543.1796589829491, 2775.234967869954
543.2096604830242, 2775.061788502928
543.2396619830992, 2774.888407246078
543.2696634831741, 2774.7148241511027
543.2996649832492, 2774.541039271434
543.3296664833242, 2774.3670526622363
543.3596679833992, 2774.192864380407
543.3896694834741, 2774.0184744845747
543.4196709835492, 2773.8438830351006
543.4496724836242, 2773.6690900940794
543.4796739836992, 2773.4940957253393
543.5096754837741, 2773.318899994439
543.5396769838492, 2773.143502968672
543.5696784839242, 2772.9679047170625
543.5996799839992, 2772.7921053103705
543.6296814840742, 2772.616104821085
543.6596829841492, 2772.4399033234304
543.6896844842242, 2772.2635008933617
543.7196859842992, 2772.086897608567
543.7496874843742, 2771.9100935484657
543.7796889844492, 2771.7330887942107
543.8096904845243, 2771.555883428684
543.8396919845992, 2771.3784775365025
543.8696934846743, 2771.200871204011
543.8996949847492, 2771.0230645192873
543.9296964848243, 2770.8450575721386
543.9596979848992, 2770.6668504541035
543.9896994849743, 2770.48844325845
544.0197009850492, 2770.3098360801755
544.0497024851243, 2770.131029016007
544.0797039851993, 2769.9520221643993
544.1097054852743, 2769.7728156255384
544.1397069853492, 2769.5934095013345
544.1697084854243, 2769.413803895427
544.1997099854993, 2769.2339989131824
544.2297114855743, 2769.0539946616937
544.2597129856492, 2768.8737912497786
544.2897144857243, 2768.693388787981
544.3197159857993, 2768.5127873885685
544.3497174858743, 2768.3319871655353
544.3797189859492, 2768.1509882345963
544.4097204860243, 2767.9697907131886
544.4397219860994, 2767.788394720474
544.4697234861743, 2767.6068003773357
544.4997249862492, 2767.4250078063747
544.5297264863243, 2767.2430171319133
544.5597279863994, 2767.0608284799937
544.5897294864743, 2766.878441978376
544.6197309865493, 2766.6958577565374
544.6497324866243, 2766.5130759456715
544.6797339866994, 2766.330096678688
544.7097354867743, 2766.146920090213
544.7397369868494, 2765.9635463165832
544.7697384869243, 2765.7799754958523
544.7997399869994, 2765.596207767783
544.8297414870743, 2765.412243273852
544.8597429871494, 2765.2280821572417
544.8897444872243, 2765.0437245628495
544.9197459872994, 2764.859170637276
544.9497474873743, 2764.6744205288314
544.9797489874494, 2764.4894743875307
545.0097504875243, 2764.3043323650954
545.0397519875994, 2764.118994614948
545.0697534876743, 2763.9334612922166
545.0997549877494, 2763.7477325537284
545.1297564878244, 2763.5618085580127
545.1597579878994, 2763.375689465295
545.1897594879744, 2763.1893754375033
545.2197609880494, 2763.002866638256
545.2497624881244, 2762.8161632328724
545.2797639881994, 2762.629265388362
545.3097654882745, 2762.4421732734286
545.3397669883494, 2762.254887058468
545.3697684884244, 2762.0674069155634
545.3997699884994, 2761.879733018488
545.4297714885745, 2761.691865542703
545.4597729886494, 2761.5038046653544
545.4897744887244, 2761.3155505652726
545.5197759887994, 2761.1271034229694
545.5497774888745, 2760.9384634206403
545.5797789889494, 2760.74963074216
545.6097804890244, 2760.5606055730805
545.6397819890994, 2760.3713881006292
545.6697834891745, 2760.1819785137122
545.6997849892495, 2759.9923770029072
545.7297864893244, 2759.8025837604637
545.7597879893995, 2759.6125989803004
545.7897894894745, 2759.422422858007
545.8197909895495, 2759.232055590839
545.8497924896245, 2759.041497377716
545.8797939896995, 2758.8507484192237
545.9097954897745, 2758.6598089176064
545.9397969898495, 2758.4686790767714
545.9697984899245, 2758.2773591022815
545.9997999899995, 2758.0858492013585
546.0298014900745, 2757.8941495828763
546.0598029901495, 2757.702260457364
546.0898044902245, 2757.5101820369982
546.1198059902995, 2757.317914535609
546.1498074903745, 2757.125458168669
546.1798089904495, 2756.9328131532993
546.2098104905245, 2756.7399797082617
546.2398119905995, 2756.546958053962
546.2698134906746, 2756.353748412442
546.2998149907495, 2756.160351007384
546.3298164908246, 2755.966766064102
546.3598179908995, 2755.7729938095463
546.3898194909746, 2755.579034472296
546.4198209910496, 2755.3848882825605
546.4498224911246, 2755.190555472176
546.4798239911995, 2754.9960362746024
546.5098254912746, 2754.8013309249227
546.5398269913496, 2754.6064396598404
546.5698284914246, 2754.4113627176785
546.5998299914995, 2754.216100338373
546.6298314915746, 2754.020652763476
546.6598329916496, 2753.82502023615
546.6898344917246, 2753.6292030011687
546.7198359917995, 2753.43320130491
546.7498374918746, 2753.237015395357
546.7798389919496, 2753.0406455220973
546.8098404920246, 2752.8440919363165
546.8398419920995, 2752.6473548907984
546.8698434921746, 2752.450434639921
546.8998449922497, 2752.253331439656
546.9298464923246, 2752.056045547567
546.9598479923997, 2751.858577222802
546.9898494924746, 2751.660926726098
547.0198509925497, 2751.4630943197717
547.0498524926246, 2751.265080267723
547.0798539926997, 2751.066884835428
547.1098554927746, 2750.86850828994
547.1398569928497, 2750.6699508998827
547.1698584929246, 2750.4712129354516
547.1998599929997, 2750.27229466841
547.2298614930746, 2750.0731963720855
547.2598629931497, 2749.8739183213675
547.2898644932246, 2749.674460792708
547.3198659932997, 2749.474824064112
547.3498674933746, 2749.2750084151426
547.3798689934497, 2749.075014126912
547.4098704935246, 2748.8748414820825
547.4398719935997, 2748.6744907648613
547.4698734936746, 2748.473962261002
547.4998749937497, 2748.2732562577944
547.5298764938248, 2748.0723730440695
547.5598779938997, 2747.871312910194
547.5898794939746, 2747.670076148063
547.6198809940497, 2747.4686630511023
547.6498824941248, 2747.267073914266
547.6798839941997, 2747.0653090340306
547.7098854942747, 2746.8633687083925
547.7398869943497, 2746.6612532368654
547.7698884944248, 2746.458962920479
547.7998899944997, 2746.256498061775
547.8298914945747, 2746.0538589648027
547.8598929946497, 2745.8510459351164
547.8898944947248, 2745.6480592797748
547.9198959947997, 2745.444899307337
547.9498974948747, 2745.241566327856
547.9798989949497, 2745.038060652879
548.0099004950248, 2744.8343825954453
548.0399019950997, 2744.6305324700816
548.0699034951748, 2744.4265105927952
548.0999049952497, 2744.222317281079
548.1299064953248, 2744.017952853901
548.1599079953997, 2743.813417631705
548.1899094954748, 2743.6087119364047
548.2199109955498, 2743.403836091385
548.2499124956248, 2743.1987904214925
548.2799139956998, 2742.993575253039
548.3099154957748, 2742.7881909137914
548.3399169958498, 2742.5826377329745
548.3699184959248, 2742.376916041263
548.3999199959998, 2742.1710261707826
548.4299214960748, 2741.9649684551014
548.4599229961498, 2741.7587432292326
548.4899244962248, 2741.5523508296246
548.5199259962998, 2741.345791594164
548.5499274963748, 2741.1390658621663
548.5799289964498, 2740.932173974378
548.6099304965248, 2740.7251162729685
548.6399319965999, 2740.51789310153
548.6699334966748, 2740.3105048050725
548.6999349967498, 2740.10295173002
548.7299364968248, 2739.895234224206
548.7599379968999, 2739.6873526368745
548.7899394969749, 2739.4793073186725
548.8199409970498, 2739.271098621646
548.8499424971249, 2739.0627268992384
548.8799439971999, 2738.8541925062873
548.9099454972749, 2738.645495799019
548.9399469973498, 2738.4366371350466
548.9699484974249, 2738.2276168733633
548.9999499974999, 2738.018435374344
549.0299514975749, 2737.809092999738
549.0599529976498, 2737.599590112665
549.0899544977249, 2737.3899270776114
549.1199559977999, 2737.1801042604297
549.1499574978749, 2736.970122028333
549.1799589979499, 2736.759980749889
549.2099604980249, 2736.5496807950194
549.2399619981, 2736.339222534993
549.2699634981749, 2736.1286063424277
549.29996499825, 2735.9178325912776
549.3299664983249, 2735.7069016568394
549.3599679984, 2735.4958139157393
549.3899694984749, 2735.2845697459375
549.41997099855, 2735.073169526716
549.4499724986249, 2734.8616136386822
549.4799739987, 2734.6499024637596
549.5099754987749, 2734.4380363851883
549.53997699885, 2734.2260157875157
549.5699784989249, 2734.0138410565996
549.599979999, 2733.8015125795964
549.6299814990749, 2733.589030744964
549.65998299915, 2733.3763959424527
549.6899844992249, 2733.1636085631058
549.7199859993, 2732.95066899925
549.749987499375, 2732.737577644497
549.77998899945, 2732.524334893738
549.8099904995249, 2732.310941143135
549.8399919996, 2732.0973967901223
549.869993499675, 2731.8837022334014
549.89999499975, 2731.669857872935
549.9299964998249, 2731.4558641099447
549.9599979999, 2731.2417213469034
549.989999499975, 2731.0274299875373
550.02000100005, 2730.812990436817
550.050002500125, 2730.5984031009543
550.0800040002, 2730.383668387397
550.1100055002751, 2730.1687867048286
550.14000700035, 2729.953758463161
550.170008500425, 2729.73858407353
550.2000100005, 2729.523263948291
550.2300115005751, 2729.307798501017
550.26001300065, 2729.092188146494
550.290014500725, 2728.8764333007134
550.3200160008, 2728.6605343808706
550.3500175008751, 2728.4444918053605
550.38001900095, 2728.228305993774
550.4100205010251, 2728.0119773668903
550.4400220011, 2727.795506346676
550.4700235011751, 2727.5788933562785
550.50002500125, 2727.3621388200245
550.5300265013251, 2727.1452431634107
550.5600280014, 2726.9282068131065
550.5900295014751, 2726.711030196941
550.62003100155, 2726.4937137439074
550.6500325016251, 2726.2762578841503
550.6800340017, 2726.0586630489693
550.7100355017751, 2725.840929670807
550.74003700185, 2725.6230581832506
550.7700385019251, 2725.405049021022
550.8000400020001, 2725.1869026199806
550.8300415020751, 2724.968619417109
550.8600430021502, 2724.7501998505177
550.8900445022251, 2724.5316443594365
550.9200460023001, 2724.3129533842084
550.9500475023751, 2724.094127366287
550.9800490024502, 2723.875166748233
551.0100505025251, 2723.656071973709
551.0400520026001, 2723.4368434874723
551.0700535026751, 2723.217481735373
551.1000550027502, 2722.997987164349
551.1300565028251, 2722.7783602224226
551.1600580029001, 2722.5586013586912
551.1900595029751, 2722.338711023328
551.2200610030502, 2722.118689667574
551.2500625031252, 2721.898537743737
551.2800640032001, 2721.6782557051815
551.3100655032752, 2721.457844006328
551.3400670033502, 2721.2373031026464
551.3700685034252, 2721.0166334506557
551.4000700035001, 2720.7958355079113
551.4300715035752, 2720.574909733006
551.4600730036502, 2720.353856585565
551.4900745037252, 2720.132676526241
551.5200760038002, 2719.9113700167054
551.5500775038752, 2719.68993751965
551.5800790039502, 2719.4683794987745
551.6100805040252, 2719.2466964187925
551.6400820041002, 2719.0248887454136
551.6700835041752, 2718.80295694535
551.7000850042502, 2718.580901486305
551.7300865043252, 2718.3587228369706
551.7600880044002, 2718.1364214670216
551.7900895044752, 2717.913997847112
551.8200910045502, 2717.6914524488693
551.8500925046252, 2717.46878574489
551.8800940047003, 2717.2459982087325
551.9100955047752, 2717.023090314919
551.9400970048503, 2716.8000625389195
551.9700985049252, 2716.576915357159
552.0001000050003, 2716.3536492470025
552.0301015050752, 2716.1302646867575
552.0601030051503, 2715.9067621556624
552.0901045052253, 2715.683142133889
552.1201060053003, 2715.459405102531
552.1501075053752, 2715.2355515436034
552.1801090054503, 2715.0115819400326
552.2101105055253, 2714.7874967756575
552.2401120056003, 2714.5632965352215
552.2701135056752, 2714.338981704367
552.3001150057503, 2714.114552769629
552.3301165058253, 2713.890010218435
552.3601180059003, 2713.665354539096
552.3901195059752, 2713.4405862208023
552.4201210060503, 2713.215705753617
552.4501225061254, 2712.9907136284755
552.4801240062003, 2712.7656103371764
552.5101255062752, 2712.540396372377
552.5401270063503, 2712.315072227588
552.5701285064254, 2712.089638397171
552.6001300065003, 2711.864095376331
552.6301315065754, 2711.6384436611106
552.6601330066503, 2711.4126837483886
552.6901345067254, 2711.186816135869
552.7201360068003, 2710.960841322083
552.7501375068754, 2710.7347598063766
552.7801390069503, 2710.508572088913
552.8101405070254, 2710.2822786706593
552.8401420071003, 2710.0558800533886
552.8701435071754, 2709.8293767396694
552.9001450072503, 2709.6027692328657
552.9301465073254, 2709.3760580371254
552.9601480074003, 2709.1492436573817
552.9901495074754, 2708.9223265993423
553.0201510075503, 2708.6953073694885
553.0501525076254, 2708.468186475067
553.0801540077003, 2708.2409644240875
553.1101555077754, 2708.013641725313
553.1401570078503, 2707.7862188882605
553.1701585079254, 2707.55869642319
553.2001600080005, 2707.3310748411045
553.2301615080754, 2707.103354653741
553.2601630081504, 2706.8755363735654
553.2901645082254, 2706.647620513769
553.3201660083005, 2706.4196075882633
553.3501675083754, 2706.191498111674
553.3801690084504, 2705.9632925993337
553.4101705085254, 2705.73499156728
553.4401720086005, 2705.506595532248
553.4701735086754, 2705.2781050116682
553.5001750087504, 2705.0495205236552
553.5301765088254, 2704.8208425870075
553.5601780089005, 2704.5920717212007
553.5901795089754, 2704.3632084463834
553.6201810090504, 2704.134253283368
553.6501825091254, 2703.905206753628
553.6801840092005, 2703.6760693792953
553.7101855092754, 2703.4468416831505
553.7401870093505, 2703.217524188618
553.7701885094255, 2702.9881174197644
553.8001900095005, 2702.7586219012874
553.8301915095755, 2702.5290381585173
553.8601930096505, 2702.299366717404
553.8901945097255, 2702.06960810452
553.9201960098005, 2701.8397628470448
553.9501975098755, 2701.609831472771
553.9801990099505, 2701.379814510089
554.0102005100255, 2701.1497124879893
554.0402020101005, 2700.9195259360495
554.0702035101755, 2700.6892553844377
554.1002050102505, 2700.4589013638974
554.1302065103255, 2700.228464405751
554.1602080104005, 2699.9979450418878
554.1902095104755, 2699.7673438047636
554.2202110105505, 2699.53666122739
554.2502125106255, 2699.305897843335
554.2802140107005, 2699.075054186711
554.3102155107756, 2698.8441307921753
554.3402170108506, 2698.613128194922
554.3702185109255, 2698.3820469306756
554.4002200110006, 2698.150887535686
554.4302215110756, 2697.9196505467244
554.4602230111506, 2697.68833650108
554.4902245112255, 2697.456945936546
554.5202260113006, 2697.2254793914235
554.5502275113756, 2696.993937404511
554.5802290114506, 2696.7623205151026
554.6102305115255, 2696.5306292629766
554.6402320116006, 2696.2988641883944
554.6702335116756, 2696.067025832095
554.7002350117506, 2695.835114735291
554.7302365118255, 2695.603131439656
554.7602380119006, 2695.371076487326
554.7902395119756, 2695.1389504208923
554.8202410120506, 2694.9067537833967
554.8502425121256, 2694.674487118321
554.8802440122006, 2694.4421509695894
554.9102455122757, 2694.209745881555
554.9402470123506, 2693.9772723990027
554.9702485124257, 2693.7447310671346
555.0002500125006, 2693.512122431572
555.0302515125757, 2693.2794470383446
555.0602530126506, 2693.046705433891
555.0902545127257, 2692.813898165045
555.1202560128006, 2692.5810257790386
555.1502575128757, 2692.348088823488
555.1802590129506, 2692.1150878463977
555.2102605130257, 2691.8820233961446
555.2402620131006, 2691.6488960214824
555.2702635131757, 2691.415706271527
555.3002650132506, 2691.1824546957596
555.3302665133257, 2690.9491418440116
555.3602680134006, 2690.7157682664697
555.3902695134757, 2690.4823345136606
555.4202710135507, 2690.2488411364525
555.4502725136257, 2690.015288686047
555.4802740137006, 2689.781677713971
555.5102755137757, 2689.548008772075
555.5402770138508, 2689.3142824125257
555.5702785139257, 2689.0804991878035
555.6002800140006, 2688.8466596506905
555.6302815140757, 2688.61276435427
555.6602830141508, 2688.3788138519203
555.6902845142257, 2688.14480869731
555.7202860143007, 2687.9107494443883
555.7502875143757, 2687.676636647382
555.7802890144508, 2687.4424708607935
555.8102905145257, 2687.2082526393892
555.8402920146007, 2686.9739825381976
555.8702935146757, 2686.7396611125005
555.9002950147508, 2686.505288917833
555.9302965148257, 2686.270866509974
555.9602980149008, 2686.036394444938
555.9902995149757, 2685.8018732789787
556.0203010150508, 2685.567303568571
556.0503025151257, 2685.3326858704177
556.0803040152008, 2685.0980207414336
556.1103055152757, 2684.8633087387493
556.1403070153508, 2684.6285504196962
556.1703085154257, 2684.3937463418097
556.2003100155008, 2684.1588970628163
556.2303115155757, 2683.924003140635
556.2603130156508, 2683.689065133364
556.2903145157258, 2683.4540835992834
556.3203160158008, 2683.219059096842
556.3503175158758, 2682.9839921846587
556.3803190159508, 2682.7488834215096
556.4103205160258, 2682.5137333663306
556.4403220161008, 2682.278542578204
556.4703235161758, 2682.0433116163595
556.5003250162508, 2681.8080410401626
556.5303265163259, 2681.5727314091155
556.5603280164008, 2681.337383282847
556.5903295164758, 2681.101997221107
556.6203310165508, 2680.866573783763
556.6503325166259, 2680.6311135307947
556.6803340167008, 2680.395617022287
556.7103355167758, 2680.160084818424
556.7403370168508, 2679.924517479484
556.7703385169259, 2679.688915565837
556.8003400170008, 2679.453279637935
556.8303415170758, 2679.217610256308
556.8603430171509, 2678.981907981557
556.8903445172259, 2678.746173374353
556.9203460173009, 2678.5104069954273
556.9503475173758, 2678.2746094055665
556.9803490174509, 2678.0387811656065
557.0103505175259, 2677.8029228364308
557.0403520176009, 2677.5670349789616
557.0703535176759, 2677.3311181541526
557.1003550177509, 2677.0951729229896
557.1303565178259, 2676.8591998464776
557.1603580179009, 2676.623199485642
557.1903595179759, 2676.3871724015175
557.2203610180509, 2676.151119155147
557.2503625181259, 2675.915040307573
557.2803640182009, 2675.678936419835
557.310365518276, 2675.442808052959
557.3403670183509, 2675.2066557679605
557.370368518426, 2674.9704801258285
557.4003700185009, 2674.73428168753
557.430371518576, 2674.498061013996
557.4603730186509, 2674.261818666124
557.490374518726, 2674.0255552047634
557.5203760188009, 2673.7892711907207
557.550377518876, 2673.552967184744
557.5803790189509, 2673.316643747525
557.610380519026, 2673.0803014396884
557.640382019101, 2672.843940821789
557.670383519176, 2672.607562454308
557.7003850192509, 2672.371166897643
557.730386519326, 2672.134754712104
557.760388019401, 2671.898326457912
557.790389519476, 2671.6618826951894
557.8203910195509, 2671.4254239839543
557.850392519626, 2671.1889508841164
557.880394019701, 2670.952463955474
557.910395519776, 2670.7159637577042
557.9403970198509, 2670.47945085036
557.970398519926, 2670.2429257928634
558.000400020001, 2670.006389144502
558.030401520076, 2669.7698414644237
558.0604030201509, 2669.533283311627
558.090404520226, 2669.2967152449605
558.1204060203011, 2669.0601378231167
558.150407520376, 2668.8235516046248
558.180409020451, 2668.5869571478456
558.210410520526, 2668.3503550109663
558.2404120206011, 2668.1137457519976
558.270413520676, 2667.877129928766
558.3004150207511, 2667.6405080989057
558.330416520826, 2667.403880819861
558.3604180209011, 2667.167248648872
558.390419520976, 2666.9306121429768
558.4204210210511, 2666.6939718589992
558.450422521126, 2666.4573283535515
558.4804240212011, 2666.2206821830205
558.510425521276, 2665.9840339035704
558.5404270213511, 2665.747384071129
558.570428521426, 2665.510733241392
558.6004300215011, 2665.2740819698065
558.630431521576, 2665.0374308115784
558.6604330216511, 2664.8007803216547
558.690434521726, 2664.5641310547285
558.7204360218011, 2664.327483565225
558.750437521876, 2664.0908384073055
558.7804390219511, 2663.854196134851
558.810440522026, 2663.6175573014693
558.8404420221011, 2663.380922460478
558.8704435221762, 2663.1442921649077
558.9004450222511, 2662.907666967495
558.9304465223261, 2662.671047420673
558.9604480224011, 2662.4344340765692
558.9904495224762, 2662.1978274870025
559.0204510225511, 2661.9612282034755
559.0504525226261, 2661.7246367771672
559.0804540227011, 2661.488053758931
559.1104555227762, 2661.2514796992896
559.1404570228511, 2661.0149151484293
559.1704585229261, 2660.7783606561916
559.2004600230011, 2660.541816772072
559.2304615230762, 2660.3052840452137
559.2604630231511, 2660.0687630244047
559.2904645232261, 2659.832254258066
559.3204660233012, 2659.595758294252
559.3504675233762, 2659.3592756806456
559.3804690234512, 2659.1228069645517
559.4104705235262, 2658.886352692889
559.4404720236012, 2658.649913412191
559.4704735236762, 2658.413489668595
559.5004750237512, 2658.1770820078423
559.5304765238262, 2657.9406909752674
559.5604780239012, 2657.7043171157998
559.5904795239762, 2657.4679609739514
559.6204810240512, 2657.231623093818
559.6504825241262, 2656.995304019069
559.6804840242012, 2656.759004292947
559.7104855242762, 2656.5227244582584
559.7404870243512, 2656.2864650573724
559.7704885244262, 2656.050226632212
559.8004900245012, 2655.8140097242535
559.8304915245762, 2655.5778148745158
559.8604930246512, 2655.3416426235617
559.8904945247263, 2655.1054935114867
559.9204960248012, 2654.8693680779206
559.9504975248763, 2654.6332668620157
559.9804990249513, 2654.397190402447
560.0105005250263, 2654.161139237406
560.0405020251012, 2653.9251139045928
560.0705035251763, 2653.689114941214
560.1005050252513, 2653.453142883979
560.1305065253263, 2653.2171982690934
560.1605080254012, 2652.981281632251
560.1905095254763, 2652.745393508633
560.2205110255513, 2652.509534432904
560.2505125256263, 2652.273704939204
560.2805140257012, 2652.037905561144
560.3105155257763, 2651.8021368318
560.3405170258513, 2651.5663992837135
560.3705185259263, 2651.3306934488824
560.4005200260012, 2651.0950198587543
560.4305215260763, 2650.859379044224
560.4605230261513, 2650.6237715356324
560.4905245262263, 2650.388197862756
560.5205260263014, 2650.1526585548017
560.5505275263763, 2649.9171541404094
560.5805290264514, 2649.681685147637
560.6105305265263, 2649.446252103966
560.6405320266014, 2649.2108555362865
560.6705335266763, 2648.975495970902
560.7005350267514, 2648.7401739335173
560.7305365268263, 2648.5048899492385
560.7605380269014, 2648.269644542564
560.7905395269763, 2648.0344382373855
560.8205410270514, 2647.7992715569767
560.8505425271263, 2647.564145023994
560.8805440272014, 2647.3290591604687
560.9105455272763, 2647.094014487804
560.9405470273514, 2646.859011526769
560.9705485274263, 2646.6240507974953
561.0005500275014, 2646.3891328194704
561.0305515275763, 2646.154258111537
561.0605530276514, 2645.919427191882
561.0905545277265, 2645.6846405780384
561.1205560278014, 2645.4498987868783
561.1505575278763, 2645.2152023346066
561.1805590279514, 2644.9805517367563
561.2105605280265, 2644.7459475081882
561.2405620281014, 2644.511390163083
561.2705635281764, 2644.276880214936
561.3005650282514, 2644.0424181765534
561.3305665283265, 2643.8080045600495
561.3605680284014, 2643.5736398768418
561.3905695284764, 2643.3393246376436
561.4205710285514, 2643.10505935246
561.4505725286265, 2642.870844530589
561.4805740287014, 2642.63668068061
561.5105755287764, 2642.4025683103837
561.5405770288514, 2642.1685079270433
561.5705785289265, 2641.934500036996
561.6005800290014, 2641.7005451459154
561.6305815290765, 2641.4666437587343
561.6605830291514, 2641.2327963796465
561.6905845292265, 2640.9990035120954
561.7205860293014, 2640.765265658778
561.7505875293765, 2640.53158332163
561.7805890294514, 2640.2979570018333
561.8105905295265, 2640.0643871997995
561.8405920296015, 2639.8308744151773
561.8705935296765, 2639.5974191468367
561.9005950297515, 2639.3640218928767
561.9305965298265, 2639.1306831506095
561.9605980299015, 2638.897403416565
561.9905995299765, 2638.664183186479
562.0206010300515, 2638.431022955299
562.0506025301265, 2638.1979232171666
562.0806040302015, 2637.964884465427
562.1106055302765, 2637.731907192614
562.1406070303515, 2637.498991890452
562.1706085304265, 2637.2661390498492
562.2006100305016, 2637.033349160894
562.2306115305765, 2636.800622712852
562.2606130306515, 2636.5679601941592
562.2906145307265, 2636.335362092419
562.3206160308016, 2636.1028288944003
562.3506175308765, 2635.870361086031
562.3806190309515, 2635.6379591523933
562.4106205310266, 2635.4056235777202
562.4406220311016, 2635.173354845393
562.4706235311766, 2634.9411534379374
562.5006250312515, 2634.7090198370147
562.5306265313266, 2634.4769545234235
562.5606280314016, 2634.244957977092
562.5906295314766, 2634.0130306770775
562.6206310315515, 2633.781173101557
562.6506325316266, 2633.5493857278284
562.6806340317016, 2633.317669032303
562.7106355317766, 2633.086023490506
562.7406370318516, 2632.8544495770643
562.7706385319266, 2632.622947765713
562.8006400320016, 2632.391518529282
562.8306415320766, 2632.1601623397
562.8606430321516, 2631.9288796679825
562.8906445322266, 2631.6976709842374
562.9206460323016, 2631.4665367576504
562.9506475323766, 2631.235477456492
562.9806490324517, 2631.004493548103
563.0106505325266, 2630.773585498901
563.0406520326017, 2630.5427537743676
563.0706535326766, 2630.3119988390517
563.1006550327517, 2630.081321156559
563.1306565328266, 2629.8507211895553
563.1606580329017, 2629.6201993997556
563.1906595329766, 2629.389756247928
563.2206610330517, 2629.15939219388
563.2506625331266, 2628.929107696468
563.2806640332017, 2628.6989032135784
563.3106655332767, 2628.4687792021373
563.3406670333517, 2628.2387361180995
563.3706685334266, 2628.0087744164452
563.4006700335017, 2627.778894551178
563.4306715335767, 2627.5490969753214
563.4606730336517, 2627.319382140916
563.4906745337266, 2627.089750499011
563.5206760338017, 2626.8602024996662
563.5506775338768, 2626.6307385919454
563.5806790339517, 2626.401359223916
563.6106805340266, 2626.17206484264
563.6406820341017, 2625.942855894173
563.6706835341768, 2625.713732823565
563.7006850342517, 2625.4846960748505
563.7306865343267, 2625.255746091048
563.7606880344017, 2625.026883314154
563.7906895344768, 2624.7981081851453
563.8206910345517, 2624.5694211439695
563.8506925346268, 2624.3408226295437
563.8806940347017, 2624.1123130797523
563.9106955347768, 2623.8838929314406
563.9406970348517, 2623.655562620416
563.9706985349268, 2623.4273225814377
564.0007000350017, 2623.1991732482225
564.0307015350768, 2622.9711150534317
564.0607030351517, 2622.7431484286762
564.0907045352268, 2622.5152738045053
564.1207060353017, 2622.2874916104124
564.1507075353768, 2622.0598022748222
564.1807090354517, 2621.832206225095
564.2107105355268, 2621.604703887517
564.2407120356017, 2621.3772956873054
564.2707135356768, 2621.149982048595
564.3007150357518, 2620.9227633944442
564.3307165358268, 2620.6956401468233
564.3607180359018, 2620.468612726621
564.3907195359768, 2620.2416815536308
564.4207210360519, 2620.0148470465556
564.4507225361268, 2619.7881096230026
564.4807240362018, 2619.5614696994776
564.5107255362768, 2619.3349276913827
564.5407270363519, 2619.108484013017
564.5707285364268, 2618.88213907757
564.6007300365018, 2618.6558932971175
564.6307315365768, 2618.4297470826205
564.6607330366519, 2618.2037008439224
564.6907345367268, 2617.9777549897476
564.7207360368018, 2617.7519099276924
564.7507375368768, 2617.5261660642263
564.7807390369519, 2617.3005238046917
564.8107405370268, 2617.074983553296
564.8407420371018, 2616.8495457131094
564.8707435371768, 2616.624210686063
564.9007450372519, 2616.398978872948
564.9307465373269, 2616.17385067341
564.9607480374018, 2615.948826485945
564.9907495374769, 2615.7239067078985
565.0207510375519, 2615.4990917354635
565.0507525376269, 2615.2743819636776
565.0807540377019, 2615.0497777864152
565.1107555377769, 2614.8252795963936
565.1407570378519, 2614.6008877851605
565.1707585379269, 2614.3766027430984
565.2007600380019, 2614.1524248594183
565.2307615380769, 2613.92835452216
565.2607630381519, 2613.704392118183
565.2907645382269, 2613.4805380331736
565.3207660383019, 2613.2567926516303
565.3507675383769, 2613.033156356874
565.380769038452, 2612.809629531033
565.4107705385269, 2612.5862125550507
565.440772038602, 2612.3629058086744
565.4707735386769, 2612.1397096704604
565.500775038752, 2611.916624517764
565.5307765388269, 2611.6936507267433
565.560778038902, 2611.470788672352
565.5907795389769, 2611.2480387283395
565.620781039052, 2611.025401267247
565.650782539127, 2610.802876660406
565.680784039202, 2610.580465277936
565.7107855392769, 2610.3581674887396
565.740787039352, 2610.1359836605006
565.770788539427, 2609.9139141596856
565.800790039502, 2609.6919593515377
565.8307915395769, 2609.4701196000738
565.860793039652, 2609.2483952680823
565.890794539727, 2609.026786717125
565.920796039802, 2608.805294307529
565.9507975398769, 2608.583918398387
565.980799039952, 2608.3626593475533
566.010800540027, 2608.141517511646
566.040802040102, 2607.9204932460393
566.0708035401769, 2607.6995869048633
566.100805040252, 2607.4787988410017
566.1308065403271, 2607.2581294060906
566.160808040402, 2607.0375789505147
566.1908095404771, 2606.817147823405
566.220811040552, 2606.596836372639
566.2508125406271, 2606.376644944833
566.280814040702, 2606.1565738853483
566.3108155407771, 2605.936623538279
566.340817040852, 2605.7167942464607
566.3708185409271, 2605.4970863514577
566.400820041002, 2605.2775001935697
566.4308215410771, 2605.058036111823
566.460823041152, 2604.838694443975
566.4908245412271, 2604.6194755265033
566.520826041302, 2604.400379694614
566.5508275413771, 2604.1814072822303
566.580829041452, 2603.9625586219977
566.6108305415271, 2603.743834045277
566.640832041602, 2603.525233882145
566.6708335416771, 2603.3067584613914
566.700835041752, 2603.0884081105182
566.7308365418271, 2602.870183155734
566.7608380419022, 2602.6520839219584
566.7908395419771, 2602.4341107328146
566.820841042052, 2602.216263910629
566.8508425421271, 2601.99854377643
566.8808440422022, 2601.7809506499466
566.9108455422771, 2601.5634848496056
566.9408470423521, 2601.34614669253
566.9708485424271, 2601.128936494535
567.0008500425022, 2600.9118545701317
567.0308515425771, 2600.6949012325217
567.0608530426521, 2600.4780767935927
567.0908545427271, 2600.261381563922
567.1208560428022, 2600.044815852772
567.1508575428771, 2599.82837996809
567.1808590429521, 2599.612074216504
567.2108605430271, 2599.3958989033217
567.2408620431022, 2599.1798543325317
567.2708635431771, 2598.9639408068006
567.3008650432522, 2598.7481586274666
567.3308665433271, 2598.532508094546
567.3608680434022, 2598.316989506725
567.3908695434772, 2598.1016031613617
567.4208710435522, 2597.8863493544823
567.4508725436272, 2597.6712283807833
567.4808740437022, 2597.4562405336237
567.5108755437772, 2597.241386105031
567.5408770438522, 2597.0266653856916
567.5708785439272, 2596.812078664959
567.6008800440022, 2596.597626230841
567.6308815440772, 2596.3833083700097
567.6608830441522, 2596.1691253677905
567.6908845442272, 2595.9550775081684
567.7208860443022, 2595.7411650737786
567.7508875443772, 2595.5273883459145
567.7808890444522, 2595.3137476045167
567.8108905445272, 2595.1002431281804
567.8408920446022, 2594.886875194147
567.8708935446773, 2594.6736440783075
567.9008950447522, 2594.4605500552
567.9308965448272, 2594.2475933980068
567.9608980449023, 2594.0347743785537
567.9908995449773, 2593.8220932673107
568.0209010450523, 2593.609550333391
568.0509025451272, 2593.397145844545
568.0809040452023, 2593.1848800671632
568.1109055452773, 2592.9727532662764
568.1409070453523, 2592.760765705551
568.1709085454272, 2592.548917647289
568.2009100455023, 2592.3372093524263
568.2309115455773, 2592.1256410805345
568.2609130456523, 2591.914213089818
568.2909145457272, 2591.70292563711
568.3209160458023, 2591.491778977876
568.3509175458773, 2591.2807733662116
568.3809190459523, 2591.0699090548396
568.4109205460273, 2590.85918629511
568.4409220461023, 2590.6486053370013
568.4709235461773, 2590.438166429114
568.5009250462523, 2590.227869818678
568.5309265463274, 2590.0177157515413
568.5609280464023, 2589.80770447218
568.5909295464774, 2589.597836223688
568.6209310465523, 2589.3881112477825
568.6509325466274, 2589.1785297847987
568.6809340467023, 2588.9690920736944
568.7109355467774, 2588.7597983520413
568.7409370468523, 2588.5506488560345
568.7709385469274, 2588.34164382048
568.8009400470023, 2588.132783478804
568.8309415470774, 2587.924068063046
568.8609430471523, 2587.7154978038616
568.8909445472274, 2587.5070729305185
568.9209460473023, 2587.2987936709
568.9509475473774, 2587.090660251499
568.9809490474524, 2586.8826728974213
569.0109505475274, 2586.6748318323866
569.0409520476023, 2586.4671372787216
569.0709535476774, 2586.259589457363
569.1009550477524, 2586.0521885878584
569.1309565478274, 2585.8449348883646
569.1609580479023, 2585.6378285756455
569.1909595479774, 2585.4308698650716
569.2209610480525, 2585.224058970622
569.2509625481274, 2585.017396104884
569.2809640482023, 2584.8108814790467
569.3109655482774, 2584.6045153029077
569.3409670483525, 2584.398297784869
569.3709685484274, 2584.1922291319383
569.4009700485024, 2583.9863095497267
569.4309715485774, 2583.7805392424475
569.4609730486525, 2583.57491841292
569.4909745487274, 2583.369447262567
569.5209760488025, 2583.1641259914104
569.5509775488774, 2582.9589547980786
569.5809790489525, 2582.753933879799
569.6109805490274, 2582.549063432403
569.6409820491025, 2582.3443436503208
569.6709835491774, 2582.139774726587
569.7009850492525, 2581.9353568528336
569.7309865493274, 2581.731090219297
569.7609880494025, 2581.52697501481
569.7909895494774, 2581.3230114268094
569.8209910495525, 2581.1191996413295
569.8509925496274, 2580.9155398430057
569.8809940497025, 2580.7120322150718
569.9109955497775, 2580.5086769393633
569.9409970498525, 2580.3054741963124
569.9709985499275, 2580.102424164954
570.0010000500025, 2579.8995270229175
570.0310015500775, 2579.6967829464365
570.0610030501525, 2579.4941921103405
570.0910045502276, 2579.291754688059
570.1210060503025, 2579.089470851621
570.1510075503775, 2578.8873407716546
570.1810090504525, 2578.6853646173845
570.2110105505276, 2578.483542556637
570.2410120506025, 2578.281874755838
570.2710135506775, 2578.080361380011
570.3010150507525, 2577.8790025927774
570.3310165508276, 2577.6777985563613
570.3610180509025, 2577.476749431585
570.3910195509775, 2577.2758553778694
570.4210210510525, 2577.075116553235
570.4510225511276, 2576.874533114303
570.4810240512026, 2576.6741052162965
570.5110255512775, 2576.473833013035
570.5410270513526, 2576.2737166569405
570.5710285514276, 2576.0737562990353
570.6010300515026, 2575.873952088944
570.6310315515776, 2575.67430417489
570.6610330516526, 2575.4748127037005
570.6910345517276, 2575.275477820802
570.7210360518026, 2575.076299670226
570.7510375518776, 2574.8772783946033
570.7810390519526, 2574.6784141351704
570.8110405520276, 2574.479707031764
570.8410420521026, 2574.281157222827
570.8710435521776, 2574.0827648454033
570.9010450522526, 2573.8845300351445
570.9310465523276, 2573.686452926303
570.9610480524026, 2573.4885336517405
570.9910495524776, 2573.29077234292
571.0210510525526, 2573.0931691299143
571.0510525526277, 2572.8957241414
571.0810540527026, 2572.6984375046627
571.1110555527777, 2572.501309345594
571.1410570528526, 2572.3043397886963
571.1710585529277, 2572.1075289570763
571.2010600530027, 2571.9108769724535
571.2310615530777, 2571.714383955157
571.2610630531526, 2571.518050024125
571.2910645532277, 2571.321875296906
571.3210660533027, 2571.125859889663
571.3510675533777, 2570.9300039171694
571.3810690534526, 2570.7343074928126
571.4110705535277, 2570.5387707285918
571.4410720536027, 2570.343393735123
571.4710735536777, 2570.148176621636
571.5010750537526, 2569.9531194959773
571.5310765538277, 2569.7582224646085
571.5610780539027, 2569.563485632609
571.5910795539777, 2569.368909103679
571.6210810540526, 2569.1744929801343
571.6510825541277, 2568.9802373629104
571.6810840542028, 2568.786142351566
571.7110855542777, 2568.5922080442806
571.7410870543526, 2568.398434537854
571.7710885544277, 2568.204821927711
571.8010900545028, 2568.0113703078982
571.8310915545777, 2567.818079771092
571.8610930546528, 2567.624950408589
571.8910945547277, 2567.4319823103165
571.9210960548028, 2567.239175564827
571.9510975548777, 2567.0465302593047
571.9810990549528, 2566.85404647956
572.0111005550277, 2566.661724310038
572.0411020551028, 2566.4695638338117
572.0711035551777, 2566.27756513259
572.1011050552528, 2566.0857282867128
572.1311065553277, 2565.8940533751584
572.1611080554028, 2565.702540475537
572.1911095554777, 2565.5111896640997
572.2211110555528, 2565.3200010157325
572.2511125556277, 2565.1289746039643
572.2811140557028, 2564.9381105009606
572.3111155557777, 2564.747408777532
572.3411170558528, 2564.556869503129
572.3711185559278, 2564.3664927458485
572.4011200560028, 2564.1762785724304
572.4311215560779, 2563.9862270482627
572.4611230561528, 2563.796338237381
572.4911245562278, 2563.6066122024686
572.5211260563028, 2563.417049004859
572.5511275563779, 2563.2276487045383
572.5811290564528, 2563.0384113601453
572.6111305565278, 2562.849337028972
572.6411320566028, 2562.660425766965
572.6711335566779, 2562.4716776287296
572.7011350567528, 2562.2830926675283
572.7311365568278, 2562.094670935283
572.7611380569028, 2561.9064124825754
572.7911395569779, 2561.718317358651
572.8211410570528, 2561.5303856114183
572.8511425571278, 2561.3426172874515
572.8811440572028, 2561.1550124319892
572.9111455572779, 2560.96757108894
572.9411470573529, 2560.7802933008825
572.9711485574279, 2560.5931791090634
573.0011500575029, 2560.406228553405
573.0311515575779, 2560.219441672501
573.0611530576529, 2560.032818503622
573.0911545577279, 2559.8463590827155
573.1211560578029, 2559.660063444407
573.1511575578779, 2559.4739316220025
573.1811590579529, 2559.287963647491
573.2111605580279, 2559.1021595515413
573.2411620581029, 2558.9165193635126
573.2711635581779, 2558.7310431114447
573.3011650582529, 2558.545730822071
573.3311665583279, 2558.3605825208115
573.3611680584029, 2558.175598231779
573.3911695584779, 2557.990777977779
573.4211710585529, 2557.806121780314
573.451172558628, 2557.6216296595794
573.4811740587029, 2557.4373016344734
573.511175558778, 2557.253137722591
573.541177058853, 2557.069137940231
573.571178558928, 2556.8853023023967
573.6011800590029, 2556.7016308227953
573.631181559078, 2556.5181235138402
573.661183059153, 2556.3347803866577
573.691184559228, 2556.151601451083
573.7211860593029, 2555.9685867156636
573.751187559378, 2555.7857361876618
573.781189059453, 2555.6030498730584
573.811190559528, 2555.420527776551
573.8411920596029, 2555.238169901558
573.871193559678, 2555.05597625022
573.901195059753, 2554.8739468234016
573.931196559828, 2554.6920816206953
573.9611980599029, 2554.51038064042
573.991199559978, 2554.328843879624
574.021201060053, 2554.1474713340895
574.051202560128, 2553.966262998333
574.081204060203, 2553.785218865606
574.111205560278, 2553.604338927899
574.141207060353, 2553.42362317594
574.171208560428, 2553.2430715992045
574.2012100605031, 2553.062684185907
574.231211560578, 2552.882460923012
574.2612130606531, 2552.70240179623
574.291214560728, 2552.522506790024
574.3212160608031, 2552.342775887609
574.351217560878, 2552.163209070955
574.3812190609531, 2551.9838063207876
574.411220561028, 2551.804567616595
574.4412220611031, 2551.625492936622
574.471223561178, 2551.446582257882
574.5012250612531, 2551.2678355561484
574.531226561328, 2551.0892528059685
574.5612280614031, 2550.9108339806558
574.591229561478, 2550.7325790522978
574.6212310615531, 2550.5544879917547
574.6512325616281, 2550.3765607686664
574.6812340617031, 2550.1987973514515
574.711235561778, 2550.0211977073077
574.7412370618531, 2549.843761802218
574.7712385619282, 2549.6664896009515
574.8012400620031, 2549.489381067067
574.831241562078, 2549.312436162912
574.8612430621531, 2549.135654849627
574.8912445622282, 2548.959037087149
574.9212460623031, 2548.7825828342147
574.9512475623781, 2548.606292048357
574.9812490624531, 2548.4301646859135
575.0112505625282, 2548.254200702027
575.0412520626031, 2548.0784000506487
575.0712535626781, 2547.9027626845377
575.1012550627531, 2547.7272885552657
575.1312565628282, 2547.55197761322
575.1612580629031, 2547.376829807607
575.1912595629782, 2547.201845086449
575.2212610630531, 2547.027023396594
575.2512625631282, 2546.8523646837116
575.2812640632031, 2546.6778688923023
575.3112655632782, 2546.5035359656936
575.3412670633531, 2546.3293658460475
575.3712685634282, 2546.1553584743583
575.4012700635031, 2545.9815137904616
575.4312715635782, 2545.807831733029
575.4612730636532, 2545.6343122395792
575.4912745637282, 2545.4609552464713
575.5212760638032, 2545.287760688917
575.5512775638782, 2545.1147285009747
575.5812790639532, 2544.94185861556
575.6112805640282, 2544.769150964439
575.6412820641032, 2544.5966054782434
575.6712835641782, 2544.424222086459
575.7012850642532, 2544.2520007174403
575.7312865643282, 2544.079941298406
575.7612880644033, 2543.908043755445
575.7912895644782, 2543.7363080135187
575.8212910645532, 2543.5647339964626
575.8512925646282, 2543.3933216269884
575.8812940647033, 2543.22207082669
575.9112955647782, 2543.050981516045
575.9412970648532, 2542.880053614414
575.9712985649282, 2542.709287040047
576.0013000650033, 2542.538681710087
576.0313015650783, 2542.368237540571
576.0613030651532, 2542.197954446431
576.0913045652283, 2542.027832341499
576.1213060653033, 2541.8578711385126
576.1513075653783, 2541.688070749112
576.1813090654532, 2541.518431083847
576.2113105655283, 2541.3489520521775
576.2413120656033, 2541.179633562479
576.2713135656783, 2541.0104755220436
576.3013150657533, 2540.841477837083
576.3313165658283, 2540.672640412732
576.3613180659033, 2540.503963153051
576.3913195659783, 2540.3354459610287
576.4213210660533, 2540.1670887385862
576.4513225661283, 2539.9988913865795
576.4813240662033, 2539.8308538048004
576.5113255662783, 2539.6629758919835
576.5413270663533, 2539.495257545805
576.5713285664283, 2539.3276986628894
576.6013300665034, 2539.1602991388086
576.6313315665783, 2538.99305886809
576.6613330666534, 2538.8259777442127
576.6913345667283, 2538.6590556596184
576.7213360668034, 2538.492292505707
576.7513375668783, 2538.325688172846
576.7813390669534, 2538.159242550369
576.8113405670283, 2537.9929555265808
576.8413420671034, 2537.8268269887594
576.8713435671784, 2537.6608568231613
576.9013450672534, 2537.495044915023
576.9313465673283, 2537.329391148563
576.9613480674034, 2537.163895406986
576.9913495674784, 2536.9985575724877
577.0213510675534, 2536.8333775262568
577.0513525676283, 2536.6683551484753
577.0813540677034, 2536.503490318325
577.1113555677784, 2536.338782913992
577.1413570678534, 2536.1742328126657
577.1713585679283, 2536.009839890544
577.2013600680034, 2535.8456040228357
577.2313615680785, 2535.6815250837667
577.2613630681534, 2535.5176029465806
577.2913645682283, 2535.3538374835407
577.3213660683034, 2535.190228565935
577.3513675683785, 2535.0267760640804
577.3813690684534, 2534.863479847325
577.4113705685285, 2534.7003397840494
577.4413720686034, 2534.5373557416747
577.4713735686785, 2534.374527586659
577.5013750687534, 2534.2118551845083
577.5313765688285, 2534.0493383997723
577.5613780689034, 2533.886977096055
577.5913795689785, 2533.7247711360114
577.6213810690534, 2533.5627203813565
577.6513825691285, 2533.400824692863
577.6813840692034, 2533.2390839303707
577.7113855692785, 2533.0774979527832
577.7413870693534, 2532.9160666180783
577.7713885694285, 2532.7547897833056
577.8013900695034, 2532.5936673045926
577.8313915695785, 2532.4326990371474
577.8613930696534, 2532.2718848352633
577.8913945697285, 2532.111224552319
577.9213960698034, 2531.9507180407873
577.9513975698785, 2531.790365152231
577.9813990699536, 2531.630165737314
578.0114005700285, 2531.470119645802
578.0414020701035, 2531.3102267265613
578.0714035701785, 2531.1504868275692
578.1014050702536, 2530.990899795914
578.1314065703285, 2530.8314654777996
578.1614080704035, 2530.6721837185464
578.1914095704785, 2530.513054362597
578.2214110705536, 2530.3540772535207
578.2514125706285, 2530.195252234015
578.2814140707035, 2530.0365791459085
578.3114155707785, 2529.8780578301667
578.3414170708536, 2529.719688126894
578.3714185709285, 2529.561469875339
578.4014200710035, 2529.4034029138934
578.4314215710785, 2529.2454870801002
578.4614230711536, 2529.087722210657
578.4914245712285, 2528.9301081414173
578.5214260713035, 2528.7726447073946
578.5514275713786, 2528.615331742766
578.5814290714536, 2528.4581690808773
578.6114305715286, 2528.3011565542447
578.6414320716036, 2528.144293994558
578.6714335716786, 2527.9875812326886
578.7014350717536, 2527.8310180986846
578.7314365718286, 2527.674604421784
578.7614380719036, 2527.5183400304104
578.7914395719786, 2527.3622247521826
578.8214410720536, 2527.2062584139135
578.8514425721286, 2527.0504408416173
578.8814440722036, 2526.89477186051
578.9114455722786, 2526.7392512950164
578.9414470723536, 2526.5838789687696
578.9714485724286, 2526.42865470462
579.0014500725036, 2526.2735783246326
579.0314515725786, 2526.118649650097
579.0614530726536, 2525.9638685015248
579.0914545727286, 2525.80923469866
579.1214560728037, 2525.654748060476
579.1514575728786, 2525.5004084051848
579.1814590729537, 2525.3462155502357
579.2114605730287, 2525.192169312324
579.2414620731037, 2525.0382695073913
579.2714635731786, 2524.88451595063
579.3014650732537, 2524.730908456486
579.3314665733287, 2524.5774468386653
579.3614680734037, 2524.4241309101362
579.3914695734786, 2524.2709604831307
579.4214710735537, 2524.1179353691514
579.4514725736287, 2523.965055378974
579.4814740737037, 2523.812320322652
579.5114755737786, 2523.6597300095173
579.5414770738537, 2523.5072842481877
579.5714785739287, 2523.35498284657
579.6014800740037, 2523.2028256118606
579.6314815740786, 2523.0508123505533
579.6614830741537, 2522.89894286844
579.6914845742288, 2522.7472169706166
579.7214860743037, 2522.595634461486
579.7514875743788, 2522.44419514476
579.7814890744537, 2522.2928988234685
579.8114905745288, 2522.141745299955
579.8414920746037, 2521.9907343758887
579.8714935746788, 2521.839865852262
579.9014950747537, 2521.689139529399
579.9314965748288, 2521.5385552069556
579.9614980749037, 2521.388112683926
579.9914995749788, 2521.237811758644
580.0215010750537, 2521.0876522287895
580.0515025751288, 2520.93763389139
580.0815040752037, 2520.787756542826
580.1115055752788, 2520.638019978834
580.1415070753537, 2520.488423994512
580.1715085754288, 2520.3389683843175
580.2015100755037, 2520.189652942081
580.2315115755788, 2520.040477461001
580.2615130756537, 2519.891441733653
580.2915145757288, 2519.742545551991
580.3215160758039, 2519.593788707353
580.3515175758788, 2519.445170990462
580.3815190759537, 2519.2966921914344
580.4115205760288, 2519.1483520997776
580.4415220761039, 2519.000150504401
580.4715235761788, 2518.8520871936157
580.5015250762538, 2518.7041619551364
580.5315265763288, 2518.5563745760905
580.5615280764039, 2518.4087248430183
580.5915295764788, 2518.261212541878
580.6215310765538, 2518.1138374580505
580.6515325766288, 2517.966599376339
580.6815340767039, 2517.8194980809803
580.7115355767788, 2517.6725333556424
580.7415370768538, 2517.52570498343
580.7715385769288, 2517.3790127468897
580.8015400770039, 2517.232456428013
580.8315415770788, 2517.0860358082405
580.8615430771539, 2516.9397506684645
580.8915445772288, 2516.7936007890366
580.9215460773039, 2516.647585949765
580.9515475773788, 2516.5017059299257
580.9815490774539, 2516.355960508261
581.0115505775289, 2516.2103494629873
581.0415520776039, 2516.064872571796
581.0715535776789, 2515.9195296118587
581.1015550777539, 2515.77432035983
581.1315565778289, 2515.629244591856
581.1615580779039, 2515.4843020835706
581.1915595779789, 2515.339492610106
581.2215610780539, 2515.194815946092
581.2515625781289, 2515.0502718656644
581.2815640782039, 2514.905860142465
581.3115655782789, 2514.7615805496475
581.3415670783539, 2514.6174328598804
581.3715685784289, 2514.4734168453533
581.4015700785039, 2514.3295322777767
581.431571578579, 2514.18577892839
581.4615730786539, 2514.042156567963
581.4915745787289, 2513.898664966801
581.521576078804, 2513.755303894747
581.551577578879, 2513.612073121189
581.581579078954, 2513.4689724150608
581.6115805790289, 2513.3260015448463
581.641582079104, 2513.183160278585
581.671583579179, 2513.040448383875
581.701585079254, 2512.8978656278778
581.7315865793289, 2512.7554117773193
581.761588079404, 2512.613086598498
581.791589579479, 2512.4708898572853
581.821591079554, 2512.328821319133
581.8515925796289, 2512.186880749074
581.881594079704, 2512.0450679117266
581.911595579779, 2511.9033825713004
581.941597079854, 2511.7618244916002
581.971598579929, 2511.620393436027
582.001600080004, 2511.479089167585
582.031601580079, 2511.337911448883
582.061603080154, 2511.196860042143
582.091604580229, 2511.0559347091967
582.121606080304, 2510.9151352114977
582.151607580379, 2510.774461310118
582.181609080454, 2510.633912765759
582.211610580529, 2510.4934893387467
582.241612080604, 2510.3531907890465
582.2716135806791, 2510.2130168762574
582.301615080754, 2510.072967359622
582.3316165808291, 2509.933041998027
582.361618080904, 2509.7932405500096
582.3916195809791, 2509.65356277376
582.421621081054, 2509.514008427126
582.4516225811291, 2509.374577267616
582.481624081204, 2509.235269052405
582.5116255812791, 2509.0960835383357
582.5416270813541, 2508.9570204819242
582.5716285814291, 2508.818079639365
582.601630081504, 2508.6792607665325
582.6316315815791, 2508.5405636189853
582.6616330816541, 2508.4019879519724
582.6916345817291, 2508.2635335204354
582.721636081804, 2508.125200079012
582.7516375818791, 2507.9869873820403
582.7816390819542, 2507.8488951835643
582.8116405820291, 2507.710923237336
582.841642082104, 2507.5730712968198
582.8716435821791, 2507.4353391151963
582.9016450822542, 2507.2977264453666
582.9316465823291, 2507.1602330399573
582.961648082404, 2507.0228586513213
582.9916495824791, 2506.885603031544
583.0216510825542, 2506.748465932449
583.0516525826291, 2506.611447105598
583.0816540827042, 2506.4745463022964
583.1116555827791, 2506.3377632735987
583.1416570828542, 2506.2010977703094
583.1716585829291, 2506.0645495429912
583.2016600830042, 2505.9281183419644
583.2316615830791, 2505.7918039173132
583.2616630831542, 2505.65560601889
583.2916645832291, 2505.519524396318
583.3216660833042, 2505.3835587989947
583.3516675833791, 2505.247708976099
583.3816690834542, 2505.1119746765908
583.4116705835291, 2504.976355649218
583.4416720836042, 2504.8408516425184
583.4716735836791, 2504.705462404826
583.5016750837542, 2504.570187684272
583.5316765838292, 2504.4350272287907
583.5616780839042, 2504.2999807861233
583.5916795839792, 2504.165048103821
583.6216810840542, 2504.0302289292476
583.6516825841293, 2503.895523009588
583.6816840842042, 2503.760930091847
583.7116855842792, 2503.626449922855
583.7416870843542, 2503.492082249273
583.7716885844293, 2503.3578268175957
583.8016900845042, 2503.2236833741545
583.8316915845792, 2503.0896516651223
583.8616930846542, 2502.9557314365165
583.8916945847293, 2502.8219224342047
583.9216960848042, 2502.6882244039075
583.9516975848792, 2502.554637091201
583.9816990849542, 2502.4211602415216
584.0117005850293, 2502.287793600172
584.0417020851042, 2502.1545369123214
584.0717035851792, 2502.021389923012
584.1017050852543, 2501.8883523771606
584.1317065853293, 2501.7554240195655
584.1617080854043, 2501.622604594908
584.1917095854793, 2501.489893847755
584.2217110855543, 2501.357291522568
584.2517125856293, 2501.2247973637
584.2817140857043, 2501.092411115406
584.3117155857793, 2500.96013252184
584.3417170858543, 2500.827961327066
584.3717185859293, 2500.6958972750563
584.4017200860043, 2500.563940109698
584.4317215860793, 2500.4320895747946
584.4617230861543, 2500.300345414073
584.4917245862293, 2500.1687073711846
584.5217260863043, 2500.03717518971
584.5517275863793, 2499.905748613163
584.5817290864543, 2499.774427384994
584.6117305865293, 2499.643211248593
584.6417320866043, 2499.5120999472965
584.6717335866794, 2499.381093224386
584.7017350867543, 2499.2501908230975
584.7317365868294, 2499.11939248662
584.7617380869044, 2498.9886979581042
584.7917395869794, 2498.858106980663
584.8217410870543, 2498.7276192973745
584.8517425871294, 2498.597234651288
584.8817440872044, 2498.4669527854285
584.9117455872794, 2498.3367734427975
584.9417470873543, 2498.206696366378
584.9717485874294, 2498.076721299138
585.0017500875044, 2497.946847984036
585.0317515875794, 2497.8170761640226
585.0617530876543, 2497.687405582044
585.0917545877294, 2497.5578359810465
585.1217560878044, 2497.428367103981
585.1517575878794, 2497.2989986938073
585.1817590879543, 2497.169730493493
585.2117605880294, 2497.040562246021
585.2417620881045, 2496.911493694396
585.2717635881794, 2496.782524581642
585.3017650882543, 2496.653654650809
585.3317665883294, 2496.524883644977
585.3617680884045, 2496.396211307258
585.3917695884794, 2496.2676373808035
585.4217710885545, 2496.1391616088013
585.4517725886294, 2496.0107837344867
585.4817740887045, 2495.88250350114
585.5117755887794, 2495.754320652095
585.5417770888545, 2495.626234930738
585.5717785889294, 2495.4982460805154
585.6017800890045, 2495.370353844934
585.6317815890794, 2495.2425579675687
585.6617830891545, 2495.11485819206
585.6917845892294, 2494.987254262125
585.7217860893045, 2494.8597459215534
585.7517875893794, 2494.732332914218
585.7817890894545, 2494.605014984072
585.8117905895294, 2494.4777918751593
585.8417920896045, 2494.350663331609
585.8717935896794, 2494.2236290976507
585.9017950897545, 2494.0966889176057
585.9317965898294, 2493.9698425358997
585.9617980899045, 2493.8430896970626
585.9917995899796, 2493.716430145732
586.0218010900545, 2493.5898636266575
586.0518025901295, 2493.463389884703
586.0818040902045, 2493.337008664851
586.1118055902796, 2493.210719712208
586.1418070903545, 2493.084522772005
586.1718085904295, 2492.958417589601
586.2018100905045, 2492.832403910488
586.2318115905796, 2492.7064814802957
586.2618130906545, 2492.580650044791
586.2918145907295, 2492.4549093498854
586.3218160908045, 2492.329259141635
586.3518175908796, 2492.2036991662467
586.3818190909545, 2492.078229170081
586.4118205910295, 2491.952848899655
586.4418220911045, 2491.8275581016437
586.4718235911796, 2491.702356522888
586.5018250912545, 2491.5772439103944
586.5318265913296, 2491.4522200113397
586.5618280914045, 2491.327284573075
586.5918295914796, 2491.2024373431263
586.6218310915546, 2491.0776780692026
586.6518325916296, 2490.953006499194
586.6818340917046, 2490.82842238118
586.7118355917796, 2490.7039254634283
586.7418370918546, 2490.5795154944017
586.7718385919296, 2490.4551922227583
586.8018400920046, 2490.330955397359
586.8318415920796, 2490.206804767266
586.8618430921546, 2490.08274008175
586.8918445922296, 2489.958761090291
586.9218460923046, 2489.8348675425827
586.9518475923796, 2489.711059188535
586.9818490924546, 2489.5873357782793
587.0118505925296, 2489.4636970621686
587.0418520926046, 2489.3401427907847
587.0718535926796, 2489.216672714936
587.1018550927547, 2489.0932865856666
587.1318565928296, 2488.9699841542565
587.1618580929046, 2488.8467651722235
587.1918595929797, 2488.7236293913297
587.2218610930547, 2488.6005765635823
587.2518625931297, 2488.4776064412385
587.2818640932046, 2488.3547187768067
587.3118655932797, 2488.2319133230512
587.3418670933547, 2488.1091898329946
587.3718685934297, 2487.9865480599233
587.4018700935046, 2487.8639877573846
587.4318715935797, 2487.7415086791975
587.4618730936547, 2487.6191105794505
587.4918745937297, 2487.496793212508
587.5218760938046, 2487.374556333009
587.5518775938797, 2487.2523996958753
587.5818790939547, 2487.130323056312
587.6118805940297, 2487.0083261698114
587.6418820941047, 2486.8864087921543
587.6718835941797, 2486.764570679415
587.7018850942547, 2486.642811587964
587.7318865943297, 2486.5211312744714
587.7618880944048, 2486.3995294959072
587.7918895944797, 2486.2780060095497
587.8218910945548, 2486.156560572982
587.8518925946297, 2486.0351929441013
587.8818940947048, 2485.9139028811164
587.9118955947797, 2485.792690142556
587.9418970948548, 2485.6715544872654
587.9718985949297, 2485.5504956744167
588.0019000950048, 2485.4295134635054
588.0319015950797, 2485.3086076143577
588.0619030951548, 2485.1877778871303
588.0919045952297, 2485.0670240423174
588.1219060953048, 2484.9463458407477
588.1519075953797, 2484.825743043594
588.1819090954548, 2484.7052154123694
588.2119105955298, 2484.584762708937
588.2419120956048, 2484.4643846955078
588.2719135956797, 2484.3440811346445
588.3019150957548, 2484.2238517892665
588.3319165958299, 2484.10369642265
588.3619180959048, 2483.9836147984347
588.3919195959797, 2483.8636066806207
588.4219210960548, 2483.743671833577
588.4519225961299, 2483.6238100220417
588.4819240962048, 2483.504021011125
588.5119255962798, 2483.384304566313
588.5419270963548, 2483.2646604534675
588.5719285964299, 2483.1450884388337
588.6019300965048, 2483.0255882890397
588.6319315965798, 2482.9061597710984
588.6619330966548, 2482.7868026524125
588.6919345967299, 2482.667516700777
588.7219360968048, 2482.548301684381
588.7519375968799, 2482.4291573718106
588.7819390969548, 2482.3100835320524
588.8119405970299, 2482.1910799344946
588.8419420971048, 2482.072146348932
588.8719435971799, 2481.9532825455663
588.9019450972548, 2481.8344882950105
588.9319465973299, 2481.7157633682905
588.9619480974048, 2481.597107536849
588.9919495974799, 2481.478520572546
589.0219510975548, 2481.3600022476644
589.0519525976299, 2481.2415523349096
589.0819540977049, 2481.1231706074145
589.1119555977799, 2481.0048568387397
589.1419570978549, 2480.886610802879
589.1719585979299, 2480.7684322742602
589.2019600980049, 2480.650321027747
589.2319615980799, 2480.532276838643
589.2619630981549, 2480.4142994826943
589.2919645982299, 2480.2963887360897
589.321966098305, 2480.1785443754675
589.3519675983799, 2480.0607661779136
589.3819690984549, 2479.9430539209666
589.4119705985299, 2479.825407382619
589.441972098605, 2479.7078263413205
589.4719735986799, 2479.590310575981
589.5019750987549, 2479.472859865972
589.5319765988299, 2479.3554739911283
589.561978098905, 2479.2381527317516
589.59197959898, 2479.120895868615
589.6219810990549, 2479.0037031829606
589.65198259913, 2478.886574456505
589.681984099205, 2478.769509471442
589.71198559928, 2478.652508010444
589.7419870993549, 2478.535569856664
589.77198859943, 2478.418694793739
589.801990099505, 2478.3018826057914
589.83199159958, 2478.1851330774325
589.861993099655, 2478.068445993763
589.89199459973, 2477.951821140378
589.921996099805, 2477.8352583033648
589.95199759988, 2477.718757269312
589.981999099955, 2477.602317825304
590.01200060003, 2477.4859397589307
590.042002100105, 2477.369622858283
590.07200360018, 2477.2533669119607
590.102005100255, 2477.13717170907
590.13200660033, 2477.021037039231
590.162008100405, 2476.904962692573
590.19200960048, 2476.788948459744
590.222011100555, 2476.672994131907
590.25201260063, 2476.5570995007465
590.282014100705, 2476.4412643584674
590.31201560078, 2476.3254884978
590.3420171008551, 2476.2097717119987
590.37201860093, 2476.0941137948475
590.4020201010051, 2475.97851454066
590.4320216010801, 2475.862973744283
590.4620231011551, 2475.747491201097
590.49202460123, 2475.6320667070204
590.5220261013051, 2475.5167000585075
590.5520276013801, 2475.4013910525555
590.5820291014551, 2475.286139486705
590.61203060153, 2475.170945159039
590.6420321016051, 2475.055807868189
590.6720336016801, 2474.9407274133337
590.7020351017551, 2474.825703594205
590.73203660183, 2474.7107362110855
590.7620381019051, 2474.5958250648123
590.7920396019802, 2474.480969956781
590.8220411020551, 2474.366170688945
590.85204260213, 2474.2514270638176
590.8820441022051, 2474.1367388844747
590.9120456022802, 2474.022105954557
590.9420471023551, 2473.907528078272
590.9720486024302, 2473.793005060394
591.0020501025051, 2473.6785367062685
591.0320516025802, 2473.564122821812
591.0620531026551, 2473.4497632135153
591.0920546027302, 2473.3354576884444
591.1220561028051, 2473.221206054244
591.1520576028802, 2473.1070081191347
591.1820591029551, 2472.992863691922
591.2120606030302, 2472.8787725819916
591.2420621031051, 2472.7647345993146
591.2720636031802, 2472.6507495544483
591.3020651032551, 2472.5368172585386
591.3320666033302, 2472.42293752332
591.3620681034051, 2472.3091101611194
591.3920696034802, 2472.1953349848563
591.4220711035551, 2472.0816118080465
591.4520726036302, 2471.9679404448
591.4820741037051, 2471.8543207098273
591.5120756037802, 2471.7407524184373
591.5420771038553, 2471.6272353865415
591.5720786039302, 2471.513769430654
591.6020801040052, 2471.4003543678946
591.6320816040802, 2471.286990015987
591.6620831041553, 2471.1736761932666
591.6920846042302, 2471.060412718676
591.7220861043052, 2470.9471994117694
591.7520876043802, 2470.834036092713
591.7820891044553, 2470.7209225822894
591.8120906045302, 2470.6078587018956
591.8420921046052, 2470.494844273546
591.8720936046802, 2470.3818791198723
591.9020951047553, 2470.26896306413
591.9320966048302, 2470.156095930194
591.9620981049052, 2470.0432775425634
591.9920996049802, 2469.9305077263607
592.0221011050553, 2469.8177863073356
592.0521026051302, 2469.705113111866
592.0821041052052, 2469.5924879669583
592.1121056052802, 2469.4799107002477
592.1421071053553, 2469.3673811400035
592.1721086054303, 2469.2548991151284
592.2021101055053, 2469.1424644551566
592.2321116055803, 2469.0300769902615
592.2621131056553, 2468.917736551252
592.2921146057303, 2468.8054429695762
592.3221161058053, 2468.6931960773218
592.3521176058803, 2468.580995707218
592.3821191059553, 2468.4688416926356
592.4121206060303, 2468.3567338675903
592.4421221061053, 2468.244672066742
592.4721236061803, 2468.132656125398
592.5021251062553, 2468.0206858795113
592.5321266063303, 2467.9087611656855
592.5621281064053, 2467.7968818211716
592.5921296064803, 2467.685047683875
592.6221311065553, 2467.5732585923506
592.6521326066303, 2467.461514385808
592.6821341067053, 2467.3498149041116
592.7121356067803, 2467.2381599877813
592.7421371068554, 2467.126549477993
592.7721386069304, 2467.0149832165826
592.8021401070054, 2466.9034610460435
592.8321416070803, 2466.79198280953
592.8621431071554, 2466.680548350857
592.8921446072304, 2466.569157514502
592.9221461073054, 2466.4578101456073
592.9521476073803, 2466.346506089977
592.9821491074554, 2466.2352451940833
593.0121506075304, 2466.124027305063
593.0421521076054, 2466.012852270722
593.0721536076803, 2465.901719939533
593.1021551077554, 2465.7906301606386
593.1321566078304, 2465.6795827838528
593.1621581079054, 2465.56857765966
593.1921596079803, 2465.4576146392174
593.2221611080554, 2465.346693574354
593.2521626081304, 2465.235814317575
593.2821641082054, 2465.1249767220597
593.3121656082805, 2465.0141806416627
593.3421671083554, 2464.9034259309165
593.3721686084305, 2464.792712445029
593.4021701085054, 2464.6820400398897
593.4321716085805, 2464.5714085720647
593.4621731086554, 2464.4608178988015
593.4921746087305, 2464.350267878028
593.5221761088054, 2464.239758368354
593.5521776088805, 2464.1292892290717
593.5821791089554, 2464.018860320157
593.6121806090305, 2463.9084715022677
593.6421821091054, 2463.798122636749
593.6721836091805, 2463.68781358563
593.7021851092554, 2463.577544211626
593.7321866093305, 2463.4673143781392
593.7621881094054, 2463.3571239492603
593.7921896094805, 2463.2469727897656
593.8221911095554, 2463.136860765123
593.8521926096305, 2463.026787741488
593.8821941097056, 2462.9167535857073
593.9121956097805, 2462.806758165318
593.9421971098554, 2462.696801348548
593.9721986099305, 2462.586883004317
594.0022001100056, 2462.4770030022382
594.0322016100805, 2462.367161212617
594.0622031101555, 2462.2573575064525
594.0922046102305, 2462.147591755437
594.1222061103056, 2462.03786383196
594.1522076103805, 2461.9281736091034
594.1822091104555, 2461.8185209606463
594.2122106105305, 2461.708905761063
594.2422121106056, 2461.599327885525
594.2722136106805, 2461.4897872099004
594.3022151107555, 2461.3802836107557
594.3322166108305, 2461.270816965354
594.3622181109056, 2461.1613871516565
594.3922196109805, 2461.0519940483255
594.4222211110556, 2460.94263753472
594.4522226111305, 2460.8333174908994
594.4822241112056, 2460.724033797623
594.5122256112805, 2460.6147863363503
594.5422271113556, 2460.5055749892404
594.5722286114305, 2460.3963996391553
594.6022301115056, 2460.287260169656
594.6322316115806, 2460.1781564650064
594.6622331116556, 2460.0690884101705
594.6922346117306, 2459.9600558908173
594.7222361118056, 2459.8510587933147
594.7522376118806, 2459.742097004735
594.7822391119556, 2459.6331704128534
594.8122406120306, 2459.524278906147
594.8422421121056, 2459.415422373797
594.8722436121806, 2459.3066007056873
594.9022451122556, 2459.1978137924057
594.9322466123306, 2459.0890615252433
594.9622481124056, 2458.9803437961955
594.9922496124807, 2458.871660497962
595.0222511125556, 2458.763011523946
595.0522526126306, 2458.654396768255
595.0822541127056, 2458.5458161257
595.1122556127807, 2458.437269491799
595.1422571128556, 2458.3287567627717
595.1722586129306, 2458.220277835544
595.2022601130057, 2458.1118326077453
595.2322616130807, 2458.0034209777104
595.2622631131557, 2457.8950428444787
595.2922646132306, 2457.786698107794
595.3222661133057, 2457.678386668105
595.3522676133807, 2457.570108426564
595.3822691134557, 2457.4618632850297
595.4122706135306, 2457.353651146064
595.4422721136057, 2457.245471912933
595.4722736136807, 2457.1373254896093
595.5022751137557, 2457.029211780767
595.5322766138307, 2456.921130691787
595.5622781139057, 2456.8130821287527
595.5922796139807, 2456.7050659984516
595.6222811140557, 2456.597082208376
595.6522826141307, 2456.489130666721
595.6822841142057, 2456.3812112823857
595.7122856142807, 2456.2733239649724
595.7422871143557, 2456.1654686247875
595.7722886144307, 2456.0576451728384
595.8022901145057, 2455.949853520837
595.8322916145808, 2455.842093581198
595.8622931146557, 2455.734365267036
595.8922946147308, 2455.62666849217
595.9222961148057, 2455.5190031711213
595.9522976148808, 2455.4113692191095
595.9822991149557, 2455.303766552059
596.0123006150308, 2455.1961950865925
596.0423021151057, 2455.088654740035
596.0723036151808, 2454.981145430411
596.1023051152558, 2454.8736670764442
596.1323066153308, 2454.7662195975604
596.1623081154057, 2454.658802913882
596.1923096154808, 2454.5514169462313
596.2223111155558, 2454.4440616161282
596.2523126156308, 2454.3367368457925
596.2823141157057, 2454.2294425581404
596.3123156157808, 2454.1221786767846
596.3423171158558, 2454.0149451260354
596.3723186159308, 2453.9077418309007
596.4023201160057, 2453.800568717081
596.4323216160808, 2453.6934257109747
596.4623231161559, 2453.586312739674
596.4923246162308, 2453.4792297309664
596.5223261163057, 2453.3721766133326
596.5523276163808, 2453.265153315945
596.5823291164559, 2453.158159768672
596.6123306165308, 2453.0511959020714
596.6423321166059, 2452.944261647394
596.6723336166808, 2452.8373569365813
596.7023351167559, 2452.7304817022655
596.7323366168308, 2452.6236358777683
596.7623381169059, 2452.5168193971
596.7923396169808, 2452.410032194961
596.8223411170559, 2452.303274206738
596.8523426171308, 2452.1965453685066
596.8823441172059, 2452.0898456170275
596.9123456172808, 2451.983174889749
596.9423471173559, 2451.876533124803
596.9723486174308, 2451.7699202610065
597.0023501175059, 2451.6633362378607
597.0323516175808, 2451.5567809955496
597.0623531176559, 2451.4502544749394
597.0923546177308, 2451.343756617579
597.1223561178059, 2451.2372873656955
597.1523576178809, 2451.1308466621995
597.1823591179559, 2451.024434450678
597.212360618031, 2450.918050675398
597.2423621181059, 2450.811695281304
597.2723636181809, 2450.7053682140167
597.3023651182559, 2450.599069419833
597.332366618331, 2450.4927988457252
597.3623681184059, 2450.3865564393404
597.3923696184809, 2450.280342148998
597.4223711185559, 2450.1741559236893
597.452372618631, 2450.0679977130794
597.4823741187059, 2449.9618674675035
597.5123756187809, 2449.8557651379647
597.5423771188559, 2449.7496906761367
597.572378618931, 2449.643644034361
597.6023801190059, 2449.5376251656453
597.6323816190809, 2449.431634023664
597.662383119156, 2449.3256705627564
597.692384619231, 2449.2197347379247
597.722386119306, 2449.1138265048357
597.752387619381, 2449.007945819817
597.782389119456, 2448.902092639858
597.812390619531, 2448.7962669226076
597.842392119606, 2448.6904686263733
597.872393619681, 2448.5846977101205
597.902395119756, 2448.478954133472
597.932396619831, 2448.3732378567056
597.962398119906, 2448.2675488407535
597.992399619981, 2448.1618870472016
598.022401120056, 2448.0562524382885
598.052402620131, 2447.950644976903
598.082404120206, 2447.845064626585
598.112405620281, 2447.7395113515227
598.142407120356, 2447.633985116552
598.172408620431, 2447.528485887156
598.202410120506, 2447.423013629462
598.232411620581, 2447.3175683102418
598.262413120656, 2447.2121498969113
598.292414620731, 2447.1067583575264
598.3224161208061, 2447.0013936607847
598.352417620881, 2446.8960557760233
598.382419120956, 2446.790744673216
598.4124206210311, 2446.685460322974
598.4424221211061, 2446.580202696544
598.4724236211811, 2446.474971765807
598.502425121256, 2446.3697675032763
598.5324266213311, 2446.2645898820974
598.5624281214061, 2446.159438876045
598.5924296214811, 2446.0543144595254
598.622431121556, 2445.9492166075684
598.6524326216311, 2445.8441452958327
598.6824341217061, 2445.739100500601
598.7124356217811, 2445.634082198781
598.742437121856, 2445.5290903678997
598.7724386219311, 2445.4241249861066
598.8024401220061, 2445.31918603217
598.8324416220811, 2445.214273485477
598.862443122156, 2445.109387326029
598.8924446222311, 2445.004527534444
598.9224461223062, 2444.8996940919537
598.9524476223811, 2444.7948869804013
598.9824491224562, 2444.6901061822396
599.0124506225311, 2444.585351680533
599.0424521226062, 2444.480623458951
599.0724536226811, 2444.3759215017712
599.1024551227562, 2444.2712457938737
599.1324566228311, 2444.1665963207442
599.1624581229062, 2444.061973068468
599.1924596229811, 2443.9573760237313
599.2224611230562, 2443.852805173818
599.2524626231311, 2443.7482605066107
599.2824641232062, 2443.643742010584
599.3124656232811, 2443.5392496748104
599.3424671233562, 2443.434783488951
599.3724686234311, 2443.330343443259
599.4024701235062, 2443.225929528577
599.4324716235811, 2443.1215417363346
599.4624731236562, 2443.017180058545
599.4924746237311, 2442.912844487809
599.5224761238062, 2442.8085350173064
599.5524776238813, 2442.7042516408
599.5824791239562, 2442.5999943526313
599.6124806240312, 2442.4957631477178
599.6424821241062, 2442.3915580215535
599.6724836241813, 2442.2873789702066
599.7024851242562, 2442.1832259903176
599.7324866243312, 2442.079099079097
599.7624881244062, 2441.9749982343237
599.7924896244813, 2441.870923454345
599.8224911245562, 2441.766874738072
599.8524926246312, 2441.662852084981
599.8824941247062, 2441.5588554951073
599.9124956247813, 2441.454884969049
599.9424971248562, 2441.350940507962
599.9724986249312, 2441.247022113557
600.0025001250062, 2441.1431297880995
600.0325016250813, 2441.039263534409
600.0625031251562, 2440.9354233558565
600.0925046252313, 2440.831609256359
600.1225061253062, 2440.727821240384
600.1525076253813, 2440.624059312942
600.1825091254562, 2440.520323479589
600.2125106255313, 2440.4166137464213
600.2425121256063, 2440.3129301200756
600.2725136256813, 2440.209272607726
600.3025151257563, 2440.1056412170833
600.3325166258313, 2440.002035956392
600.3625181259063, 2439.8984568344285
600.3925196259813, 2439.7949038604993
600.4225211260563, 2439.6913770444407
600.4525226261313, 2439.587876396613
600.4825241262063, 2439.4844019279035
600.5125256262813, 2439.3809536497192
600.5425271263563, 2439.2775315739905
600.5725286264313, 2439.174135713163
600.6025301265063, 2439.0707660802022
600.6325316265813, 2438.967422688586
600.6625331266564, 2438.8641055523044
600.6925346267313, 2438.7608146858606
600.7225361268063, 2438.6575501042635
600.7525376268813, 2438.5543118230294
600.7825391269564, 2438.451099858179
600.8125406270314, 2438.3479142262368
600.8425421271063, 2438.244754944225
600.8725436271814, 2438.1416220296655
600.9025451272564, 2438.0385155005765
600.9325466273314, 2437.9354353754707
600.9625481274063, 2437.8323816733514
600.9925496274814, 2437.7293544137124
601.0225511275564, 2437.626353616536
601.0525526276314, 2437.5233793022903
601.0825541277063, 2437.420431491926
601.1125556277814, 2437.3175102068762
601.1425571278564, 2437.214615469052
601.1725586279314, 2437.111747300844
601.2025601280064, 2437.0089057251153
601.2325616280814, 2436.9060907652038
601.2625631281564, 2436.803302444917
601.2925646282314, 2436.700540788532
601.3225661283064, 2436.5978058207916
601.3525676283814, 2436.495097566903
601.3825691284565, 2436.392416052535
601.4125706285314, 2436.2897613038167
601.4425721286065, 2436.187133347334
601.4725736286814, 2436.0845322101304
601.5025751287565, 2435.9819579196997
601.5325766288314, 2435.8794105039883
601.5625781289065, 2435.776889991391
601.5925796289814, 2435.674396410749
601.6225811290565, 2435.5719297913474
601.6525826291314, 2435.469490162914
601.6825841292065, 2435.367077555615
601.7125856292814, 2435.264692000056
601.7425871293565, 2435.162333527275
601.7725886294315, 2435.060002168746
601.8025901295065, 2434.957697956371
601.8325916295814, 2434.8554209224812
601.8625931296565, 2434.7531710998333
601.8925946297315, 2434.6509485216084
601.9225961298065, 2434.548753221409
601.9525976298814, 2434.446585233255
601.9825991299565, 2434.3444445915848
602.0126006300316, 2434.2423313312497
602.0426021301065, 2434.1402454875147
602.0726036301814, 2434.0381870960523
602.1026051302565, 2433.936156192943
602.1326066303316, 2433.8341528146734
602.1626081304065, 2433.732176998131
602.1926096304815, 2433.630228780604
602.2226111305565, 2433.528308199778
602.2526126306316, 2433.4264152937353
602.2826141307065, 2433.3245501009496
602.3126156307816, 2433.222712660286
602.3426171308565, 2433.1209030109976
602.3726186309316, 2433.019121192722
602.4026201310065, 2432.9173672454835
602.4326216310816, 2432.815641209683
602.4626231311565, 2432.7139431261025
602.4926246312316, 2432.6122730358998
602.5226261313065, 2432.510630980606
602.5526276313816, 2432.4090170021223
602.5826291314565, 2432.3074311427204
602.6126306315316, 2432.205873445037
602.6426321316065, 2432.104343952073
602.6726336316816, 2432.00284270719
602.7026351317566, 2431.90136975411
602.7326366318316, 2431.7999251369088
602.7626381319066, 2431.698508900018
602.7926396319816, 2431.59712108822
602.8226411320566, 2431.495761746646
602.8526426321316, 2431.394430920773
602.8826441322067, 2431.2931286564235
602.9126456322816, 2431.1918549997595
602.9426471323566, 2431.090609997282
602.9726486324316, 2430.9893936958297
603.0026501325067, 2430.888206142573
603.0326516325816, 2430.787047385016
603.0626531326566, 2430.68591747099
603.0926546327316, 2430.584816448651
603.1226561328067, 2430.483744366481
603.1526576328816, 2430.382701273283
603.1826591329566, 2430.2816872181775
603.2126606330316, 2430.1807022506
603.2426621331067, 2430.079746420301
603.2726636331817, 2429.978819777342
603.3026651332566, 2429.8779223720912
603.3326666333317, 2429.7770542552234
603.3626681334067, 2429.6762154777157
603.3926696334817, 2429.5754060908475
603.4226711335567, 2429.4746261461937
603.4526726336317, 2429.3738756956263
603.4826741337067, 2429.2731547913086
603.5126756337817, 2429.1724634856955
603.5426771338567, 2429.071801831528
603.5726786339317, 2428.9711698818323
603.6026801340067, 2428.870567689917
603.6326816340817, 2428.769995309371
603.6626831341567, 2428.669452794059
603.6926846342317, 2428.5689401981203
603.7226861343067, 2428.468457575967
603.7526876343817, 2428.3680049822797
603.7826891344567, 2428.2675824720036
603.8126906345317, 2428.167190100352
603.8426921346068, 2428.066827922795
603.8726936346817, 2427.9664959950633
603.9026951347568, 2427.8661943731436
603.9326966348317, 2427.7659231132757
603.9626981349068, 2427.6656822719488
603.9926996349818, 2427.565471905902
604.0227011350568, 2427.4652920721182
604.0527026351317, 2427.3651428278235
604.0827041352068, 2427.2650242304826
604.1127056352818, 2427.1649363377996
604.1427071353568, 2427.064879207712
604.1727086354317, 2426.9648528983885
604.2027101355068, 2426.864857468228
604.2327116355818, 2426.764892975855
604.2627131356568, 2426.66495948012
604.2927146357317, 2426.565057040092
604.3227161358068, 2426.465185715059
604.3527176358818, 2426.3653455645253
604.3827191359568, 2426.2655366482095
604.4127206360317, 2426.165759026037
604.4427221361068, 2426.066012758144
604.4727236361819, 2425.9662979048703
604.5027251362568, 2425.866614526759
604.5327266363319, 2425.7669626845504
604.5627281364068, 2425.6673424391843
604.5927296364819, 2425.5677538517925
604.6227311365568, 2425.4681969836993
604.6527326366319, 2425.3686718964173
604.6827341367068, 2425.2691786516443
604.7127356367819, 2425.1697173112625
604.7427371368568, 2425.0702879373343
604.7727386369319, 2424.970890592099
604.8027401370068, 2424.871525337972
604.8327416370819, 2424.772192237539
604.8627431371568, 2424.672891353558
604.8927446372319, 2424.573622748952
604.9227461373068, 2424.4743864868083
604.9527476373819, 2424.375182630375
604.9827491374568, 2424.2760112430615
605.0127506375319, 2424.176872388429
605.0427521376068, 2424.0777661301945
605.0727536376819, 2423.978692532224
605.102755137757, 2423.879651658533
605.1327566378319, 2423.78064357328
605.1627581379068, 2423.681668340766
605.1927596379819, 2423.5827260254314
605.222761138057, 2423.483816691854
605.2527626381319, 2423.384940404744
605.2827641382069, 2423.286097228945
605.3127656382819, 2423.1872872294257
605.342767138357, 2423.0885104712834
605.3727686384319, 2422.989767019737
605.4027701385069, 2422.8910569401255
605.4327716385819, 2422.7923802979044
605.462773138657, 2422.693737158646
605.4927746387319, 2422.595127588032
605.5227761388069, 2422.496551651855
605.5527776388819, 2422.398009416013
605.582779138957, 2422.2995009465067
605.6127806390319, 2422.2010263094403
605.6427821391069, 2422.1025855710136
605.672783639182, 2422.0041787975215
605.702785139257, 2421.9058060553534
605.732786639332, 2421.807467410987
605.762788139407, 2421.709162930987
605.792789639482, 2421.610892682004
605.822791139557, 2421.5126567307666
605.852792639632, 2421.414455144086
605.882794139707, 2421.316287988846
605.912795639782, 2421.218155332007
605.942797139857, 2421.120057240596
605.972798639932, 2421.0219937817114
606.002800140007, 2420.9239650225136
606.032801640082, 2420.825971030227
606.062803140157, 2420.7280118721337
606.0928046402321, 2420.6300876155747
606.122806140307, 2420.5321983279428
606.152807640382, 2420.434344076683
606.182809140457, 2420.3365249292874
606.2128106405321, 2420.2387409532957
606.242812140607, 2420.1409922162898
606.272813640682, 2420.0432787858904
606.302815140757, 2419.9456007297563
606.3328166408321, 2419.847958115581
606.362818140907, 2419.750351011091
606.392819640982, 2419.65277948404
606.422821141057, 2419.555243602208
606.4528226411321, 2419.4577434334005
606.4828241412071, 2419.3602790454424
606.512825641282, 2419.2628505061775
606.5428271413571, 2419.1654578834628
606.5728286414321, 2419.068101245171
606.6028301415071, 2418.9707806591828
606.632831641582, 2418.8734961933865
606.6628331416571, 2418.7762479156745
606.6928346417321, 2418.679035893941
606.7228361418071, 2418.58186019608
606.752837641882, 2418.4847208899805
606.7828391419571, 2418.3876180435245
606.8128406420321, 2418.290551724586
606.8428421421071, 2418.193522001027
606.872843642182, 2418.096528940694
606.9028451422571, 2417.9995726114157
606.9328466423322, 2417.9026530810015
606.9628481424071, 2417.8057704172384
606.992849642482, 2417.7089246878863
607.0228511425571, 2417.612115960677
607.0528526426322, 2417.515344303312
607.0828541427072, 2417.418609783459
607.1128556427822, 2417.321912468749
607.1428571428571, 2417.2252524267733
607.1728586429322, 2417.1286297250813
607.2028601430072, 2417.0320444311787
607.2328616430822, 2416.935496612524
607.2628631431571, 2416.8389863365246
607.2928646432322, 2416.742513670535
607.3228661433072, 2416.6460786818557
607.3528676433822, 2416.5496814377293
607.3828691434571, 2416.4533220053354
607.4128706435322, 2416.3570004517915
607.4428721436072, 2416.26071684415
607.4728736436822, 2416.1644712493935
607.5028751437571, 2416.0682637344325
607.5328766438322, 2415.972094366104
607.5628781439073, 2415.8759632111683
607.5928796439822, 2415.779870336307
607.6228811440571, 2415.683815808117
607.6528826441322, 2415.5877996931126
607.6828841442073, 2415.4918220577206
607.7128856442822, 2415.395882968277
607.7428871443572, 2415.299982491025
607.7728886444322, 2415.2041206921117
607.8028901445073, 2415.108297637588
607.8328916445822, 2415.012513393403
607.8628931446572, 2414.9167680254022
607.8928946447322, 2414.8210615993257
607.9228961448073, 2414.725394180805
607.9528976448822, 2414.6297658353596
607.9828991449572, 2414.5341766283964
608.0129006450322, 2414.4386266252045
608.0429021451073, 2414.343115890955
608.0729036451822, 2414.247644490697
608.1029051452572, 2414.152212489356
608.1329066453322, 2414.056819951728
608.1629081454073, 2413.961466942483
608.1929096454822, 2413.866153526157
608.2229111455573, 2413.770879767152
608.2529126456323, 2413.6756457297324
608.2829141457073, 2413.580451478022
608.3129156457824, 2413.485297076004
608.3429171458573, 2413.3901825875155
608.3729186459323, 2413.2951080762464
608.4029201460073, 2413.2000736057357
608.4329216460824, 2413.1050792393717
608.4629231461573, 2413.0101250403854
608.4929246462323, 2412.9152110718514
608.5229261463073, 2412.820337396683
608.5529276463824, 2412.7255040776317
608.5829291464573, 2412.6307111772835
608.6129306465323, 2412.5359587580556
608.6429321466073, 2412.4412468821956
608.6729336466824, 2412.3465756117776
608.7029351467573, 2412.2519450087016
608.7329366468323, 2412.1573551346883
608.7629381469073, 2412.062806051278
608.7929396469824, 2411.9682978198284
608.8229411470573, 2411.8738305015127
608.8529426471323, 2411.7794041573147
608.8829441472074, 2411.685018848028
608.9129456472824, 2411.5906746342544
608.9429471473574, 2411.4963715763993
608.9729486474323, 2411.4021097346713
609.0029501475074, 2411.307889169077
609.0329516475824, 2411.213709939422
609.0629531476574, 2411.119572105307
609.0929546477323, 2411.0254757261227
609.1229561478074, 2410.931420861052
609.1529576478824, 2410.837407569065
609.1829591479574, 2410.7434359089157
609.2129606480323, 2410.6495059391427
609.2429621481074, 2410.5556177180624
609.2729636481824, 2410.461771303771
609.3029651482574, 2410.36796675414
609.3329666483324, 2410.274204126813
609.3629681484074, 2410.180483479205
609.3929696484824, 2410.0868048684997
609.4229711485575, 2409.993168351645
609.4529726486325, 2409.899573985355
609.4829741487074, 2409.8060218261026
609.5129756487825, 2409.7125119301204
609.5429771488575, 2409.619044353398
609.5729786489325, 2409.5256191516783
609.6029801490074, 2409.4322363804567
609.6329816490825, 2409.3388960949774
609.6629831491575, 2409.2455983502323
609.6929846492325, 2409.152343200958
609.7229861493074, 2409.0591307016343
609.7529876493825, 2408.9659609064793
609.7829891494575, 2408.8728338694505
609.8129906495325, 2408.7797496442417
609.8429921496074, 2408.686708284278
609.8729936496825, 2408.5937098427175
609.9029951497575, 2408.500754372446
609.9329966498325, 2408.4078419260763
609.9629981499074, 2408.3149725559456
609.9929996499825, 2408.2221463141123
610.0230011500576, 2408.1293632523552
610.0530026501325, 2408.036623422172
610.0830041502074, 2407.9439268747733
610.1130056502825, 2407.851273661084
610.1430071503576, 2407.7586638317403
610.1730086504325, 2407.6660974370866
610.2030101505075, 2407.5735745271745
610.2330116505825, 2407.4810951517584
610.2630131506576, 2407.3886593602965
610.2930146507325, 2407.296267201946
610.3230161508075, 2407.2039187255637
610.3530176508825, 2407.111613979698
610.3830191509576, 2407.0193530125957
610.4130206510325, 2406.927135872192
610.4430221511075, 2406.834962606112
610.4730236511825, 2406.742833261668
610.5030251512576, 2406.650747885857
610.5330266513326, 2406.5587065253594
610.5630281514076, 2406.4667092265368
610.5930296514825, 2406.3747560354277
610.6230311515576, 2406.282846997749
610.6530326516327, 2406.190982158891
610.6830341517076, 2406.099161563918
610.7130356517825, 2406.007385257563
610.7430371518576, 2405.915653284227
610.7730386519327, 2405.823965687979
610.8030401520076, 2405.732322512553
610.8330416520826, 2405.6407238013417
610.8630431521576, 2405.549169597401
610.8930446522327, 2405.4576599434436
610.9230461523076, 2405.36619488184
610.9530476523826, 2405.274774454613
610.9830491524576, 2405.1833987034383
611.0130506525327, 2405.092067669643
611.0430521526076, 2405.0007813942007
611.0730536526826, 2404.909539917732
611.1030551527576, 2404.818343280503
611.1330566528327, 2404.72719152242
611.1630581529076, 2404.636084683033
611.1930596529826, 2404.545022801527
611.2230611530576, 2404.4540059167257
611.2530626531327, 2404.3630340670875
611.2830641532076, 2404.272107290704
611.3130656532826, 2404.181225625296
611.3430671533577, 2404.0903891082153
611.3730686534327, 2403.99959777644
611.4030701535077, 2403.9088516665747
611.4330716535826, 2403.8181508148464
611.4630731536577, 2403.727495257103
611.4930746537327, 2403.6368850288145
611.5230761538077, 2403.5463201650678
611.5530776538826, 2403.4558007005653
611.5830791539577, 2403.3653266696256
611.6130806540327, 2403.274898106178
611.6430821541078, 2403.1845150437643
611.6730836541827, 2403.0941775155347
611.7030851542577, 2403.003885554247
611.7330866543327, 2402.9136391922634
611.7630881544078, 2402.823438461551
611.7930896544827, 2402.73328339368
611.8230911545577, 2402.643174019818
611.8530926546327, 2402.5531103707344
611.8830941547078, 2402.463092476794
611.9130956547828, 2402.3731203679567
611.9430971548577, 2402.2831940737765
611.9730986549328, 2402.1933136233993
612.0031001550078, 2402.10347904556
612.0331016550828, 2402.0136903685852
612.0631031551577, 2401.9239476203848
612.0931046552328, 2401.834250828456
612.1231061553078, 2401.744600019879
612.1531076553828, 2401.6549952213163
612.1831091554577, 2401.5654364590114
612.2131106555328, 2401.4759237587855
612.2431121556078, 2401.386457146038
612.2731136556828, 2401.297036645744
612.3031151557577, 2401.207662282452
612.3331166558328, 2401.1183340802836
612.3631181559078, 2401.0290520629314
612.3931196559828, 2400.9398162536577
612.4231211560577, 2400.850626675293
612.4531226561328, 2400.761483350233
612.4831241562079, 2400.67238630044
612.5131256562828, 2400.5833355474388
612.5431271563577, 2400.4943311123166
612.5731286564328, 2400.405373015721
612.6031301565079, 2400.3164612778596
612.6331316565828, 2400.227595918496
612.6631331566578, 2400.1387769569515
612.6931346567328, 2400.0500044121004
612.7231361568079, 2399.961278302373
612.7531376568829, 2399.8725986457493
612.7831391569579, 2399.783965459762
612.8131406570328, 2399.6953787614907
612.8431421571079, 2399.606838567564
612.8731436571829, 2399.518344894157
612.9031451572579, 2399.42989775699
612.9331466573328, 2399.341497171328
612.9631481574079, 2399.2531431519756
612.993149657483, 2399.1648357132813
613.0231511575579, 2399.0765748691333
613.0531526576328, 2398.988360632957
613.0831541577079, 2398.900193017716
613.113155657783, 2398.8120720359093
613.1431571578579, 2398.723997699572
613.1731586579328, 2398.6359700202715
613.2031601580079, 2398.5479890091074
613.233161658083, 2398.4600546767115
613.2631631581579, 2398.3721670332448
613.2931646582329, 2398.2843260883965
613.3231661583079, 2398.1965318513835
613.353167658383, 2398.10878433095
613.3831691584579, 2398.021083535365
613.4131706585329, 2397.93342947242
613.4431721586079, 2397.8458221494307
613.473173658683, 2397.7582615732344
613.5031751587579, 2397.670747750189
613.5331766588329, 2397.583280686172
613.5631781589079, 2397.4958603865784
613.593179658983, 2397.4084868563214
613.6231811590579, 2397.3211600998306
613.6531826591329, 2397.23388012105
613.6831841592079, 2397.146646923438
613.713185659283, 2397.0594605099664
613.743187159358, 2396.972320883119
613.7731886594329, 2396.8852280448914
613.803190159508, 2396.798181996787
613.833191659583, 2396.7111827398203
613.8631931596581, 2396.6242302745136
613.893194659733, 2396.5373246008967
613.923196159808, 2396.4504657185043
613.953197659883, 2396.3636536263766
613.9831991599581, 2396.276888323059
614.013200660033, 2396.1901698066013
614.043202160108, 2396.103498074553
614.073203660183, 2396.0168731239664
614.1032051602581, 2395.930294951396
614.133206660333, 2395.8437635528944
614.163208160408, 2395.757278924014
614.193209660483, 2395.670841059805
614.2232111605581, 2395.584449954815
614.253212660633, 2395.49810560309
614.283214160708, 2395.4118079981686
614.313215660783, 2395.3255571330856
614.3432171608581, 2395.239353000371
614.373218660933, 2395.1531955920473
614.403220161008, 2395.0670848996306
614.433221661083, 2394.9810209141265
614.4632231611581, 2394.895003626034
614.4932246612331, 2394.809033025343
614.523226161308, 2394.723109101531
614.5532276613831, 2394.6372318435665
614.5832291614581, 2394.551401239905
614.6132306615331, 2394.4656172784903
614.643232161608, 2394.3798799467545
614.6732336616831, 2394.2941892316135
614.7032351617581, 2394.208545119471
614.7332366618331, 2394.1229475962164
614.763238161908, 2394.0373966472216
614.7932396619831, 2393.951892257344
614.8232411620581, 2393.8664344109234
614.8532426621331, 2393.781023091784
614.883244162208, 2393.6956582832313
614.9132456622831, 2393.6103399680524
614.9432471623581, 2393.5250681285156
614.9732486624331, 2393.4398427463716
615.0032501625082, 2393.3546638028483
615.0332516625831, 2393.2695312786573
615.0632531626582, 2393.184445153985
615.0932546627332, 2393.0994054085
615.1232561628082, 2393.014412021349
615.1532576628831, 2392.9294649711546
615.1832591629582, 2392.8445642360184
615.2132606630332, 2392.759709793519
615.2432621631082, 2392.6749016207123
615.2732636631831, 2392.590139694129
615.3032651632582, 2392.505423989777
615.3332666633332, 2392.4207544831384
615.3632681634082, 2392.3361311491735
615.3932696634831, 2392.251553962314
615.4232711635582, 2392.1670228964686
615.4532726636332, 2392.082537925019
615.4832741637082, 2391.9980990208223
615.5132756637831, 2391.9137061562083
615.5432771638582, 2391.8293593029803
615.5732786639333, 2391.7450584324147
615.6032801640082, 2391.660803515262
615.6332816640831, 2391.576594521745
615.6632831641582, 2391.4924314215573
615.6932846642333, 2391.408314183868
615.7232861643082, 2391.324242777316
615.7532876643832, 2391.2402171700132
615.7832891644582, 2391.1562373295433
615.8132906645333, 2391.0723032229607
615.8432921646082, 2390.9884148167935
615.8732936646832, 2390.904572077039
615.9032951647582, 2390.820774969167
615.9332966648333, 2390.7370234581185
615.9632981649082, 2390.653317508306
615.9932996649832, 2390.569657083612
616.0233011650582, 2390.4860421473913
616.0533026651333, 2390.402472662469
616.0833041652082, 2390.3189485911416
616.1133056652833, 2390.2354698951763
616.1433071653582, 2390.1520365358115
616.1733086654333, 2390.068648473756
616.2033101655084, 2389.9853056691913
616.2333116655833, 2389.9020080817686
616.2633131656582, 2389.81875567061
616.2933146657333, 2389.7355483943093
616.3233161658084, 2389.6523862109325
616.3533176658833, 2389.5692690780156
616.3833191659583, 2389.4861969525664
616.4133206660333, 2389.403169791065
616.4433221661084, 2389.320187549463
616.4733236661833, 2389.237250183184
616.5033251662583, 2389.154357647123
616.5333266663333, 2389.0715098956475
616.5633281664084, 2388.9887068825983
616.5933296664833, 2388.9059485612884
616.6233311665583, 2388.8232348845036
616.6533326666333, 2388.740565804502
616.6833341667084, 2388.657941273016
616.7133356667833, 2388.5753612412523
616.7433371668583, 2388.49282565989
616.7733386669333, 2388.4103344790833
616.8033401670084, 2388.32788764846
616.8333416670833, 2388.2454851171246
616.8633431671583, 2388.163126833654
616.8933446672334, 2388.0808127461028
616.9233461673084, 2387.9985428020004
616.9533476673834, 2387.9163169483527
616.9833491674583, 2387.834135131642
617.0133506675334, 2387.751997297828
617.0433521676084, 2387.6699033923464
617.0733536676834, 2387.587853360113
617.1033551677583, 2387.5058471455195
617.1333566678334, 2387.4238846924377
617.1633581679084, 2387.341965944218
617.1933596679834, 2387.260090843691
617.2233611680583, 2387.178259333167
617.2533626681334, 2387.0964713544363
617.2833641682084, 2387.0147268487713
617.3133656682835, 2386.9330257569254
617.3433671683584, 2386.8513680191354
617.3733686684334, 2386.7697535751195
617.4033701685084, 2386.6881823640792
617.4333716685835, 2386.606654324701
617.4633731686584, 2386.525169395156
617.4933746687334, 2386.443727513099
617.5233761688085, 2386.3623286156712
617.5533776688835, 2386.280972639501
617.5833791689585, 2386.1996595207042
617.6133806690334, 2386.1183891948817
617.6433821691085, 2386.0371615971253
617.6733836691835, 2385.955976662015
617.7033851692585, 2385.8748343236216
617.7333866693334, 2385.7937345155046
617.7633881694085, 2385.712677170716
617.7933896694835, 2385.6316622217996
617.8233911695585, 2385.550689600793
617.8533926696334, 2385.469759239225
617.8833941697085, 2385.388871068121
617.9133956697835, 2385.308025018
617.9433971698585, 2385.2272210188785
617.9733986699334, 2385.1464590002684
618.0034001700085, 2385.06573889118
618.0334016700835, 2384.9850606201217
618.0634031701585, 2384.9044241151023
618.0934046702334, 2384.8238293036293
618.1234061703085, 2384.743276112712
618.1534076703836, 2384.6627644688624
618.1834091704585, 2384.5822942980953
618.2134106705334, 2384.501865525929
618.2434121706085, 2384.4214780773864
618.2734136706836, 2384.3411318769968
618.3034151707585, 2384.2608268487966
618.3334166708335, 2384.1805629163296
618.3634181709085, 2384.1003400026484
618.3934196709836, 2384.020158030315
618.4234211710586, 2383.9400169214045
618.4534226711336, 2383.859916597501
618.4834241712085, 2383.7798569797037
618.5134256712836, 2383.699837988624
618.5434271713586, 2383.6198595443902
618.5734286714336, 2383.5399215666466
618.6034301715085, 2383.460023974554
618.6334316715836, 2383.380166686792
618.6634331716587, 2383.30034962156
618.6934346717336, 2383.220572696579
618.7234361718085, 2383.1408358290905
618.7534376718836, 2383.061138935859
618.7834391719587, 2382.9814819331755
618.8134406720336, 2382.9018647368553
618.8434421721086, 2382.822287262239
618.8734436721836, 2382.742749424197
618.9034451722587, 2382.663251137129
618.9334466723336, 2382.5837923149643
618.9634481724086, 2382.5043728711644
618.9934496724836, 2382.4249927187234
619.0234511725587, 2382.3456517701707
619.0534526726336, 2382.266349937571
619.0834541727086, 2382.187087132525
619.1134556727836, 2382.107863266173
619.1434571728587, 2382.0286782491944
619.1734586729336, 2381.94953199181
619.2034601730086, 2381.870424403783
619.2334616730836, 2381.79135539442
619.2634631731587, 2381.712324872573
619.2934646732336, 2381.633332746641
619.3234661733086, 2381.5543789245703
619.3534676733836, 2381.4754633138577
619.3834691734587, 2381.39658582155
619.4134706735337, 2381.317746354248
619.4434721736086, 2381.2389448181043
619.4734736736837, 2381.1601811188284
619.5034751737587, 2381.0814551616863
619.5334766738338, 2381.002766851502
619.5634781739087, 2380.924116092661
619.5934796739837, 2380.8455027891087
619.6234811740587, 2380.7669268443537
619.6534826741338, 2380.688388161471
619.6834841742087, 2380.6098866430993
619.7134856742837, 2380.5314221914473
619.7434871743587, 2380.452994708292
619.7734886744338, 2380.3746040949814
619.8034901745087, 2380.2962502524374
619.8334916745837, 2380.2179330811555
619.8634931746587, 2380.1396524812067
619.8934946747338, 2380.06140835224
619.9234961748087, 2379.983200593485
619.9534976748837, 2379.9050291037506
619.9834991749588, 2379.8268937814296
620.0135006750338, 2379.748794524499
620.0435021751088, 2379.670731230522
620.0735036751837, 2379.5927037966503
620.1035051752588, 2379.5147121196246
620.1335066753338, 2379.4367560957776
620.1635081754088, 2379.3588356210357
620.1935096754837, 2379.28095059092
620.2235111755588, 2379.203100900548
620.2535126756338, 2379.125286444637
620.2835141757088, 2379.0475071175047
620.3135156757837, 2378.9697628130707
620.3435171758588, 2378.892053424859
620.3735186759338, 2378.8143788460006
620.4035201760088, 2378.736738969234
620.4335216760837, 2378.659133686908
620.4635231761588, 2378.581562890982
620.4935246762338, 2378.5040264730305
620.5235261763088, 2378.426524324245
620.5535276763837, 2378.349056335431
620.5835291764588, 2378.2716223970174
620.6135306765339, 2378.194222399052
620.6435321766089, 2378.116856231208
620.6735336766839, 2378.0395237827843
620.7035351767588, 2377.9622249427052
620.7335366768339, 2377.8849595995266
620.7635381769089, 2377.807727641436
620.7935396769839, 2377.7305289562537
620.8235411770588, 2377.6533634314364
620.8535426771339, 2377.576230954078
620.8835441772089, 2377.4991314109134
620.9135456772839, 2377.4220646883177
620.9435471773588, 2377.3450306723125
620.9735486774339, 2377.2680292485634
621.0035501775089, 2377.191060302385
621.0335516775839, 2377.1141237187435
621.0635531776588, 2377.037219382256
621.0935546777339, 2376.9603471771948
621.123556177809, 2376.88350698749
621.1535576778839, 2376.8066986967306
621.1835591779588, 2376.7299221881663
621.2135606780339, 2376.6531773447095
621.243562178109, 2376.576464048941
621.2735636781839, 2376.4997821831075
621.3035651782589, 2376.4231316291257
621.3335666783339, 2376.3465122685857
621.363568178409, 2376.2699239827525
621.3935696784839, 2376.1933666525674
621.4235711785589, 2376.1168401586515
621.4535726786339, 2376.040344381306
621.483574178709, 2375.963879200518
621.5135756787839, 2375.8874444959597
621.5435771788589, 2375.811040146992
621.5735786789339, 2375.7346660326666
621.603580179009, 2375.6583220317284
621.6335816790839, 2375.5820080226185
621.6635831791589, 2375.5057238834747
621.6935846792339, 2375.429469492135
621.723586179309, 2375.3532447261423
621.7535876793839, 2375.2770494627425
621.783589179459, 2375.20088357889
621.813590679534, 2375.124746951248
621.843592179609, 2375.048639456194
621.8735936796841, 2374.972560969819
621.903595179759, 2374.8965113679315
621.933596679834, 2374.8204905260595
621.963598179909, 2374.7444983194537
621.9935996799841, 2374.6685346230897
622.023601180059, 2374.5925993116703
622.053602680134, 2374.516692259627
622.083604180209, 2374.4408133411243
622.1136056802841, 2374.3649624300624
622.143607180359, 2374.289139400077
622.173608680434, 2374.213344124546
622.203610180509, 2374.1375764765867
622.2336116805841, 2374.0618363290637
622.263613180659, 2373.986123554589
622.293614680734, 2373.9104380255244
622.323616180809, 2373.8347796139833
622.3536176808841, 2373.7591481918366
622.383619180959, 2373.6835436307124
622.413620681034, 2373.6079658019994
622.443622181109, 2373.532414576848
622.4736236811841, 2373.4568898261778
622.503625181259, 2373.381391420675
622.533626681334, 2373.305919230796
622.5636281814091, 2373.2304731267736
622.5936296814841, 2373.155052978616
622.6236311815591, 2373.07965865611
622.653632681634, 2373.0042900288267
622.6836341817091, 2372.9289469661194
622.7136356817841, 2372.85362933713
622.7436371818591, 2372.778337010792
622.773638681934, 2372.7030698558283
622.8036401820091, 2372.627827740762
622.8336416820841, 2372.5526105339104
622.8636431821591, 2372.4774181033954
622.8936446822341, 2372.4022503171414
622.9236461823091, 2372.3271070428805
622.9536476823841, 2372.251988148152
622.9836491824592, 2372.1768935003115
623.0136506825341, 2372.101822966527
623.0436521826091, 2372.0267764137852
623.0736536826842, 2371.9517537088936
623.1036551827592, 2371.876754718485
623.1336566828342, 2371.8017793090175
623.1636581829091, 2371.726827346778
623.1936596829842, 2371.651898697887
623.2236611830592, 2371.5769932283
623.2536626831342, 2371.5021108038113
623.2836641832091, 2371.4272512900543
623.3136656832842, 2371.3524145525075
623.3436671833592, 2371.2776004564967
623.3736686834342, 2371.2028088671973
623.4036701835091, 2371.1280396496363
623.4336716835842, 2371.053292668698
623.4636731836592, 2370.978567789123
623.4936746837342, 2370.9038648755172
623.5236761838091, 2370.8291837923466
623.5536776838842, 2370.754524403948
623.5836791839592, 2370.6798865745263
623.6136806840342, 2370.6052701681624
623.6436821841091, 2370.530675048811
623.6736836841842, 2370.4561010803077
623.7036851842593, 2370.381548126371
623.7336866843342, 2370.3070160506036
623.7636881844091, 2370.2325047164973
623.7936896844842, 2370.1580139874354
623.8236911845593, 2370.083543726696
623.8536926846342, 2370.0090937974546
623.8836941847092, 2369.9346640627873
623.9136956847842, 2369.8602543856737
623.9436971848593, 2369.7858646290006
623.9736986849342, 2369.711494655565
624.0037001850092, 2369.637144328077
624.0337016850842, 2369.5628135091606
624.0637031851593, 2369.488502061362
624.0937046852343, 2369.4142098471475
624.1237061853093, 2369.339936728911
624.1537076853842, 2369.265682568973
624.1837091854593, 2369.191447229585
624.2137106855344, 2369.117230572935
624.2437121856093, 2369.043032461149
624.2737136856842, 2368.9688527562935
624.3037151857593, 2368.8946913203777
624.3337166858344, 2368.8205480153615
624.3637181859093, 2368.746422703152
624.3937196859843, 2368.6723152456125
624.4237211860593, 2368.598225504561
624.4537226861344, 2368.524153341778
624.4837241862093, 2368.450098619006
624.5137256862843, 2368.3760611979533
624.5437271863593, 2368.302040940299
624.5737286864344, 2368.228037707695
624.6037301865093, 2368.154051361769
624.6337316865843, 2368.080081764128
624.6637331866593, 2368.0061287763615
624.6937346867344, 2367.932192260045
624.7237361868093, 2367.8582720767445
624.7537376868843, 2367.784368088015
624.7837391869593, 2367.7104801554096
624.8137406870344, 2367.63660814048
624.8437421871093, 2367.562751904779
624.8737436871843, 2367.488911309866
624.9037451872593, 2367.415086217308
624.9337466873344, 2367.3412764886834
624.9637481874094, 2367.267481985588
624.9937496874843, 2367.1937025696343
625.0237511875594, 2367.1199381024567
625.0537526876344, 2367.0461884457154
625.0837541877094, 2366.972453461098
625.1137556877843, 2366.8987330103264
625.1437571878594, 2366.825026955153
625.1737586879344, 2366.7513351573725
625.2037601880095, 2366.6776574788196
625.2337616880844, 2366.6039937813753
625.2637631881594, 2366.5303439269665
625.2937646882344, 2366.4567077775737
625.3237661883095, 2366.383085195233
625.3537676883844, 2366.309476042037
625.3837691884594, 2366.235880180141
625.4137706885344, 2366.162297471766
625.4437721886095, 2366.0887277792003
625.4737736886844, 2366.015170964805
625.5037751887594, 2365.941626891016
625.5337766888345, 2365.868095420347
625.5637781889095, 2365.7945764153956
625.5937796889845, 2365.7210697388427
625.6237811890594, 2365.64757525346
625.6537826891345, 2365.5740928221094
625.6837841892095, 2365.5006223077494
625.7137856892845, 2365.4271635734376
625.7437871893594, 2365.353716482333
625.7737886894345, 2365.2802808977012
625.8037901895095, 2365.2068566829166
625.8337916895845, 2365.1334437014666
625.8637931896594, 2365.060041816954
625.8937946897345, 2364.986650893101
625.9237961898095, 2364.913270793754
625.9537976898845, 2364.8399013828835
625.9837991899594, 2364.7665425245914
626.0138006900345, 2364.693194083112
626.0438021901095, 2364.619855922817
626.0738036901845, 2364.546527908217
626.1038051902594, 2364.4732099039666
626.1338066903345, 2364.3999017748665
626.1638081904096, 2364.3266033858704
626.1938096904845, 2364.2533146020824
626.2238111905594, 2364.1800352887667
626.2538126906345, 2364.1067653113455
626.2838141907096, 2364.0335045354077
626.3138156907846, 2363.9602528267087
626.3438171908596, 2363.8870100511754
626.3738186909345, 2363.813776074909
626.4038201910096, 2363.740550764188
626.4338216910846, 2363.667333985474
626.4638231911596, 2363.594125605413
626.4938246912345, 2363.5209254908386
626.5238261913096, 2363.447733508778
626.5538276913846, 2363.374549526452
626.5838291914596, 2363.3013734112815
626.6138306915345, 2363.2282050308904
626.6438321916096, 2363.1550442531066
626.6738336916846, 2363.0818909459686
626.7038351917596, 2363.008744977728
626.7338366918345, 2362.9356062168517
626.7638381919096, 2362.8624745320276
626.7938396919847, 2362.7893497921664
626.8238411920596, 2362.7162318664055
626.8538426921345, 2362.643120624113
626.8838441922096, 2362.57001593489
626.9138456922847, 2362.496917668576
626.9438471923596, 2362.4238256952503
626.9738486924346, 2362.3507398852375
627.0038501925096, 2362.2776601091095
627.0338516925847, 2362.20458623769
627.0638531926596, 2362.1315181420564
627.0938546927346, 2362.0584556935455
627.1238561928096, 2361.9853987637553
627.1538576928847, 2361.912347224549
627.1838591929596, 2361.8393009480596
627.2138606930346, 2361.7662598066922
627.2438621931096, 2361.693223673126
627.2738636931847, 2361.620192420322
627.3038651932596, 2361.5471659215227
627.3338666933346, 2361.474144050257
627.3638681934096, 2361.401126680344
627.3938696934847, 2361.3281136858955
627.4238711935598, 2361.255104941321
627.4538726936347, 2361.182100321331
627.4838741937097, 2361.109099700937
627.5138756937847, 2361.0361029554606
627.5438771938598, 2360.9631099605344
627.5738786939347, 2360.890120592103
627.6038801940097, 2360.81713472643
627.6338816940847, 2360.7441522401023
627.6638831941598, 2360.671173010029
627.6938846942347, 2360.598196913449
627.7238861943097, 2360.5252238279318
627.7538876943847, 2360.4522536313843
627.7838891944598, 2360.37928620205
627.8138906945347, 2360.3063214185163
627.8438921946097, 2360.2333591597167
627.8738936946847, 2360.1603993049325
627.9038951947598, 2360.087441733799
627.9338966948347, 2360.0144863263076
627.9638981949097, 2359.94153296281
627.9938996949847, 2359.8685815240187
628.0239011950598, 2359.795631891017
628.0539026951348, 2359.722683945256
628.0839041952097, 2359.6497375685603
628.1139056952848, 2359.5767926431326
628.1439071953598, 2359.5038490515567
628.1739086954348, 2359.430906676799
628.2039101955097, 2359.3579654022155
628.2339116955848, 2359.285025111552
628.2639131956598, 2359.2120856889487
628.2939146957348, 2359.139147018945
628.3239161958097, 2359.066208986482
628.3539176958848, 2358.993271476904
628.3839191959598, 2358.920334375964
628.4139206960348, 2358.84739756983
628.4439221961097, 2358.774460945081
628.4739236961848, 2358.701524388718
628.5039251962598, 2358.6285877881623
628.5339266963348, 2358.555651031263
628.5639281964098, 2358.482714006296
628.5939296964848, 2358.4097766019718
628.6239311965599, 2358.3368387074347
628.6539326966349, 2358.2639002122705
628.6839341967099, 2358.190961006507
628.7139356967848, 2358.118020980619
628.7439371968599, 2358.0450800255294
628.7739386969349, 2357.972138032616
628.8039401970099, 2357.899194893712
628.8339416970848, 2357.826250501112
628.8639431971599, 2357.7533047475717
628.8939446972349, 2357.680357526316
628.9239461973099, 2357.607408731039
628.9539476973848, 2357.5344582559073
628.9839491974599, 2357.4615059955663
629.0139506975349, 2357.3885518451407
629.0439521976099, 2357.315595700239
629.0739536976848, 2357.2426374569577
629.1039551977599, 2357.1696770118824
629.133956697835, 2357.096714262093
629.1639581979099, 2357.023749105168
629.1939596979848, 2356.950781439185
629.2239611980599, 2356.8778111627253
629.253962698135, 2356.8048381748786
629.2839641982099, 2356.7318623752462
629.3139656982848, 2356.65888366394
629.3439671983599, 2356.585901941592
629.373968698435, 2356.512917109355
629.4039701985099, 2356.4399290689043
629.4339716985849, 2356.366937722443
629.4639731986599, 2356.2939429727053
629.493974698735, 2356.220944722958
629.5239761988099, 2356.147942877008
629.5539776988849, 2356.0749373392
629.5839791989599, 2356.001928014423
629.613980699035, 2355.928914808114
629.6439821991099, 2355.8558976262607
629.673983699185, 2355.782876375403
629.7039851992599, 2355.709850962639
629.733986699335, 2355.636821295626
629.76398819941, 2355.563787282586
629.793989699485, 2355.490748832307
629.8239911995599, 2355.4177058541472
629.853992699635, 2355.3446582580377
629.8839941997101, 2355.2716059544855
629.913995699785, 2355.19854885458
629.94399719986, 2355.1254868699907
629.973998699935, 2355.0524199129727
630.0040002000101, 2354.979347896374
630.034001700085, 2354.906270733632
630.06400320016, 2354.833188338781
630.094004700235, 2354.7601006264535
630.1240062003101, 2354.687007511885
630.154007700385, 2354.613908910916
630.18400920046, 2354.5408047399947
630.214010700535, 2354.467694916182
630.2440122006101, 2354.3945793571525
630.274013700685, 2354.3214579812006
630.30401520076, 2354.248330707239
630.334016700835, 2354.175197454805
630.3640182009101, 2354.1020581440666
630.394019700985, 2354.028912695818
630.42402120106, 2353.955761031488
630.454022701135, 2353.882603073144
630.4840242012101, 2353.8094387434903
630.514025701285, 2353.736267965876
630.54402720136, 2353.6630906642954
630.574028701435, 2353.589906763391
630.6040302015101, 2353.5167161884574
630.6340317015851, 2353.4435188654465
630.66403320166, 2353.3703147209644
630.6940347017351, 2353.2971036822805
630.7240362018101, 2353.2238856773292
630.7540377018851, 2353.15066063471
630.78403920196, 2353.0774284836943
630.8140407020351, 2353.004189154225
630.8440422021101, 2352.9309425769216
630.8740437021852, 2352.8576886830833
630.9040452022601, 2352.784427404691
630.9340467023351, 2352.711158674411
630.9640482024101, 2352.637882425596
630.9940497024852, 2352.564598592292
631.0240512025601, 2352.491307109238
631.0540527026351, 2352.4180079118682
631.0840542027101, 2352.3447009363185
631.1140557027852, 2352.2713861194256
631.1440572028602, 2352.1980633987355
631.1740587029351, 2352.1247327124975
631.2040602030102, 2352.0513939996736
631.2340617030852, 2351.978047199944
631.2640632031602, 2351.9046922537
631.2940647032351, 2351.8313291020577
631.3240662033102, 2351.757957686851
631.3540677033852, 2351.6845779506443
631.3840692034602, 2351.611189836727
631.4140707035351, 2351.537793289121
631.4440722036102, 2351.4643882525806
631.4740737036852, 2351.390974672599
631.5040752037602, 2351.3175524954077
631.5340767038351, 2351.24412166798
631.5640782039102, 2351.1706821380344
631.5940797039852, 2351.097233854039
631.6240812040602, 2351.02377676521
631.6540827041351, 2350.950310821517
631.6840842042102, 2350.876835973688
631.7140857042853, 2350.803352173205
631.7440872043602, 2350.7298593723167
631.7740887044351, 2350.656357524032
631.8040902045102, 2350.5828465821273
631.8340917045853, 2350.5093265011487
631.8640932046602, 2350.4357972364155
631.8940947047352, 2350.3622587440177
631.9240962048102, 2350.288710980828
631.9540977048853, 2350.215153904493
631.9840992049603, 2350.141587473446
632.0141007050353, 2350.068011646905
632.0441022051102, 2349.9944263848724
632.0741037051853, 2349.920831648144
632.1041052052603, 2349.847227398306
632.1341067053353, 2349.7736135977425
632.1641082054102, 2349.6999902096322
632.1941097054853, 2349.626357197957
632.2241112055603, 2349.5527145274978
632.2541127056353, 2349.4790621638444
632.2841142057102, 2349.4054000733936
632.3141157057853, 2349.3317282233506
632.3441172058604, 2349.2580465817355
632.3741187059353, 2349.1843551173815
632.4041202060102, 2349.1106537999403
632.4341217060853, 2349.0369425998824
632.4641232061604, 2348.9632214885028
632.4941247062353, 2348.889490437921
632.5241262063103, 2348.8157494210795
632.5541277063853, 2348.741998411755
632.5841292064604, 2348.6682373845542
632.6141307065353, 2348.5944663149194
632.6441322066103, 2348.520685179125
632.6741337066853, 2348.4468939542885
632.7041352067604, 2348.373092618367
632.7341367068353, 2348.2992811501613
632.7641382069103, 2348.2254595293166
632.7941397069853, 2348.1516277363276
632.8241412070604, 2348.0777857525372
632.8541427071353, 2348.003933560143
632.8841442072103, 2347.930071142196
632.9141457072853, 2347.856198482602
632.9441472073604, 2347.782315566129
632.9741487074353, 2347.708422378403
633.0041502075103, 2347.6345189059166
633.0341517075854, 2347.5606051360255
633.0641532076604, 2347.486681056953
633.0941547077355, 2347.412746657793
633.1241562078104, 2347.3388019285103
633.1541577078854, 2347.2648468599436
633.1841592079604, 2347.190881443808
633.2141607080355, 2347.1169056726962
633.2441622081104, 2347.042919540082
633.2741637081854, 2346.9689230403187
633.3041652082604, 2346.8949161686455
633.3341667083355, 2346.820898921188
633.3641682084104, 2346.7468712949585
633.3941697084854, 2346.67283328786
633.4241712085604, 2346.5987848986865
633.4541727086355, 2346.5247261271284
633.4841742087104, 2346.4506569737696
633.5141757087854, 2346.376577440092
633.5441772088604, 2346.302487528477
633.5741787089355, 2346.228387242208
633.6041802090105, 2346.154276585473
633.6341817090854, 2346.080155563362
633.6641832091605, 2346.0060241818746
633.6941847092355, 2345.931882447918
633.7241862093105, 2345.8577303693105
633.7541877093854, 2345.7835679547848
633.7841892094605, 2345.709395213983
633.8141907095355, 2345.6352121574673
633.8441922096105, 2345.561018796717
633.8741937096854, 2345.486815144127
633.9041952097605, 2345.4126012130196
633.9341967098355, 2345.338377017634
633.9641982099105, 2345.2641425731376
633.9941997099854, 2345.189897895623
634.0242012100605, 2345.1156430021106
634.0542027101355, 2345.0413779105475
634.0842042102105, 2344.9671026398164
634.1142057102854, 2344.8928172097294
634.1442072103605, 2344.818521641033
634.1742087104356, 2344.744215955411
634.2042102105106, 2344.669900175483
634.2342117105856, 2344.595574324808
634.2642132106605, 2344.521238427885
634.2942147107356, 2344.4468925101532
634.3242162108106, 2344.3725365979985
634.3542177108856, 2344.298170718749
634.3842192109605, 2344.2237949006803
634.4142207110356, 2344.149409173012
634.4442222111106, 2344.075013565918
634.4742237111856, 2344.0006081105194
634.5042252112605, 2343.926192838889
634.5342267113356, 2343.8517677840537
634.5642282114106, 2343.7773329799934
634.5942297114856, 2343.702888461645
634.6242312115605, 2343.6284342649024
634.6542327116356, 2343.553970426616
634.6842342117106, 2343.4794969845975
634.7142357117856, 2343.4050139776205
634.7442372118605, 2343.330521445416
634.7742387119356, 2343.2560194286834
634.8042402120107, 2343.181507969085
634.8342417120856, 2343.106987109247
634.8642432121605, 2343.0324568927635
634.8942447122356, 2342.957917364195
634.9242462123107, 2342.883368569075
634.9542477123856, 2342.8088105539046
634.9842492124606, 2342.7342433661543
635.0142507125356, 2342.659667054269
635.0442522126107, 2342.585081667667
635.0742537126856, 2342.5104872567417
635.1042552127606, 2342.4358838728594
635.1342567128356, 2342.361271568364
635.1642582129107, 2342.2866503965765
635.1942597129856, 2342.212020411798
635.2242612130606, 2342.1373816693063
635.2542627131356, 2342.06273422536
635.2842642132107, 2341.988078137199
635.3142657132856, 2341.9134134630467
635.3442672133607, 2341.838740262106
635.3742687134356, 2341.7640585945655
635.4042702135107, 2341.6893685216
635.4342717135858, 2341.6146701053635
635.4642732136607, 2341.5399634090045
635.4942747137356, 2341.465248496651
635.5242762138107, 2341.3905254334227
635.5542777138858, 2341.3157942854245
635.5842792139607, 2341.2410551197554
635.6142807140357, 2341.166308004498
635.6442822141107, 2341.091553008728
635.6742837141858, 2341.0167902025128
635.7042852142607, 2340.9420196569126
635.7342867143357, 2340.867241443975
635.7642882144107, 2340.792455636745
635.7942897144858, 2340.717662309259
635.8242912145607, 2340.6428615365494
635.8542927146357, 2340.5680533946397
635.8842942147107, 2340.4932379605507
635.9142957147858, 2340.4184153122983
635.9442972148607, 2340.3435855288953
635.9742987149357, 2340.268748690349
636.0043002150107, 2340.193904877664
636.0343017150858, 2340.119054172845
636.0643032151607, 2340.0441966588905
636.0943047152357, 2339.9693324197992
636.1243062153108, 2339.894461540568
636.1543077153858, 2339.819584107191
636.1843092154608, 2339.744700206665
636.2143107155357, 2339.669809926983
636.2443122156108, 2339.5949133571366
636.2743137156858, 2339.5200105871218
636.3043152157608, 2339.4451017079296
636.3343167158357, 2339.370186811556
636.3643182159108, 2339.2952659909943
636.3943197159858, 2339.2203393402397
636.4243212160608, 2339.1454069542883
636.4543227161358, 2339.070468929137
636.4843242162108, 2338.995525361783
636.5143257162858, 2338.920576350226
636.5443272163609, 2338.8456219934665
636.5743287164358, 2338.770662391506
636.6043302165108, 2338.695697645348
636.6343317165858, 2338.6207278569955
636.6643332166609, 2338.545753129457
636.6943347167359, 2338.4707735667357
636.7243362168108, 2338.3957892738417
636.7543377168859, 2338.3208003567847
636.7843392169609, 2338.2458069225745
636.8143407170359, 2338.170809079223
636.8443422171108, 2338.095806935741
636.8743437171859, 2338.020800602142
636.9043452172609, 2337.945790189439
636.9343467173359, 2337.8707758096452
636.9643482174108, 2337.7957575757764
636.9943497174859, 2337.7207356018416
637.0243512175609, 2337.645710002857
637.0543527176359, 2337.570680894832
637.0843542177108, 2337.4956483947794
637.1143557177859, 2337.420612620707
637.1443572178609, 2337.3455736916244
637.1743587179359, 2337.270531727536
637.2043602180108, 2337.1954868494445
637.2343617180859, 2337.1204391793494
637.264363218161, 2337.045388840247
637.2943647182359, 2336.9703359561336
637.3243662183108, 2336.8952806519937
637.3543677183859, 2336.8202230538113
637.384369218461, 2336.745163288566
637.4143707185359, 2336.6701014842297
637.4443722186109, 2336.5950377697673
637.4743737186859, 2336.519972275138
637.504375218761, 2336.444905131292
637.5343767188359, 2336.3698364701736
637.5643782189109, 2336.294766424715
637.5943797189859, 2336.2196951288397
637.624381219061, 2336.1446227174647
637.654382719136, 2336.0695493264884
637.684384219211, 2335.994475092804
637.7143857192859, 2335.919400154289
637.744387219361, 2335.8443246498073
637.774388719436, 2335.769248719211
637.804390219511, 2335.6941725033357
637.8343917195859, 2335.6190961440007
637.864393219661, 2335.5440197840076
637.894394719736, 2335.4689435671444
637.924396219811, 2335.393867638176
637.954397719886, 2335.3187921428494
637.984399219961, 2335.2437172278924
638.0144007200361, 2335.16864304101
638.044402220111, 2335.0935697308846
638.074403720186, 2335.0184974471777
638.104405220261, 2334.943426340522
638.1344067203361, 2334.868356562526
638.164408220411, 2334.7932882657756
638.194409720486, 2334.7182216038227
638.224411220561, 2334.643156731193
638.2544127206361, 2334.568093803383
638.284414220711, 2334.4930329768554
638.314415720786, 2334.4179744090447
638.344417220861, 2334.342918258346
638.3744187209361, 2334.267864684124
638.404420221011, 2334.192813846704
638.434421721086, 2334.117765907377
638.464423221161, 2334.0427210283906
638.4944247212361, 2333.967679372955
638.524426221311, 2333.892641105239
638.554427721386, 2333.8176063903666
638.584429221461, 2333.74257539442
638.6144307215361, 2333.667548284433
638.644432221611, 2333.592525228393
638.674433721686, 2333.517506395239
638.7044352217611, 2333.4424919548587
638.7344367218361, 2333.367482078089
638.7644382219112, 2333.292476936713
638.7944397219861, 2333.217476703458
638.8244412220611, 2333.1424815519977
638.8544427221361, 2333.0674916569424
638.8844442222112, 2332.9925071938474
638.9144457222861, 2332.917528339205
638.9444472223611, 2332.8425552704443
638.9744487224361, 2332.767588165928
639.0044502225112, 2332.6926272049536
639.0344517225861, 2332.617672567753
639.0644532226611, 2332.5427244354823
639.0944547227361, 2332.4677829902307
639.1244562228112, 2332.3928484150083
639.1544577228861, 2332.317920893756
639.1844592229611, 2332.2430006113354
639.2144607230362, 2332.1680877535237
639.2444622231112, 2332.093182507024
639.2744637231862, 2332.018285059451
639.3044652232611, 2331.943395599338
639.3344667233362, 2331.8685143161265
639.3644682234112, 2331.793641400176
639.3944697234862, 2331.7187770427468
639.4244712235611, 2331.6439214360107
639.4544727236362, 2331.569074773045
639.4844742237112, 2331.4942372478267
639.5144757237862, 2331.419409055236
639.5444772238611, 2331.3445903910488
639.5744787239362, 2331.269781451939
639.6044802240112, 2331.1949824354756
639.6344817240862, 2331.120193540117
639.6644832241611, 2331.0454149652114
639.6944847242362, 2330.970646910997
639.7244862243112, 2330.8958895785945
639.7544877243862, 2330.8211431700074
639.7844892244611, 2330.7464078881217
639.8144907245362, 2330.6716839367
639.8444922246113, 2330.5969715203805
639.8744937246863, 2330.522270844673
639.9044952247613, 2330.447582115965
639.9344967248362, 2330.3729055415056
639.9644982249113, 2330.2982413294126
639.9944997249863, 2330.223589688667
640.0245012250613, 2330.1489508291106
640.0545027251362, 2330.0743249614434
640.0845042252113, 2329.9997122972254
640.1145057252863, 2329.925113048862
640.1445072253613, 2329.8505274296185
640.1745087254362, 2329.7759556536002
640.2045102255113, 2329.7013979357653
640.2345117255863, 2329.6268544919094
640.2645132256613, 2329.5523255386693
640.2945147257362, 2329.4778112935246
640.3245162258113, 2329.4033119747824
640.3545177258864, 2329.3288278015834
640.3845192259613, 2329.254358993902
640.4145207260362, 2329.179905772535
640.4445222261113, 2329.105468359104
640.4745237261864, 2329.0310469760507
640.5045252262613, 2328.9566418466356
640.5345267263363, 2328.882253194935
640.5645282264113, 2328.8078812458366
640.5945297264864, 2328.733526225036
640.6245312265613, 2328.6591883590354
640.6545327266363, 2328.584867875142
640.6845342267113, 2328.5105650014602
640.7145357267864, 2328.4362799668975
640.7445372268613, 2328.36201300115
640.7745387269363, 2328.2877643347047
640.8045402270113, 2328.2135341988383
640.8345417270864, 2328.1393228256147
640.8645432271613, 2328.0651304478793
640.8945447272363, 2327.9909572992506
640.9245462273113, 2327.916803614126
640.9545477273864, 2327.8426696276774
640.9845492274615, 2327.7685555758444
641.0145507275364, 2327.694461695331
641.0445522276113, 2327.6203882236023
641.0745537276864, 2327.5463353988857
641.1045552277615, 2327.4723034601634
641.1345567278364, 2327.39829264717
641.1645582279114, 2327.324303200391
641.1945597279864, 2327.2503353610537
641.2245612280615, 2327.1763893711322
641.2545627281364, 2327.1024654733346
641.2845642282114, 2327.028563911113
641.3145657282864, 2326.9546849286394
641.3445672283615, 2326.880828770825
641.3745687284364, 2326.806995683302
641.4045702285114, 2326.733185912423
641.4345717285864, 2326.6593997052596
641.4645732286615, 2326.585637309598
641.4945747287364, 2326.511898973936
641.5245762288114, 2326.4381849474757
641.5545777288864, 2326.3644954801284
641.5845792289615, 2326.2908308224983
641.6145807290364, 2326.217191225889
641.6445822291114, 2326.143576942299
641.6745837291865, 2326.069988224408
641.7045852292615, 2325.9964253255916
641.7345867293365, 2325.922888499897
641.7645882294114, 2325.8493780020526
641.7945897294865, 2325.7758940874614
641.8245912295615, 2325.7024370121953
641.8545927296365, 2325.6290070329906
641.8845942297114, 2325.555604407248
641.9145957297865, 2325.482229393022
641.9445972298615, 2325.408882249027
641.9745987299365, 2325.3355632346215
642.0046002300114, 2325.262272609819
642.0346017300865, 2325.189010635267
642.0646032301615, 2325.1157775722513
642.0946047302365, 2325.0425736827
642.1246062303115, 2324.969399229161
642.1546077303865, 2324.8962544748156
642.1846092304615, 2324.8231396834685
642.2146107305366, 2324.750055119533
642.2446122306116, 2324.6770010480423
642.2746137306865, 2324.603977734642
642.3046152307616, 2324.530985445576
642.3346167308366, 2324.4580244476974
642.3646182309116, 2324.3850950084457
642.3946197309865, 2324.3121973958678
642.4246212310616, 2324.2393318785817
642.4546227311366, 2324.1664987258055
642.4846242312116, 2324.0936982073276
642.5146257312865, 2324.020930593514
642.5446272313616, 2323.9481961553056
642.5746287314366, 2323.8754951642027
642.6046302315116, 2323.8028278922775
642.6346317315865, 2323.730194612152
642.6646332316616, 2323.6575955970047
642.6946347317366, 2323.5850311205645
642.7246362318116, 2323.5125014571076
642.7546377318865, 2323.440006881443
642.7846392319616, 2323.3675476689205
642.8146407320367, 2323.2951240954208
642.8446422321116, 2323.222736437352
642.8746437321865, 2323.15038497164
642.9046452322616, 2323.0780699757347
642.9346467323367, 2323.005791727591
642.9646482324116, 2322.9335505056815
642.9946497324866, 2322.8613465889734
643.0246512325616, 2322.7891802569375
643.0546527326367, 2322.717051789539
643.0846542327116, 2322.6449614672347
643.1146557327866, 2322.572909570958
643.1446572328616, 2322.500896382134
643.1746587329367, 2322.428922182651
643.2046602330116, 2322.356987254877
643.2346617330867, 2322.285091881644
643.2646632331616, 2322.213236346242
643.2946647332367, 2322.1414209324184
643.3246662333117, 2322.069645924374
643.3546677333867, 2321.9979116067534
643.3846692334616, 2321.9262182646403
643.4146707335367, 2321.854566183562
643.4446722336118, 2321.782955649475
643.4746737336867, 2321.7113869487544
643.5046752337616, 2321.6398603682082
643.5346767338367, 2321.5683761950577
643.5646782339118, 2321.4969347169335
643.5946797339867, 2321.42553622187
643.6246812340617, 2321.3541809983117
643.6546827341367, 2321.282869335094
643.6846842342118, 2321.2116015214438
643.7146857342867, 2321.1403778469767
643.7446872343617, 2321.069198601689
643.7746887344367, 2320.9980640759522
643.8046902345118, 2320.926974560506
643.8346917345867, 2320.8559303464613
643.8646932346617, 2320.784931725289
643.8946947347367, 2320.7139789888106
643.9246962348118, 2320.643072429201
643.9546977348867, 2320.572212338976
643.9846992349617, 2320.5013990110047
644.0147007350367, 2320.430632738472
644.0447022351118, 2320.3599138149034
644.0747037351867, 2320.289242534142
644.1047052352617, 2320.2186191903543
644.1347067353367, 2320.1480440780197
644.1647082354118, 2320.0775174919227
644.1947097354868, 2320.007039727148
644.2247112355617, 2319.9366110790834
644.2547127356368, 2319.8662318434026
644.2847142357118, 2319.795902316069
644.3147157357868, 2319.7256227933253
644.3447172358617, 2319.6553935716843
644.3747187359368, 2319.5852149479406
644.4047202360118, 2319.51508721914
644.4347217360869, 2319.4450106825952
644.4647232361618, 2319.37498563587
644.4947247362368, 2319.3050123767684
644.5247262363118, 2319.235091203353
644.5547277363869, 2319.1652224139034
644.5847292364618, 2319.0954063069457
644.6147307365368, 2319.0256431812186
644.6447322366118, 2318.955933335692
644.6747337366869, 2318.8862770695387
644.7047352367618, 2318.8166746821494
644.7347367368368, 2318.7471264731103
644.7647382369119, 2318.677632742206
644.7947397369869, 2318.608193789416
644.8247412370619, 2318.538809914898
644.8547427371368, 2318.469481418999
644.8847442372119, 2318.400208602229
644.9147457372869, 2318.3309917652737
644.9447472373619, 2318.2618312089794
644.9747487374368, 2318.192727234348
645.0047502375119, 2318.123680142533
645.0347517375869, 2318.0546902348283
645.0647532376619, 2317.9857578126757
645.0947547377368, 2317.9168831776415
645.1247562378119, 2317.8480666314254
645.1547577378869, 2317.779308475845
645.1847592379619, 2317.7106090128327
645.2147607380368, 2317.6419685444353
645.2447622381119, 2317.5733873727954
645.274763738187, 2317.5048658001624
645.3047652382619, 2317.4364041288673
645.3347667383368, 2317.368002661337
645.3647682384119, 2317.2996617000695
645.394769738487, 2317.2313815476437
645.4247712385619, 2317.1631625066984
645.4547727386368, 2317.0950048799427
645.4847742387119, 2317.0269089701333
645.514775738787, 2316.958875080083
645.544777238862, 2316.890903512645
645.574778738937, 2316.8229945707067
645.6047802390119, 2316.7551485571935
645.634781739087, 2316.687365775053
645.664783239162, 2316.619646527246
645.694784739237, 2316.5519911167576
645.7247862393119, 2316.48439984657
645.754787739387, 2316.416873019676
645.784789239462, 2316.34941093905
645.814790739537, 2316.2820139076616
645.8447922396119, 2316.2146822284644
645.874793739687, 2316.1474162043846
645.904795239762, 2316.080216138316
645.934796739837, 2316.0130823331233
645.9647982399119, 2315.94601509162
645.994799739987, 2315.8790147165773
646.0248012400621, 2315.8120815107054
646.054802740137, 2315.745215776653
646.084804240212, 2315.678417817005
646.114805740287, 2315.6116879342717
646.1448072403621, 2315.545026430882
646.174808740437, 2315.478433609168
646.204810240512, 2315.411909771386
646.234811740587, 2315.34545521968
646.2648132406621, 2315.2790702560947
646.294814740737, 2315.2127551825506
646.324816240812, 2315.1465103008713
646.354817740887, 2315.080335912738
646.3848192409621, 2315.0142323196987
646.414820741037, 2314.9481998231768
646.444822241112, 2314.8822387244363
646.474823741187, 2314.8163493246066
646.5048252412621, 2314.7505319246447
646.534826741337, 2314.684786825352
646.564828241412, 2314.6191143273572
646.594829741487, 2314.553514731118
646.6248312415621, 2314.4879883368967
646.6548327416372, 2314.422535444777
646.6848342417121, 2314.3571563546425
646.714835741787, 2314.291851366176
646.7448372418621, 2314.226620778845
646.7748387419372, 2314.1614648919076
646.8048402420121, 2314.096384004399
646.8348417420871, 2314.0313784151263
646.8648432421621, 2313.966448422653
646.8948447422372, 2313.9015943253125
646.9248462423121, 2313.8368164211765
646.9548477423871, 2313.7721150080815
646.9848492424621, 2313.707490383581
647.0148507425372, 2313.6429428449705
647.0448522426121, 2313.578472689272
647.0748537426871, 2313.514080213222
647.1048552427621, 2313.4497657132692
647.1348567428372, 2313.3855294855684
647.1648582429121, 2313.3213718259763
647.1948597429871, 2313.257293030032
647.2248612430622, 2313.1932933929756
647.2548627431372, 2313.1293732097142
647.2848642432122, 2313.0655327748223
647.3148657432871, 2313.0017723825545
647.3448672433622, 2312.938092326814
647.3748687434372, 2312.8744929011586
647.4048702435122, 2312.8109743987925
647.4348717435871, 2312.7475371125547
647.4648732436622, 2312.6841813349224
647.4948747437372, 2312.6209073579894
647.5248762438122, 2312.5577154734765
647.5548777438871, 2312.49460597271
647.5848792439622, 2312.4315791466283
647.6148807440372, 2312.3686352857558
647.6448822441122, 2312.305774680224
647.6748837441871, 2312.2429976197386
647.7048852442622, 2312.180304393586
647.7348867443372, 2312.117695290623
647.7648882444123, 2312.055170599273
647.7948897444873, 2311.992730607518
647.8248912445622, 2311.9303756028853
647.8548927446373, 2311.8681058724565
647.8848942447123, 2311.805921702839
647.9148957447873, 2311.7438233801795
647.9448972448622, 2311.6818111901425
647.9748987449373, 2311.6198854179156
648.0049002450123, 2311.558046348193
648.0349017450873, 2311.4962942651723
648.0649032451622, 2311.4346294525553
648.0949047452373, 2311.3730521935204
648.1249062453123, 2311.3115627707334
648.1549077453873, 2311.250161466346
648.1849092454622, 2311.188848561972
648.2149107455373, 2311.1276243386837
648.2449122456123, 2311.0664890770167
648.2749137456873, 2311.0054430569494
648.3049152457622, 2310.944486557915
648.3349167458373, 2310.883619858761
648.3649182459123, 2310.822843237786
648.3949197459873, 2310.762156972692
648.4249212460622, 2310.701561340604
648.4549227461373, 2310.641056618063
648.4849242462124, 2310.5806430809916
648.5149257462873, 2310.5203210047275
648.5449272463622, 2310.4600906639844
648.5749287464373, 2310.399952332853
648.6049302465124, 2310.3399062848116
648.6349317465873, 2310.2799527926963
648.6649332466623, 2310.220092128702
648.6949347467373, 2310.1603245643814
648.7249362468124, 2310.100650370628
648.7549377468873, 2310.0410698176906
648.7849392469623, 2309.9815831751234
648.8149407470373, 2309.9221907118344
648.8449422471124, 2309.862892696034
648.8749437471873, 2309.803689395254
648.9049452472624, 2309.7445810763184
648.9349467473373, 2309.6855680053695
648.9649482474124, 2309.62665044782
648.9949497474875, 2309.567828668386
649.0249512475624, 2309.509102931049
649.0549527476373, 2309.4504734990705
649.0849542477124, 2309.391940634966
649.1149557477875, 2309.3335046005222
649.1449572478624, 2309.2751656567657
649.1749587479374, 2309.2169240639696
649.2049602480124, 2309.158780081645
649.2349617480875, 2309.1007339685325
649.2649632481624, 2309.042785982597
649.2949647482374, 2308.9849363810217
649.3249662483124, 2308.9271854201943
649.3549677483875, 2308.8695333557075
649.3849692484624, 2308.811980442353
649.4149707485374, 2308.7545269341085
649.4449722486124, 2308.6971730841356
649.4749737486875, 2308.63991914477
649.5049752487624, 2308.5827653675233
649.5349767488374, 2308.5257120030547
649.5649782489124, 2308.468759301193
649.5949797489875, 2308.411907510904
649.6249812490624, 2308.355156880306
649.6549827491374, 2308.298507656636
649.6849842492124, 2308.241960086284
649.7149857492875, 2308.1855144147385
649.7449872493625, 2308.129170886612
649.7749887494374, 2308.0729297456273
649.8049902495125, 2308.016791234597
649.8349917495875, 2307.96075559543
649.8649932496625, 2307.904823069144
649.8949947497374, 2307.848993895818
649.9249962498125, 2307.793268314595
649.9549977498875, 2307.7376465637044
649.9849992499625, 2307.6821288804376
650.0150007500375, 2307.6267155011196
650.0450022501125, 2307.571406661138
650.0750037501875, 2307.5162025949194
650.1050052502626, 2307.4611035359167
650.1350067503375, 2307.406109716624
650.1650082504125, 2307.3512213685303
650.1950097504875, 2307.2964387221664
650.2250112505626, 2307.241762007055
650.2550127506375, 2307.1871914517114
650.2850142507125, 2307.132727283661
650.3150157507876, 2307.0783697294073
650.3450172508626, 2307.024119014434
650.3750187509376, 2306.9699753631967
650.4050202510125, 2306.9159389991223
650.4350217510876, 2306.862010144597
650.4650232511626, 2306.8081890209533
650.4950247512376, 2306.7544758484823
650.5250262513125, 2306.7008708464036
650.5550277513876, 2306.64737423288
650.5850292514626, 2306.5939862249925
650.6150307515376, 2306.54070703875
650.6450322516125, 2306.4875368890716
650.6750337516876, 2306.43447598978
650.7050352517626, 2306.3815245536143
650.7350367518376, 2306.3286827921834
650.7650382519125, 2306.275950916007
650.7950397519876, 2306.223329134463
650.8250412520626, 2306.170817655832
650.8550427521376, 2306.118416687232
650.8850442522125, 2306.066126434674
650.9150457522876, 2306.0139471029934
650.9450472523627, 2305.9618788958933
650.9750487524376, 2305.9099220159187
651.0050502525125, 2305.8580766644445
651.0350517525876, 2305.806343041667
651.0650532526627, 2305.754721346623
651.0950547527376, 2305.70321177715
651.1250562528126, 2305.6518145299083
651.1550577528876, 2305.600529800353
651.1850592529627, 2305.549357782745
651.2150607530377, 2305.4982986701207
651.2450622531127, 2305.4473526543134
651.2750637531876, 2305.3965199259346
651.3050652532627, 2305.345800674363
651.3350667533377, 2305.2951950877437
651.3650682534127, 2305.244703352974
651.3950697534876, 2305.1943256557183
651.4250712535627, 2305.1440621803777
651.4550727536378, 2305.0939131100968
651.4850742537127, 2305.043878626754
651.5150757537876, 2304.9939589109526
651.5450772538627, 2304.944154142017
651.5750787539378, 2304.894464497997
651.6050802540127, 2304.844890155634
651.6350817540877, 2304.7954312903817
651.6650832541627, 2304.746088076401
651.6950847542378, 2304.696860686518
651.7250862543127, 2304.647749292281
651.7550877543877, 2304.59875406386
651.7850892544627, 2304.5498751701607
651.8150907545378, 2304.5011127787066
651.8450922546127, 2304.4524670557043
651.8750937546877, 2304.403938166013
651.9050952547627, 2304.355526273124
651.9350967548378, 2304.3072315391837
651.9650982549127, 2304.259054124985
651.9950997549877, 2304.210994189937
652.0251012550627, 2304.163051892051
652.0551027551378, 2304.1152273879998
652.0851042552127, 2304.067520833033
652.1151057552877, 2304.019932381031
652.1451072553627, 2303.9724621844493
652.1751087554378, 2303.925110394366
652.2051102555127, 2303.877877160416
652.2351117555877, 2303.830762630834
652.2651132556628, 2303.7837669524433
652.2951147557378, 2303.7368902706053
652.3251162558129, 2303.6901327292726
652.3551177558878, 2303.6434944709445
652.3851192559628, 2303.5969756366812
652.4151207560378, 2303.5505763660844
652.4451222561129, 2303.504296797298
652.4751237561878, 2303.458137067
652.5051252562628, 2303.4120973104054
652.5351267563378, 2303.366177661246
652.5651282564129, 2303.320378251776
652.5951297564878, 2303.2746992127654
652.6251312565628, 2303.2291406734894
652.6551327566378, 2303.183702761721
652.6851342567129, 2303.138385603726
652.7151357567878, 2303.0931893242796
652.7451372568628, 2303.0481140466272
652.7751387569378, 2303.0031598924866
652.8051402570129, 2302.9583269820823
652.8351417570879, 2302.9136154340545
652.8651432571628, 2302.869025365567
652.8951447572379, 2302.824556892187
652.9251462573129, 2302.780210127965
652.9551477573879, 2302.7359851853994
652.9851492574628, 2302.6918821754193
653.0151507575379, 2302.6479012073805
653.0451522576129, 2302.6040423890936
653.0751537576879, 2302.560305826788
653.1051552577628, 2302.5166916250914
653.1351567578379, 2302.4731998870775
653.1651582579129, 2302.429830714207
653.1951597579879, 2302.386584206357
653.2251612580628, 2302.3434604617905
653.2551627581379, 2302.3004595771877
653.285164258213, 2302.2575816475933
653.3151657582879, 2302.2148267664493
653.3451672583628, 2302.172195025576
653.3751687584379, 2302.12968651516
653.405170258513, 2302.087301323758
653.435171758588, 2302.045039538289
653.465173258663, 2302.0029012440546
653.4951747587379, 2301.9608865246646
653.525176258813, 2301.9189954621097
653.555177758888, 2301.8772281367214
653.585179258963, 2301.8355846271543
653.6151807590379, 2301.7940650104183
653.645182259113, 2301.752669361834
653.675183759188, 2301.7113977550403
653.705185259263, 2301.6702502620287
653.7351867593379, 2301.629226953075
653.765188259413, 2301.5883278967563
653.795189759488, 2301.5475531599986
653.825191259563, 2301.506902807975
653.8551927596379, 2301.4663769041986
653.885194259713, 2301.4259755104345
653.915195759788, 2301.3856986867736
653.945197259863, 2301.3455464915537
653.9751987599379, 2301.3055189814113
654.005200260013, 2301.2656162112344
654.0352017600881, 2301.225838234203
654.065203260163, 2301.186185101757
654.095204760238, 2301.1466568635656
654.125206260313, 2301.107253567581
654.1552077603881, 2301.0679752600086
654.185209260463, 2301.0288219852864
654.215210760538, 2300.989793786085
654.245212260613, 2300.950890703331
654.2752137606881, 2300.912112776169
654.305215260763, 2300.873460041989
654.335216760838, 2300.8349325363843
654.365218260913, 2300.796530293179
654.3952197609881, 2300.7582533444183
654.425221261063, 2300.7201017203506
654.455222761138, 2300.682075449422
654.485224261213, 2300.6441745583193
654.5152257612881, 2300.606399071857
654.5452272613632, 2300.5687490131286
654.5752287614381, 2300.5312244033726
654.605230261513, 2300.493825261999
654.6352317615881, 2300.4565516066577
654.6652332616632, 2300.4194034531165
654.6952347617381, 2300.382380815361
654.725236261813, 2300.345483705524
654.7552377618881, 2300.308712133907
654.7852392619632, 2300.272066109007
654.8152407620381, 2300.2355456374403
654.8452422621131, 2300.199150723983
654.8752437621881, 2300.1628813716106
654.9052452622632, 2300.12673758138
654.9352467623381, 2300.0907193525486
654.9652482624131, 2300.054826682489
654.9952497624881, 2300.0190595667063
655.0252512625632, 2299.9834179988616
655.0552527626381, 2299.9479019707364
655.0852542627131, 2299.9125114722283
655.1152557627881, 2299.877246491373
655.1452572628632, 2299.842107014335
655.1752587629381, 2299.807093025371
655.2052602630131, 2299.772204506868
655.2352617630881, 2299.7374414393234
655.2652632631632, 2299.7028038013445
655.2952647632382, 2299.668291569627
655.3252662633131, 2299.6339047189845
655.3552677633882, 2299.599643222317
655.3852692634632, 2299.565507050621
655.4152707635382, 2299.5314961730005
655.4452722636131, 2299.49761055662
655.4752737636882, 2299.4638501667496
655.5052752637632, 2299.430214966729
655.5352767638382, 2299.396704917986
655.5652782639131, 2299.363319980033
655.5952797639882, 2299.330060110439
655.6252812640632, 2299.296925264848
655.6552827641382, 2299.263915396954
655.6852842642132, 2299.231030458569
655.7152857642882, 2299.1982703995222
655.7452872643632, 2299.165635167702
655.7752887644383, 2299.1331247090743
655.8052902645132, 2299.1007389676447
655.8352917645882, 2299.068477885481
655.8652932646633, 2299.036341402693
655.8952947647383, 2299.004329457423
655.9252962648133, 2298.9724419858985
655.9552977648882, 2298.9406789223285
655.9852992649633, 2298.909040199037
656.0153007650383, 2298.877525746297
656.0453022651133, 2298.84613549249
656.0753037651882, 2298.814869363982
656.1053052652633, 2298.7837272851975
656.1353067653383, 2298.7527091785873
656.1653082654133, 2298.7218149645723
656.1953097654882, 2298.691044561684
656.2253112655633, 2298.660397886417
656.2553127656383, 2298.629874853295
656.2853142657133, 2298.5994753748546
656.3153157657882, 2298.5691993616756
656.3453172658633, 2298.539046722308
656.3753187659383, 2298.509017363349
656.4053202660133, 2298.4791111893783
656.4353217660882, 2298.4493281029972
656.4653232661633, 2298.4196680048008
656.4953247662384, 2298.3901307933947
656.5253262663133, 2298.360716365383
656.5553277663882, 2298.331424615394
656.5853292664633, 2298.3022554360005
656.6153307665384, 2298.273208717828
656.6453322666133, 2298.2442843494555
656.6753337666883, 2298.2154822174757
656.7053352667633, 2298.1868022064623
656.7353367668384, 2298.1582441989876
656.7653382669133, 2298.129808075636
656.7953397669884, 2298.101493714928
656.8253412670633, 2298.0733009933947
656.8553427671384, 2298.0452297855563
656.8853442672134, 2298.017279963926
656.9153457672884, 2297.9894513989693
656.9453472673633, 2297.9617439591675
656.9753487674384, 2297.93415751095
657.0053502675134, 2297.90669191875
657.0353517675884, 2297.8793470449755
657.0653532676633, 2297.8521227499764
657.0953547677384, 2297.8250188921256
657.1253562678135, 2297.7980353277453
657.1553577678884, 2297.7711719111517
657.1853592679633, 2297.7444284945996
657.2153607680384, 2297.7178049283366
657.2453622681135, 2297.6913010605963
657.2753637681884, 2297.6649167375595
657.3053652682634, 2297.638651803382
657.3353667683384, 2297.6125061002067
657.3653682684135, 2297.586479468113
657.3953697684884, 2297.5605717451585
657.4253712685634, 2297.534782767405
657.4553727686384, 2297.509112368849
657.4853742687135, 2297.4835603814417
657.5153757687884, 2297.458126635113
657.5453772688634, 2297.4328109577923
657.5753787689384, 2297.407613175317
657.6053802690135, 2297.3825331115145
657.6353817690884, 2297.3575705882126
657.6653832691634, 2297.3327254251435
657.6953847692384, 2297.3079974400507
657.7253862693135, 2297.2833864486106
657.7553877693884, 2297.2588922644995
657.7853892694634, 2297.234514699322
657.8153907695385, 2297.2102535626736
657.8453922696135, 2297.1861086620893
657.8753937696885, 2297.1620798030945
657.9053952697634, 2297.13816678918
657.9353967698385, 2297.114369421799
657.9653982699135, 2297.090687500333
657.9953997699886, 2297.067120822189
658.0254012700635, 2297.043669182703
658.0554027701385, 2297.020332375178
658.0854042702135, 2296.9971101909055
658.1154057702886, 2296.9740024191306
658.1454072703635, 2296.9510088470856
658.1754087704385, 2296.928129259928
658.2054102705135, 2296.905363440823
658.2354117705886, 2296.882711170911
658.2654132706635, 2296.860172229257
658.2954147707385, 2296.8377463929573
658.3254162708135, 2296.815433437049
658.3554177708886, 2296.793233134522
658.3854192709636, 2296.7711452564085
658.4154207710385, 2296.749169571634
658.4454222711136, 2296.7273058471565
658.4754237711886, 2296.7055538478835
658.5054252712636, 2296.6839133367225
658.5354267713385, 2296.662384074551
658.5654282714136, 2296.6409658202165
658.5954297714886, 2296.619658330558
658.6254312715636, 2296.5984613603923
658.6554327716385, 2296.577374662548
658.6854342717136, 2296.5563979878093
658.7154357717886, 2296.535531084954
658.7454372718636, 2296.51477370075
658.7754387719385, 2296.4941255799527
658.8054402720136, 2296.4735864653317
658.8354417720886, 2296.453156097611
658.8654432721636, 2296.432834215556
658.8954447722385, 2296.4126205558887
658.9254462723136, 2296.3925148533453
658.9554477723887, 2296.372516840665
658.9854492724636, 2296.352626248605
659.0154507725385, 2296.332842805897
659.0454522726136, 2296.3131662392684
659.0754537726887, 2296.293596273521
659.1054552727637, 2296.274132631401
659.1354567728387, 2296.254775033684
659.1654582729136, 2296.235523199195
659.1954597729887, 2296.2163768447026
659.2254612730637, 2296.1973356850785
659.2554627731387, 2296.1783994331677
659.2854642732136, 2296.1595677998284
659.3154657732887, 2296.1408404939866
659.3454672733637, 2296.122217222551
659.3754687734387, 2296.1036976905143
659.4054702735136, 2296.0852816008382
659.4354717735887, 2296.0669686545757
659.4654732736637, 2296.0487585508063
659.4954747737387, 2296.0306509866045
659.5254762738136, 2296.012645657169
659.5554777738887, 2295.9947422556625
659.5854792739638, 2295.9769404733593
659.6154807740387, 2295.9592399995886
659.6454822741136, 2295.9416405216525
659.6754837741887, 2295.924141725001
659.7054852742638, 2295.9067432931297
659.7354867743387, 2295.889444907564
659.7654882744137, 2295.8722462478963
659.7954897744887, 2295.8551469918248
659.8254912745638, 2295.8381468151256
659.8554927746387, 2295.8212453916162
659.8854942747137, 2295.804442393201
659.9154957747887, 2295.7877374898867
659.9454972748638, 2295.7711303497726
659.9754987749387, 2295.7546206390193
660.0055002750137, 2295.7382080218745
660.0355017750887, 2295.721892160741
660.0655032751638, 2295.7056727160693
660.0955047752387, 2295.689549346461
660.1255062753137, 2295.673521708549
660.1555077753887, 2295.657589457179
660.1855092754638, 2295.6417522452434
660.2155107755389, 2295.626009723757
660.2455122756138, 2295.610361541897
660.2755137756888, 2295.594807346947
660.3055152757638, 2295.579346784323
660.3355167758389, 2295.563979497576
660.3655182759138, 2295.5487051283835
660.3955197759888, 2295.533523316601
660.4255212760638, 2295.518433700221
660.4555227761389, 2295.5034359153583
660.4855242762138, 2295.4885295963168
660.5155257762888, 2295.4737143755888
660.5455272763638, 2295.4589898837557
660.5755287764389, 2295.444355749612
660.6055302765138, 2295.4298116001582
660.6355317765888, 2295.4153570605213
660.6655332766638, 2295.4009917540443
660.6955347767389, 2295.386715302243
660.7255362768138, 2295.3725273248215
660.7555377768888, 2295.3584274397226
660.7855392769638, 2295.3444152630345
660.8155407770389, 2295.330490409105
660.8455422771139, 2295.3166524904595
660.8755437771888, 2295.3029011178564
660.9055452772639, 2295.2892359002685
660.9355467773389, 2295.2756564449005
660.9655482774139, 2295.262162357203
660.9955497774888, 2295.248753240855
661.0255512775639, 2295.235428697779
661.0555527776389, 2295.222188328136
661.0855542777139, 2295.209031730353
661.1155557777888, 2295.1959585011055
661.1455572778639, 2295.182968235358
661.1755587779389, 2295.1700605263213
661.2055602780139, 2295.157234965488
661.2355617780888, 2295.1444911426315
661.2655632781639, 2295.13182864584
661.2955647782389, 2295.1192470614315
661.325566278314, 2295.106745974108
661.355567778389, 2295.094324966756
661.3855692784639, 2295.0819836207193
661.415570778539, 2295.0697215155415
661.445572278614, 2295.0575382291468
661.475573778689, 2295.0454333377556
661.5055752787639, 2295.0334064159447
661.535576778839, 2295.0214570366215
661.565578278914, 2295.0095847710422
661.595579778989, 2294.997789188798
661.6255812790639, 2294.9860698578927
661.655582779139, 2294.974426344603
661.685584279214, 2294.9628582136847
661.715585779289, 2294.951365028158
661.7455872793639, 2294.939946349542
661.775588779439, 2294.928601737662
661.805590279514, 2294.9173307507644
661.835591779589, 2294.906132945517
661.8655932796639, 2294.8950078769676
661.895594779739, 2294.883955098612
661.925596279814, 2294.8729741623392
661.955597779889, 2294.862064618498
661.9855992799639, 2294.8512260158436
662.015600780039, 2294.8404579016305
662.045602280114, 2294.8297598214567
662.075603780189, 2294.8191313195316
662.105605280264, 2294.8085719383726
662.135606780339, 2294.7980812190913
662.1656082804141, 2294.7876587011833
662.195609780489, 2294.7773039227322
662.225611280564, 2294.7670164202095
662.255612780639, 2294.756795728665
662.2856142807141, 2294.7466413816246
662.315615780789, 2294.7365529111407
662.345617280864, 2294.726529847765
662.375618780939, 2294.7165717205894
662.4056202810141, 2294.706678057307
662.435621781089, 2294.6968483840374
662.4656232811641, 2294.6870822255737
662.495624781239, 2294.6773791051737
662.5256262813141, 2294.6677385447156
662.5556277813891, 2294.6581600646646
662.5856292814641, 2294.6486431839994
662.615630781539, 2294.639187420403
662.6456322816141, 2294.6297922900553
662.6756337816892, 2294.6204573078094
662.7056352817641, 2294.6111819870885
662.735636781839, 2294.601965839939
662.7656382819141, 2294.5928083771587
662.7956397819892, 2294.583709107959
662.8256412820641, 2294.5746675404384
662.8556427821391, 2294.5656831812125
662.8856442822141, 2294.556755535584
662.9156457822892, 2294.547884107527
662.9456472823641, 2294.539068399743
662.9756487824391, 2294.5303079135733
663.0056502825141, 2294.5216021490824
663.0356517825892, 2294.5129506050384
663.0656532826641, 2294.5043527789403
663.0956547827391, 2294.49580816693
663.1256562828141, 2294.48731626405
663.1556577828892, 2294.478876563923
663.1856592829641, 2294.470488559001
663.2156607830391, 2294.462151740454
663.2456622831141, 2294.453865598264
663.2756637831892, 2294.445629621219
663.3056652832641, 2294.437443296793
663.3356667833391, 2294.4293061112994
663.3656682834142, 2294.4212175499324
663.3956697834892, 2294.4131770966064
663.4256712835642, 2294.4051842340523
663.4556727836391, 2294.3972384439303
663.4856742837142, 2294.3893392066225
663.5156757837892, 2294.381486001489
663.5456772838642, 2294.373678306639
663.5756787839392, 2294.3659155991095
663.6056802840142, 2294.3581973548207
663.6356817840892, 2294.3505230485357
663.6656832841643, 2294.3428921539717
663.6956847842392, 2294.335304143706
663.7256862843142, 2294.3277584892794
663.7556877843892, 2294.3202546610983
663.7856892844643, 2294.312792128606
663.8156907845392, 2294.305370360077
663.8456922846142, 2294.2979888227997
663.8756937846892, 2294.2906469830655
663.9056952847643, 2294.283344306079
663.9356967848393, 2294.2760802560547
663.9656982849142, 2294.2688542961932
663.9956997849893, 2294.2616658887373
664.0257012850643, 2294.2545144949286
664.0557027851393, 2294.2473995749765
664.0857042852142, 2294.2403205882747
664.1157057852893, 2294.2332769930717
664.1457072853643, 2294.2262682468195
664.1757087854393, 2294.2192938059816
664.2057102855142, 2294.212353126106
664.2357117855893, 2294.2054456618544
664.2657132856643, 2294.1985708669326
664.2957147857393, 2294.1917281942156
664.3257162858142, 2294.1849170956466
664.3557177858893, 2294.1781370223634
664.3857192859643, 2294.1713874245424
664.4157207860393, 2294.164667751658
664.4457222861142, 2294.1579774521856
664.4757237861893, 2294.15131597393
664.5057252862644, 2294.144682763738
664.5357267863393, 2294.138077267758
664.5657282864142, 2294.1314989312837
664.5957297864893, 2294.124947198875
664.6257312865644, 2294.1184215142757
664.6557327866393, 2294.1119213204856
664.6857342867143, 2294.105446059741
664.7157357867893, 2294.0989951735746
664.7457372868644, 2294.092568102753
664.7757387869394, 2294.086164287323
664.8057402870144, 2294.0797831667155
664.8357417870893, 2294.0734241795417
664.8657432871644, 2294.0670867638164
664.8957447872394, 2294.060770356819
664.9257462873144, 2294.0544743952155
664.9557477873893, 2294.048198315029
664.9857492874644, 2294.041941551578
665.0157507875394, 2294.0357035396855
665.0457522876144, 2294.029483713411
665.0757537876893, 2294.02328150632
665.1057552877644, 2294.017096351334
665.1357567878395, 2294.010927680802
665.1657582879144, 2294.004774926554
665.1957597879893, 2293.9986375197504
665.2257612880644, 2293.9925148911457
665.2557627881395, 2293.9864064708518
665.2857642882144, 2293.9803116885487
665.3157657882894, 2293.9742299733616
665.3457672883644, 2293.968160753898
665.3757687884395, 2293.9621034582933
665.4057702885144, 2293.956057514274
665.4357717885894, 2293.950022349051
665.4657732886644, 2293.9439973893386
665.4957747887395, 2293.937982061516
665.5257762888144, 2293.931975791519
665.5557777888894, 2293.92597800477
665.5857792889644, 2293.919988126422
665.6157807890395, 2293.9140055811554
665.6457822891144, 2293.908029793354
665.6757837891894, 2293.9020601869393
665.7057852892644, 2293.8960961855555
665.7357867893395, 2293.89013721246
665.7657882894144, 2293.884182690664
665.7957897894894, 2293.8782320428154
665.8257912895644, 2293.872284691243
665.8557927896395, 2293.8663400579703
665.8857942897146, 2293.8603975648252
665.9157957897895, 2293.85445663333
665.9457972898645, 2293.848516684773
665.9757987899395, 2293.842577140153
666.0058002900146, 2293.8366374203056
666.0358017900895, 2293.8306969458213
666.0658032901645, 2293.824755137148
666.0958047902395, 2293.818811414423
666.1258062903146, 2293.812865197735
666.1558077903895, 2293.806915906962
666.1858092904645, 2293.8009629618673
666.2158107905395, 2293.7950057820167
666.2458122906146, 2293.7890437869105
666.2758137906895, 2293.7830763958873
666.3058152907645, 2293.777103028306
666.3358167908395, 2293.771123103277
666.3658182909146, 2293.765136039968
666.3958197909895, 2293.759141257434
666.4258212910645, 2293.7531381747344
666.4558227911396, 2293.747126210845
666.4858242912146, 2293.741104784758
666.5158257912896, 2293.735073315451
666.5458272913645, 2293.7290312219507
666.5758287914396, 2293.7229779231766
666.6058302915146, 2293.716912838264
666.6358317915896, 2293.710835386366
666.6658332916645, 2293.7047449865277
666.6958347917396, 2293.69864105805
666.7258362918146, 2293.6925230202596
666.7558377918896, 2293.686390292621
666.7858392919645, 2293.680242294706
666.8158407920396, 2293.6740784461467
666.8458422921146, 2293.667898166803
666.8758437921896, 2293.6617008767153
666.9058452922645, 2293.6554859959942
666.9358467923396, 2293.649252945007
666.9658482924146, 2293.6430011443517
666.9958497924897, 2293.6367300146985
667.0258512925647, 2293.630438977144
667.0558527926396, 2293.624127452842
667.0858542927147, 2293.617794863346
667.1158557927897, 2293.61144063037
667.1458572928647, 2293.605064176001
667.1758587929396, 2293.598664922531
667.2058602930147, 2293.5922422926133
667.2358617930897, 2293.585795709241
667.2658632931647, 2293.5793245957375
667.2958647932396, 2293.5728283757435
667.3258662933147, 2293.5663064732666
667.3558677933897, 2293.5597583127383
667.3858692934647, 2293.553183318953
667.4158707935396, 2293.5465809171747
667.4458722936147, 2293.5399505329697
667.4758737936897, 2293.5332915924446
667.5058752937647, 2293.526603522042
667.5358767938396, 2293.519885748898
667.5658782939147, 2293.513137700359
667.5958797939898, 2293.506358804408
667.6258812940647, 2293.499548489498
667.6558827941396, 2293.492706184682
667.6858842942147, 2293.485831319365
667.7158857942898, 2293.478923323751
667.7458872943647, 2293.4719816283564
667.7758887944397, 2293.4650056644896
667.8058902945147, 2293.4579948638884
667.8358917945898, 2293.4509486590136
667.8658932946647, 2293.44386648289
667.8958947947397, 2293.4367477691994
667.9258962948147, 2293.4295919522115
667.9558977948898, 2293.422398466986
667.9858992949647, 2293.4151667491037
668.0159007950397, 2293.4078962350177
668.0459022951147, 2293.400586361734
668.0759037951898, 2293.3932365670667
668.1059052952648, 2293.3858462895305
668.1359067953398, 2293.3784149684107
668.1659082954147, 2293.3709420437303
668.1959097954898, 2293.363426956357
668.2259112955649, 2293.355869147943
668.2559127956398, 2293.348268060786
668.2859142957147, 2293.340623138243
668.3159157957898, 2293.3329338243884
668.3459172958649, 2293.3251995641176
668.3759187959398, 2293.317419803342
668.4059202960148, 2293.3095939886753
668.4359217960898, 2293.301721567759
668.4659232961649, 2293.2938019890685
668.4959247962398, 2293.2858347020465
668.5259262963148, 2293.277819157049
668.5559277963898, 2293.2697548054657
668.5859292964649, 2293.261641099502
668.6159307965398, 2293.253477492503
668.6459322966148, 2293.2452634387596
668.6759337966898, 2293.2369983935496
668.7059352967649, 2293.228681813157
668.7359367968398, 2293.2203131550796
668.7659382969148, 2293.2118918776087
668.7959397969898, 2293.203417440325
668.8259412970649, 2293.1948893038243
668.8559427971398, 2293.1863069297588
668.8859442972148, 2293.177669780971
668.9159457972899, 2293.1689773213784
668.9459472973649, 2293.16022901614
668.9759487974399, 2293.1514243314405
669.0059502975148, 2293.142562734754
669.0359517975899, 2293.13364369469
669.0659532976649, 2293.124666681073
669.0959547977399, 2293.1156311649397
669.1259562978148, 2293.1065366186463
669.1559577978899, 2293.0973825156784
669.1859592979649, 2293.0881683308144
669.2159607980399, 2293.0788935402015
669.2459622981149, 2293.0695576211333
669.2759637981899, 2293.0601600523396
669.3059652982649, 2293.0507003139396
669.33596679834, 2293.0411778871307
669.3659682984149, 2293.031592254711
669.3959697984899, 2293.021942900714
669.425971298565, 2293.0122293106224
669.45597279864, 2293.002450971335
669.485974298715, 2292.9926073710076
669.5159757987899, 2292.982697999507
669.545977298865, 2292.9727223478394
669.57597879894, 2292.962679908681
669.605980299015, 2292.9525701761095
669.6359817990899, 2292.942392645686
669.665983299165, 2292.9321468144135
669.69598479924, 2292.921832180998
669.725986299315, 2292.911448245448
669.7559877993899, 2292.9009945094986
669.785989299465, 2292.890470476358
669.81599079954, 2292.8798756508086
669.845992299615, 2292.869209539248
669.8759937996899, 2292.85847164969
669.905995299765, 2292.8476614917845
669.93599679984, 2292.8367785767146
669.965998299915, 2292.825822417439
669.9959997999899, 2292.8147925285566
670.026001300065, 2292.803688426266
670.05600280014, 2292.792509628511
670.086004300215, 2292.781255654961
670.1160058002899, 2292.769926027032
670.146007300365, 2292.7585202678038
670.1760088004401, 2292.7470379021674
670.206010300515, 2292.735478456752
670.23601180059, 2292.7238414599997
670.266013300665, 2292.712126442101
670.2960148007401, 2292.700332935096
670.326016300815, 2292.6884604728684
670.3560178008901, 2292.676508591059
670.386019300965, 2292.6644768273172
670.4160208010401, 2292.6523647209265
670.4460223011151, 2292.6401718133407
670.4760238011901, 2292.627897647658
670.506025301265, 2292.6155417691484
670.5360268013401, 2292.603103724702
670.5660283014151, 2292.5905830634542
670.5960298014901, 2292.57797933627
670.626031301565, 2292.565292096096
670.6560328016401, 2292.5525208978715
670.6860343017152, 2292.5396652984145
670.7160358017901, 2292.5267248567893
670.746037301865, 2292.5136991338927
670.7760388019401, 2292.5005876927344
670.8060403020152, 2292.4873900983525
670.8360418020901, 2292.4741059179582
670.866043302165, 2292.460734720679
670.8960448022401, 2292.4472760778676
670.9260463023152, 2292.4337295630025
670.9560478023901, 2292.4200947516138
670.9860493024651, 2292.4063712214806
671.0160508025401, 2292.392558552421
671.0460523026152, 2292.3786563265026
671.0760538026901, 2292.3646641279324
671.1060553027651, 2292.3505815431777
671.1360568028401, 2292.3364081609116
671.1660583029152, 2292.3221435719697
671.1960598029901, 2292.3077873694783
671.2260613030651, 2292.2933391489073
671.2560628031401, 2292.278798507794
671.2860643032152, 2292.264165046164
671.3160658032901, 2292.249438366268
671.3460673033651, 2292.234618072521
671.3760688034401, 2292.219703772002
671.4060703035152, 2292.2046950738377
671.4360718035902, 2292.18959158962
671.4660733036651, 2292.174392933261
671.4960748037402, 2292.1590987211957
671.5260763038152, 2292.1437085720627
671.5560778038903, 2292.128222107092
671.5860793039652, 2292.112638949744
671.6160808040402, 2292.096958726142
671.6460823041152, 2292.0811810646305
671.6760838041903, 2292.0653055962025
671.7060853042652, 2292.049331954323
671.7360868043402, 2292.033259774748
671.7660883044152, 2292.017088695981
671.7960898044903, 2292.0008183588975
671.8260913045652, 2291.9844484070045
671.8560928046402, 2291.9679784863692
671.8860943047152, 2291.951408245344
671.9160958047903, 2291.9347373352775
671.9460973048652, 2291.917965409788
671.9760988049402, 2291.901092125212
672.0061003050153, 2291.884117140567
672.0361018050903, 2291.867040117359
672.0661033051653, 2291.8498607198126
672.0961048052402, 2291.832578614715
672.1261063053153, 2291.8151934717916
672.1561078053903, 2291.7977049630836
672.1861093054653, 2291.780112763542
672.2161108055402, 2291.7624165507877
672.2461123056153, 2291.7446160051322
672.2761138056903, 2291.726710809695
672.3061153057653, 2291.7087006501943
672.3361168058402, 2291.6905852152186
672.3661183059153, 2291.6723641960803
672.3961198059903, 2291.6540372869854
672.4261213060653, 2291.6356041847403
672.4561228061402, 2291.6170645891643
672.4861243062153, 2291.5984182026873
672.5161258062903, 2291.579664730807
672.5461273063653, 2291.5608038816276
672.5761288064402, 2291.541835366308
672.6061303065153, 2291.522758898781
672.6361318065904, 2291.503574195872
672.6661333066654, 2291.4842809773445
672.6961348067404, 2291.464878965805
672.7261363068153, 2291.4453678868094
672.7561378068904, 2291.4257474689102
672.7861393069654, 2291.4060174434712
672.8161408070404, 2291.3861775448813
672.8461423071153, 2291.366227510613
672.8761438071904, 2291.3461670809065
672.9061453072654, 2291.3259959991547
672.9361468073404, 2291.305714011797
672.9661483074153, 2291.285320867965
672.9961498074904, 2291.264816320207
673.0261513075654, 2291.244200123961
673.0561528076404, 2291.223472037634
673.0861543077153, 2291.202631822925
673.1161558077904, 2291.181679244325
673.1461573078655, 2291.16061406954
673.1761588079404, 2291.139436069435
673.2061603080153, 2291.118145017976
673.2361618080904, 2291.0967406920777
673.2661633081655, 2291.0752228720303
673.2961648082404, 2291.0535913411604
673.3261663083154, 2291.031845885862
673.3561678083904, 2291.009986295904
673.3861693084655, 2290.988012363972
673.4161708085404, 2290.965923886117
673.4461723086154, 2290.9437206615635
673.4761738086904, 2290.921402492773
673.5061753087655, 2290.8989691854235
673.5361768088404, 2290.8764205482407
673.5661783089154, 2290.8537563934974
673.5961798089904, 2290.830976536375
673.6261813090655, 2290.808080795793
673.6561828091404, 2290.785068993375
673.6861843092154, 2290.761940954597
673.7161858092904, 2290.7386965077712
673.7461873093655, 2290.715335484709
673.7761888094406, 2290.6918577206065
673.8061903095155, 2290.6682630539017
673.8361918095904, 2290.644551326326
673.8661933096655, 2290.6207223830484
673.8961948097406, 2290.59677607256
673.9261963098155, 2290.57271224668
673.9561978098905, 2290.5485307607632
673.9861993099655, 2290.5242314732536
674.0162008100406, 2290.4998142462628
674.0462023101155, 2290.475278945306
674.0762038101905, 2290.450625439126
674.1062053102655, 2290.425853599941
674.1362068103406, 2290.400963303614
674.1662083104155, 2290.375954429154
674.1962098104905, 2290.3508268592946
674.2262113105655, 2290.325580479896
674.2562128106406, 2290.3002151807805
674.2862143107155, 2290.2747308547073
674.3162158107905, 2290.2491273984033
674.3462173108655, 2290.2234047117918
674.3762188109406, 2290.1975626984054
674.4062203110155, 2290.1716012652214
674.4362218110905, 2290.145520322962
674.4662233111655, 2290.1193197856433
674.4962248112406, 2290.092999570931
674.5262263113156, 2290.0665596000504
674.5562278113905, 2290.0399997976424
674.5862293114656, 2290.0133200922733
674.6162308115406, 2289.9865204157036
674.6462323116156, 2289.959600703374
674.6762338116905, 2289.9325608945696
674.7062353117656, 2289.905400931826
674.7362368118406, 2289.8781207615175
674.7662383119156, 2289.850720333611
674.7962398119905, 2289.823199601532
674.8262413120656, 2289.795558522697
674.8562428121406, 2289.7677970576688
674.8862443122157, 2289.739915171101
674.9162458122906, 2289.7119128310683
674.9462473123656, 2289.6837900094524
674.9762488124406, 2289.655546681623
675.0062503125157, 2289.6271828268336
675.0362518125906, 2289.5986984278534
675.0662533126656, 2289.570093471255
675.0962548127407, 2289.54136794719
675.1262563128157, 2289.5125218497915
675.1562578128907, 2289.483555176472
675.1862593129656, 2289.454467928826
675.2162608130407, 2289.4252601118906
675.2462623131157, 2289.395931734421
675.2762638131907, 2289.366482809121
675.3062653132656, 2289.3369133522624
675.3362668133407, 2289.3072233839407
675.3662683134157, 2289.277412928026
675.3962698134907, 2289.247482012117
675.4262713135656, 2289.2174306676593
675.4562728136407, 2289.1872589296545
675.4862743137157, 2289.1569668371767
675.5162758137907, 2289.1265544330236
675.5462773138656, 2289.0960217636057
675.5762788139407, 2289.0653688792595
675.6062803140157, 2289.034595834237
675.6362818140907, 2289.0037026864798
675.6662833141656, 2288.972689497662
675.6962848142407, 2288.9415563334733
675.7262863143158, 2288.9103032632584
675.7562878143907, 2288.878930360406
675.7862893144656, 2288.847437701875
675.8162908145407, 2288.8158253687216
675.8462923146158, 2288.7840934456744
675.8762938146907, 2288.75224202143
675.9062953147657, 2288.7202711884074
675.9362968148407, 2288.6881810431114
675.9662983149158, 2288.6559716855063
675.9962998149907, 2288.623643219969
676.0263013150658, 2288.591195754399
676.0563028151407, 2288.5586294005943
676.0863043152158, 2288.525944274319
676.1163058152908, 2288.4931404953068
676.1463073153658, 2288.4602181868104
676.1763088154407, 2288.4271774765552
676.2063103155158, 2288.3940184955777
676.2363118155909, 2288.3607413792597
676.2663133156658, 2288.327346266654
676.2963148157407, 2288.293833300721
676.3263163158158, 2288.260202628566
676.3563178158909, 2288.2264544009026
676.3863193159658, 2288.1925887725324
676.4163208160408, 2288.1586059020174
676.4463223161158, 2288.1245059521843
676.4763238161909, 2288.0902890895145
676.5063253162658, 2288.0559554843344
676.5363268163408, 2288.0215053111824
676.5663283164158, 2287.9869387483704
676.5963298164909, 2287.9522559780694
676.6263313165658, 2287.9174571865165
676.6563328166408, 2287.8825425638424
676.6863343167158, 2287.8475123042726
676.7163358167909, 2287.812366605601
676.7463373168658, 2287.7771056699876
676.7763388169408, 2287.7417297032075
676.8063403170158, 2287.706238915165
676.8363418170909, 2287.6706335198255
676.8663433171658, 2287.634913734683
676.8963448172408, 2287.5990797816644
676.9263463173158, 2287.5631318863316
676.9563478173909, 2287.5270702784455
676.9863493174659, 2287.4908951913594
677.0163508175408, 2287.4546068627765
677.0463523176159, 2287.418205534188
677.0763538176909, 2287.3816914510035
677.1063553177659, 2287.3450648625703
677.1363568178409, 2287.3083260223425
677.1663583179159, 2287.2714751875533
677.1963598179909, 2287.234512619516
677.226361318066, 2287.1974385834756
677.2563628181409, 2287.16025334869
677.2863643182159, 2287.122957188208
677.3163658182909, 2287.085550379038
677.346367318366, 2287.048033202381
677.3763688184409, 2287.0104059432674
677.4063703185159, 2286.9726688906103
677.4363718185909, 2286.9348223373827
677.466373318666, 2286.8968665803127
677.496374818741, 2286.858801920475
677.5263763188159, 2286.8206286624054
677.556377818891, 2286.782347114906
677.586379318966, 2286.7439575907765
677.616380819041, 2286.70546040646
677.6463823191159, 2286.6668558825395
677.676383819191, 2286.6281443436683
677.706385319266, 2286.5893261180872
677.736386819341, 2286.550401538268
677.7663883194159, 2286.51137094052
677.796389819491, 2286.4722346651743
677.826391319566, 2286.432993056391
677.856392819641, 2286.393646462118
677.8863943197159, 2286.3541952345745
677.916395819791, 2286.3146397296578
677.946397319866, 2286.274980307273
677.976398819941, 2286.2352173311097
678.0064003200159, 2286.1953511690854
678.036401820091, 2286.1553821925745
678.066403320166, 2286.1153107772598
678.096404820241, 2286.0751373025005
678.1264063203159, 2286.034862151681
678.156407820391, 2285.994485712078
678.186409320466, 2285.954008374593
678.216410820541, 2285.913430534495
678.246412320616, 2285.872752590536
678.276413820691, 2285.8319749454386
678.3064153207661, 2285.7910980060606
678.3364168208411, 2285.750122182598
678.3664183209161, 2285.709047889668
678.396419820991, 2285.6678755456273
678.4264213210661, 2285.6266055721535
678.4564228211411, 2285.5852383955603
678.4864243212161, 2285.5437744454225
678.516425821291, 2285.502214155562
678.5464273213661, 2285.4605579634645
678.5764288214411, 2285.4188063100364
678.6064303215161, 2285.3769596409275
678.636431821591, 2285.3350184047845
678.6664333216661, 2285.2929830543885
678.6964348217411, 2285.2508540463773
678.7264363218161, 2285.2086318409624
678.756437821891, 2285.1663169023905
678.7864393219661, 2285.12390969862
678.8164408220412, 2285.0814107012775
678.8464423221161, 2285.0388203860302
678.876443822191, 2284.9961392318905
678.9064453222661, 2284.9533677221607
678.9364468223412, 2284.9105063432016
678.9664483224161, 2284.867555586008
678.9964498224911, 2284.8245159443704
679.0264513225661, 2284.7813879165305
679.0564528226412, 2284.7381720041253
679.0864543227161, 2284.694868712587
679.1164558227911, 2284.65147855105
679.1464573228661, 2284.6080020323407
679.1764588229412, 2284.5644396728712
679.2064603230161, 2284.5207919928894
679.2364618230911, 2284.477059516181
679.2664633231661, 2284.433242770495
679.2964648232412, 2284.3893422866263
679.3264663233161, 2284.3453585997686
679.3564678233911, 2284.301292248279
679.3864693234661, 2284.2571437741826
679.4164708235412, 2284.212913723191
679.4464723236163, 2284.1686026447546
679.4764738236912, 2284.1242110915705
679.5064753237662, 2284.079739620406
679.5364768238412, 2284.0351887911197
679.5664783239163, 2283.990559167438
679.5964798239912, 2283.945851316812
679.6264813240662, 2283.901065809625
679.6564828241412, 2283.856203220532
679.6864843242163, 2283.811264127049
679.7164858242912, 2283.766249110876
679.7464873243662, 2283.7211587567203
679.7764888244412, 2283.675993652735
679.8064903245163, 2283.63075439113
679.8364918245912, 2283.5854415669205
679.8664933246662, 2283.540055779163
679.8964948247412, 2283.4945976299377
679.9264963248163, 2283.4490677248764
679.9564978248912, 2283.4034666731873
679.9864993249662, 2283.3577950872973
680.0165008250412, 2283.312053583137
680.0465023251163, 2283.266242780168
680.0765038251913, 2283.2203633009485
680.1065053252662, 2283.1744157714293
680.1365068253413, 2283.1284008211715
680.1665083254163, 2283.082319083071
680.1965098254913, 2283.0361711929327
680.2265113255662, 2282.989957790102
680.2565128256413, 2282.943679517659
680.2865143257163, 2282.897337021278
680.3165158257913, 2282.8509309502883
680.3465173258662, 2282.8044619571956
680.3765188259413, 2282.7579306978564
680.4065203260163, 2282.7113378312765
680.4365218260913, 2282.6646840196145
680.4665233261662, 2282.6179699283443
680.4965248262413, 2282.571196226121
680.5265263263163, 2282.5243635845436
680.5565278263914, 2282.477472678801
680.5865293264663, 2282.4305241869256
680.6165308265413, 2282.38351879015
680.6465323266164, 2282.3364571728125
680.6765338266914, 2282.28934002245
680.7065353267664, 2282.24216802963
680.7365368268413, 2282.1949418877944
680.7665383269164, 2282.147662293849
680.7965398269914, 2282.1003299472804
680.8265413270664, 2282.052945551077
680.8565428271413, 2282.005509810919
680.8865443272164, 2281.9580234354517
680.9165458272914, 2281.9104871365175
680.9465473273664, 2281.8629016286477
680.9765488274413, 2281.815267629512
681.0065503275164, 2281.767585859891
681.0365518275914, 2281.7198570429164
681.0665533276664, 2281.672081905116
681.0965548277413, 2281.624261175773
681.1265563278164, 2281.576395586797
681.1565578278914, 2281.5284858733125
681.1865593279664, 2281.480532772972
681.2165608280413, 2281.4325370263123
681.2465623281164, 2281.384499376728
681.2765638281915, 2281.336420570294
681.3065653282664, 2281.2883013560477
681.3365668283413, 2281.2401424853374
681.3665683284164, 2281.191944712487
681.3965698284915, 2281.1437087948443
681.4265713285664, 2281.0954354918695
681.4565728286414, 2281.0471255657544
681.4865743287164, 2280.998779781883
681.5165758287915, 2280.9503989075797
681.5465773288664, 2280.9019837130777
681.5765788289414, 2280.8535349713084
681.6065803290164, 2280.8050534574313
681.6365818290915, 2280.756539949641
681.6665833291665, 2280.707995228224
681.6965848292415, 2280.659420076022
681.7265863293164, 2280.610815278447
681.7565878293915, 2280.562181623659
681.7865893294666, 2280.5135199015763
681.8165908295415, 2280.4648309052345
681.8465923296164, 2280.416115429744
681.8765938296915, 2280.3673742725687
681.9065953297666, 2280.31860823364
681.9365968298415, 2280.2698181152846
681.9665983299165, 2280.221004721857
681.9965998299915, 2280.1721688601806
682.0266013300666, 2280.1233113396383
682.0566028301415, 2280.0744329713975
682.0866043302165, 2280.0255345691503
682.1166058302915, 2279.976616948692
682.1466073303666, 2279.927680927982
682.1766088304415, 2279.8787273272883
682.2066103305165, 2279.8297569687998
682.2366118305915, 2279.7807706771587
682.2666133306666, 2279.7317692787447
682.2966148307415, 2279.682753602262
682.3266163308165, 2279.6337244781253
682.3566178308915, 2279.5846827393766
682.3866193309666, 2279.535629220685
682.4166208310415, 2279.4865647585307
682.4466223311165, 2279.4374901915444
682.4766238311915, 2279.3884063606215
682.5066253312666, 2279.3393141080483
682.5366268313416, 2279.290214278268
682.5666283314165, 2279.2411077175148
682.5966298314916, 2279.1919952740827
682.6266313315666, 2279.1428777975602
682.6566328316416, 2279.0937561399037
682.6866343317165, 2279.044631154536
682.7166358317916, 2278.99550369655
682.7466373318666, 2278.946374623192
682.7766388319416, 2278.8972447928313
682.8066403320166, 2278.8481150659636
682.8366418320916, 2278.798986304595
682.8666433321666, 2278.749859372131
682.8966448322417, 2278.7007351337584
682.9266463323166, 2278.6516144562975
682.9566478323916, 2278.6024982080708
682.9866493324666, 2278.5533872587703
683.0166508325417, 2278.5042824800885
683.0466523326166, 2278.455184744221
683.0766538326916, 2278.406094925804
683.1066553327666, 2278.357013900282
683.1366568328417, 2278.3079425447695
683.1666583329167, 2278.258881737596
683.1966598329916, 2278.2098323582295
683.2266613330667, 2278.160795288201
683.2566628331417, 2278.1117714093243
683.2866643332167, 2278.062761605501
683.3166658332916, 2278.0137667614226
683.3466673333667, 2277.964787762811
683.3766688334417, 2277.9158254973136
683.4066703335167, 2277.8668808528064
683.4366718335916, 2277.8179547189025
683.4666733336667, 2277.7690479860435
683.4966748337417, 2277.720161545822
683.5266763338167, 2277.6712962907477
683.5566778338916, 2277.6224531146263
683.5866793339667, 2277.57363291195
683.6166808340417, 2277.5248365782936
683.6466823341167, 2277.4760650101607
683.6766838341916, 2277.4273191048046
683.7066853342667, 2277.378599760425
683.7366868343418, 2277.3299078761274
683.7666883344167, 2277.2812443518574
683.7966898344916, 2277.232610088293
683.8266913345667, 2277.184005986536
683.8566928346418, 2277.135432948813
683.8866943347167, 2277.086891878037
683.9166958347918, 2277.0383836776564
683.9466973348667, 2276.9899092516443
683.9766988349418, 2276.941469504592
684.0067003350168, 2276.8930653420434
684.0367018350918, 2276.844697669757
684.0667033351667, 2276.7963673937493
684.0967048352418, 2276.7480754211138
684.1267063353168, 2276.6998226590704
684.1567078353918, 2276.651610015111
684.1867093354667, 2276.6034383973656
684.2167108355418, 2276.555308714355
684.2467123356168, 2276.50722187448
684.2767138356918, 2276.4591787873233
684.3067153357667, 2276.411180361866
684.3367168358418, 2276.363227507456
684.3667183359169, 2276.3153211343633
684.3967198359918, 2276.2674621521587
684.4267213360667, 2276.219651470748
684.4567228361418, 2276.1718900007613
684.4867243362169, 2276.1241786521923
684.5167258362918, 2276.0765183353396
684.5467273363668, 2276.0289099604174
684.5767288364418, 2275.9813544378817
684.6067303365169, 2275.933852678051
684.6367318365918, 2275.886405591146
684.6667333366668, 2275.8390140867646
684.6967348367418, 2275.7916790752815
684.7267363368169, 2275.74440146642
684.7567378368918, 2275.6971821694624
684.7867393369668, 2275.650022093871
684.8167408370418, 2275.602922148767
684.8467423371169, 2275.5558832423912
684.8767438371918, 2275.5089062838774
684.9067453372668, 2275.461992180606
684.9367468373418, 2275.4151418402716
684.9667483374169, 2275.368356170201
684.9967498374918, 2275.321636076921
685.0267513375668, 2275.2749824667535
685.0567528376419, 2275.228396245234
685.0867543377169, 2275.1818783175495
685.116755837792, 2275.1354295878427
685.1467573378669, 2275.089050960356
685.1767588379419, 2275.042743338129
685.2067603380169, 2274.996507623423
685.236761838092, 2274.950344717965
685.2667633381669, 2274.9042555227825
685.2967648382419, 2274.8582409379587
685.3267663383169, 2274.8123018630904
685.356767838392, 2274.7664391958792
685.3867693384669, 2274.7206538345436
685.4167708385419, 2274.6749466751935
685.4467723386169, 2274.6293186135244
685.476773838692, 2274.583770544027
685.5067753387669, 2274.5383033604107
685.5367768388419, 2274.4929179548817
685.566778338917, 2274.4476152187335
685.596779838992, 2274.402396042293
685.626781339067, 2274.357261314437
685.6567828391419, 2274.31221192292
685.686784339217, 2274.2672487542077
685.716785839292, 2274.222372693538
685.746787339367, 2274.1775846243963
685.7767888394419, 2274.13288542988
685.806790339517, 2274.0882759909446
685.836791839592, 2274.0437571872367
685.866793339667, 2273.9993298966483
685.8967948397419, 2273.95499499621
685.926796339817, 2273.910753360754
685.956797839892, 2273.8666058642316
685.986799339967, 2273.8225533782074
686.0168008400419, 2273.7785967738155
686.046802340117, 2273.7347369186677
686.076803840192, 2273.690974680502
686.106805340267, 2273.647310923784
686.1368068403419, 2273.6037465125055
686.166808340417, 2273.5602823078016
686.196809840492, 2273.5169191695863
686.2268113405671, 2273.4736579555533
686.256812840642, 2273.4304995217526
686.286814340717, 2273.3874447218855
686.3168158407921, 2273.344494407811
686.3468173408671, 2273.301649429231
686.3768188409421, 2273.2589106343135
686.406820341017, 2273.216278868632
686.4368218410921, 2273.1737549751797
686.4668233411671, 2273.1313397957715
686.4968248412421, 2273.089034169143
686.526826341317, 2273.0468389324124
686.5568278413921, 2273.004754919865
686.5868293414671, 2272.962782963864
686.6168308415421, 2272.920923894087
686.646832341617, 2272.8791785379367
686.6768338416921, 2272.837547720451
686.7068353417671, 2272.796032264304
686.7368368418421, 2272.754632988898
686.766838341917, 2272.7133507118965
686.7968398419921, 2272.672186248542
686.8268413420672, 2272.631140410141
686.8568428421421, 2272.5902140066464
686.886844342217, 2272.549407845495
686.9168458422921, 2272.5087227296485
686.9468473423672, 2272.4681594611525
686.9768488424421, 2272.427718838025
687.006850342517, 2272.3874016564782
687.0368518425921, 2272.347208708629
687.0668533426672, 2272.307140784821
687.0968548427421, 2272.2671986715322
687.1268563428171, 2272.227383152733
687.1568578428921, 2272.1876950091378
687.1868593429672, 2272.1481350186136
687.2168608430421, 2272.108703955981
687.2468623431171, 2272.0694025924686
687.2768638431921, 2272.0302316963453
687.3068653432672, 2271.991192032807
687.3368668433422, 2271.952284363748
687.3668683434172, 2271.9135094474573
687.3968698434921, 2271.8748680392837
687.4268713435672, 2271.8363608913196
687.4568728436423, 2271.797988751538
687.4868743437172, 2271.75975236499
687.5168758437921, 2271.721652473122
687.5468773438672, 2271.683689814458
687.5768788439423, 2271.6458651226258
687.6068803440172, 2271.6081791292127
687.6368818440922, 2271.5706325607052
687.6668833441672, 2271.533226141025
687.6968848442423, 2271.495960589687
687.7268863443172, 2271.4588366230605
687.7568878443922, 2271.421854953443
687.7868893444672, 2271.3850162890485
687.8168908445423, 2271.3483213349855
687.8468923446172, 2271.31177079149
687.8768938446922, 2271.2753653554837
687.9068953447672, 2271.239105720228
687.9368968448423, 2271.202992574208
687.9668983449172, 2271.1670266020656
687.9968998449922, 2271.131208484833
688.0269013450672, 2271.0955388989955
688.0569028451423, 2271.060018517181
688.0869043452172, 2271.0246480075016
688.1169058452922, 2270.989428034167
688.1469073453673, 2270.9543592570117
688.1769088454423, 2270.9194423311465
688.2069103455173, 2270.8846779081937
688.2369118455922, 2270.850066634846
688.2669133456673, 2270.8156091535366
688.2969148457423, 2270.7813061024135
688.3269163458173, 2270.747158114512
688.3569178458922, 2270.713165819162
688.3869193459673, 2270.6793298404223
688.4169208460423, 2270.6456507983303
688.4469223461174, 2270.6121293084066
688.4769238461923, 2270.5787659809007
688.5069253462673, 2270.5455614213965
688.5369268463423, 2270.512516231446
688.5669283464174, 2270.479631007085
688.5969298464923, 2270.4469063400716
688.6269313465673, 2270.4143428172342
688.6569328466423, 2270.3819410202077
688.6869343467174, 2270.349701525717
688.7169358467924, 2270.3176249058415
688.7469373468673, 2270.2857117281533
688.7769388469424, 2270.253962553512
688.8069403470174, 2270.2223779397086
688.8369418470924, 2270.190958437942
688.8669433471673, 2270.159704595688
688.8969448472424, 2270.1286169537716
688.9269463473174, 2270.0976960487683
688.9569478473924, 2270.0669424116786
688.9869493474673, 2270.03635656842
689.0169508475424, 2270.0059390396073
689.0469523476174, 2269.97569034029
689.0769538476924, 2269.945610980168
689.1069553477673, 2269.915701463981
689.1369568478424, 2269.885962290448
689.1669583479174, 2269.8563939530018
689.1969598479924, 2269.8269969400226
689.2269613480673, 2269.7977717334934
689.2569628481424, 2269.768718810647
689.2869643482175, 2269.7398386422005
689.3169658482924, 2269.7111316941855
689.3469673483673, 2269.6825984265956
689.3769688484424, 2269.65423929317
689.4069703485175, 2269.6260547425363
689.4369718485924, 2269.59804521764
689.4669733486674, 2269.5702111549413
689.4969748487424, 2269.542552985842
689.5269763488175, 2269.5150711348733
689.5569778488924, 2269.4877660220036
689.5869793489675, 2269.460638059571
689.6169808490424, 2269.4336876556754
689.6469823491175, 2269.4069152108536
689.6769838491925, 2269.380321120839
689.7069853492675, 2269.3539057745056
689.7369868493424, 2269.32766955482
689.7669883494175, 2269.301612838753
689.7969898494925, 2269.2757359968887
689.8269913495675, 2269.250039393607
689.8569928496424, 2269.2245233872845
689.8869943497175, 2269.1991883298488
689.9169958497926, 2269.1740345668145
689.9469973498675, 2269.1490624379503
689.9769988499424, 2269.1242722751967
690.0070003500175, 2269.099664406007
690.0370018500926, 2269.0752391503697
690.0670033501675, 2269.0509968217284
690.0970048502425, 2269.0269377266786
690.1270063503175, 2269.003062166586
690.1570078503926, 2268.979370435593
690.1870093504675, 2268.9558628206787
690.2170108505425, 2268.9325396028207
690.2470123506175, 2268.909401056467
690.2770138506926, 2268.8864474488546
690.3070153507675, 2268.8636790410933
690.3370168508425, 2268.8410960870833
690.3670183509175, 2268.818698834105
690.3970198509926, 2268.796487523237
690.4270213510675, 2268.7744623877697
690.4570228511425, 2268.7526236544954
690.4870243512175, 2268.7309715434467
690.5170258512926, 2268.709506268172
690.5470273513675, 2268.688228034048
690.5770288514425, 2268.6671370407353
690.6070303515176, 2268.6462334804414
690.6370318515926, 2268.6255175382366
690.6670333516676, 2268.6049893920795
690.6970348517426, 2268.584649213613
690.7270363518176, 2268.5644971656875
690.7570378518926, 2268.544533406248
690.7870393519677, 2268.524758084539
690.8170408520426, 2268.505171342888
690.8470423521176, 2268.485773316574
690.8770438521926, 2268.4665641341703
690.9070453522677, 2268.4475439156145
690.9370468523426, 2268.428712774955
690.9670483524176, 2268.4100708182355
690.9970498524926, 2268.391618144294
691.0270513525677, 2268.3733548445266
691.0570528526426, 2268.3552810027377
691.0870543527176, 2268.337396696399
691.1170558527926, 2268.319701994081
691.1470573528677, 2268.3021969577944
691.1770588529427, 2268.2848816417486
691.2070603530176, 2268.267756092949
691.2370618530927, 2268.2508203503617
691.2670633531677, 2268.234074445703
691.2970648532427, 2268.2175184031194
691.3270663533176, 2268.201152239669
691.3570678533927, 2268.1849759633415
691.3870693534677, 2268.1689895757386
691.4170708535427, 2268.153193070588
691.4470723536176, 2268.1375864335077
691.4770738536927, 2268.122169643002
691.5070753537677, 2268.106942669455
691.5370768538427, 2268.0919054756346
691.5670783539176, 2268.0770580158114
691.5970798539927, 2268.062400237361
691.6270813540677, 2268.0479320801796
691.6570828541427, 2268.0336534755334
691.6870843542176, 2268.0195643462425
691.7170858542927, 2268.0056646087933
691.7470873543677, 2267.9919541711183
691.7770888544427, 2267.978432932762
691.8070903545176, 2267.965100785516
691.8370918545927, 2267.9519576139655
691.8670933546678, 2267.9390032937013
691.8970948547428, 2267.926237692996
691.9270963548178, 2267.9136606720185
691.9570978548927, 2267.901272082905
691.9870993549678, 2267.889071769413
692.0171008550428, 2267.8770595675505
692.0471023551178, 2267.8652353054104
692.0771038551927, 2267.8535988025837
692.1071053552678, 2267.842149870698
692.1371068553428, 2267.83088831376
692.1671083554178, 2267.8198139264705
692.1971098554927, 2267.8089264969585
692.2271113555678, 2267.798225803666
692.2571128556428, 2267.787711618285
692.2871143557178, 2267.777383702591
692.3171158557927, 2267.7672418118736
692.3471173558678, 2267.7572856923994
692.3771188559429, 2267.747515081624
692.4071203560178, 2267.737929710672
692.4371218560927, 2267.728529299593
692.4671233561678, 2267.719313562861
692.4971248562429, 2267.7102822052475
692.5271263563178, 2267.701434922858
692.5571278563928, 2267.69277140508
692.5871293564678, 2267.684291331683
692.6171308565429, 2267.6759943738716
692.6471323566178, 2267.6678801964604
692.6771338566928, 2267.6599484531207
692.7071353567678, 2267.6521987913206
692.7371368568429, 2267.6446308496616
692.7671383569178, 2267.6372442574266
692.7971398569928, 2267.6300386370394
692.8271413570678, 2267.623013601597
692.8571428571429, 2267.6161687551826
692.8871443572178, 2267.6095036958523
692.9171458572928, 2267.6030180100543
692.9471473573678, 2267.596711278262
692.9771488574429, 2267.590583071056
693.007150357518, 2267.5846329521173
693.0371518575929, 2267.57886047515
693.0671533576678, 2267.5732651858902
693.0971548577429, 2267.567846622245
693.127156357818, 2267.562604313183
693.1571578578929, 2267.557537778676
693.1871593579679, 2267.5526465315907
693.2171608580429, 2267.5479300754987
693.247162358118, 2267.543387904888
693.2771638581929, 2267.539019506671
693.3071653582679, 2267.5348243598455
693.3371668583429, 2267.5308019328495
693.367168358418, 2267.52695168806
693.3971698584929, 2267.523273078567
693.4271713585679, 2267.5197655470297
693.4571728586429, 2267.5164285306173
693.487174358718, 2267.513261456624
693.5171758587929, 2267.5102637441782
693.5471773588679, 2267.5074348029707
693.577178858943, 2267.504774035666
693.607180359018, 2267.5022808350495
693.637181859093, 2267.499954587601
693.6671833591679, 2267.4977946687404
693.697184859243, 2267.495800446359
693.727186359318, 2267.4939712809514
693.757187859393, 2267.492306523369
693.7871893594679, 2267.490805516455
693.817190859543, 2267.4894675946084
693.847192359618, 2267.4882920838154
693.877193859693, 2267.4872783007054
693.9071953597679, 2267.486425556066
693.937196859843, 2267.4857331487015
693.967198359918, 2267.4852003721608
693.997199859993, 2267.484826508824
694.0272013600679, 2267.4846108359934
694.057202860143, 2267.4845526193567
694.087204360218, 2267.4846511179094
694.1172058602931, 2267.484905581864
694.147207360368, 2267.485315253578
694.177208860443, 2267.4858793653702
694.207210360518, 2267.48659714418
694.2372118605931, 2267.4874678058954
694.267213360668, 2267.4884905593626
694.297214860743, 2267.489664605524
694.327216360818, 2267.4909891347893
694.3572178608931, 2267.4924633318383
694.3872193609681, 2267.4940863726697
694.417220861043, 2267.495857423669
694.4472223611181, 2267.4977756437243
694.4772238611931, 2267.499840184263
694.5072253612681, 2267.5020501871804
694.537226861343, 2267.5044047872584
694.5672283614181, 2267.506903110526
694.5972298614931, 2267.5095442750167
694.6272313615681, 2267.5123273900203
694.657232861643, 2267.515251558557
694.6872343617181, 2267.518315873261
694.7172358617931, 2267.5215194196926
694.7472373618681, 2267.5248612758232
694.777238861943, 2267.52834051114
694.8072403620181, 2267.531956186509
694.8372418620932, 2267.535707355017
694.8672433621681, 2267.5395930636314
694.897244862243, 2267.5436123482677
694.9272463623181, 2267.547764239738
694.9572478623932, 2267.55204775852
694.9872493624681, 2267.55646191897
695.017250862543, 2267.5610057265562
695.0472523626181, 2267.565678179457
695.0772538626932, 2267.5704782679104
695.1072553627681, 2267.57540497408
695.1372568628431, 2267.5804572729185
695.1672583629181, 2267.585634130788
695.1972598629932, 2267.5909345069854
695.2272613630682, 2267.5963573534273
695.2572628631432, 2267.6019016131327
695.2872643632181, 2267.6075662222966
695.3172658632932, 2267.6133501109566
695.3472673633682, 2267.6192521978387
695.3772688634432, 2267.6252713978165
695.4072703635181, 2267.6314066167542
695.4372718635932, 2267.637656751875
695.4672733636683, 2267.6440206954812
695.4972748637432, 2267.6504973306246
695.5272763638181, 2267.6570855332143
695.5572778638932, 2267.663784172386
695.5872793639683, 2267.6705921098705
695.6172808640432, 2267.677508198993
695.6472823641182, 2267.6845312873984
695.6772838641932, 2267.6916602148394
695.7072853642683, 2267.6988938135887
695.7372868643432, 2267.7062309092335
695.7672883644182, 2267.7136703194506
695.7972898644932, 2267.7212108566464
695.8272913645683, 2267.7288513239273
695.8572928646432, 2267.736590519631
695.8872943647182, 2267.744427233218
695.9172958647932, 2267.7523602478514
695.9472973648683, 2267.7603883402116
695.9772988649432, 2267.7685102804257
696.0073003650182, 2267.7767248305863
696.0373018650932, 2267.7850307472036
696.0673033651683, 2267.7934267802666
696.0973048652432, 2267.8019116712103
696.1273063653182, 2267.8104841576155
696.1573078653932, 2267.819142967921
696.1873093654683, 2267.8278868259986
696.2173108655433, 2267.8367144474423
696.2473123656182, 2267.845624543354
696.2773138656933, 2267.854615816594
696.3073153657683, 2267.863686965469
696.3373168658433, 2267.872836680309
696.3673183659183, 2267.8820636465484
696.3973198659933, 2267.8913665424334
696.4273213660683, 2267.9007440404703
696.4573228661434, 2267.91019480754
696.4873243662183, 2267.9197175035656
696.5173258662933, 2267.929310783404
696.5473273663683, 2267.9389732948516
696.5773288664434, 2267.9487036807777
696.6073303665183, 2267.9585005787435
696.6373318665933, 2267.9683626177975
696.6673333666683, 2267.978288425092
696.6973348667434, 2267.9882766190367
696.7273363668183, 2267.998325814843
696.7573378668933, 2268.008434619067
696.7873393669684, 2268.0186016357015
696.8173408670434, 2268.028825462998
696.8473423671184, 2268.0391046911104
696.8773438671933, 2268.049437908726
696.9073453672684, 2268.0598236953415
696.9373468673434, 2268.0702606291734
696.9673483674184, 2268.080747279934
696.9973498674933, 2268.0912822140663
697.0273513675684, 2268.1018639927893
697.0573528676434, 2268.112491172231
697.0873543677184, 2268.1231623032863
697.1173558677933, 2268.133875932554
697.1473573678684, 2268.1446306008147
697.1773588679434, 2268.1554248458388
697.2073603680184, 2268.1662572001724
697.2373618680933, 2268.1771261904246
697.2673633681684, 2268.1880303404273
697.2973648682434, 2268.198968168515
697.3273663683184, 2268.209938188475
697.3573678683933, 2268.2209389118543
697.3873693684684, 2268.231968843436
697.4173708685435, 2268.2430264850277
697.4473723686184, 2268.2541103335966
697.4773738686935, 2268.265218884342
697.5073753687684, 2268.276350625565
697.5373768688435, 2268.287504042418
697.5673783689185, 2268.2986776177463
697.5973798689935, 2268.3098698301424
697.6273813690684, 2268.3210791536753
697.6573828691435, 2268.3323040583255
697.6873843692185, 2268.3435430126574
697.7173858692935, 2268.3547944800393
697.7473873693684, 2268.3660569222834
697.7773888694435, 2268.3773287955974
697.8073903695185, 2268.3886085545014
697.8373918695935, 2268.3998946495853
697.8673933696684, 2268.4111855291417
697.8973948697435, 2268.4224796390486
697.9273963698186, 2268.433775421292
697.9573978698935, 2268.445071313591
697.9873993699684, 2268.456365754776
698.0174008700435, 2268.467657177248
698.0474023701186, 2268.4789440139357
698.0774038701935, 2268.490224692452
698.1074053702685, 2268.501497640005
698.1374068703435, 2268.5127612820916
698.1674083704186, 2268.5240140382775
698.1974098704935, 2268.535254331576
698.2274113705685, 2268.5464805766924
698.2574128706435, 2268.55769119184
698.2874143707186, 2268.5688845917057
698.3174158707935, 2268.580059186455
698.3474173708685, 2268.5912133875336
698.3774188709435, 2268.6023456046946
698.4074203710186, 2268.6134542462682
698.4374218710935, 2268.6245377164814
698.4674233711685, 2268.635594420695
698.4974248712435, 2268.646622763157
698.5274263713186, 2268.6576211456877
698.5574278713935, 2268.668587970563
698.5874293714685, 2268.6795216364044
698.6174308715435, 2268.690420544943
698.6474323716186, 2268.701283093646
698.6774338716937, 2268.7121076811636
698.7074353717686, 2268.7228927057727
698.7374368718436, 2268.73363656299
698.7674383719186, 2268.7443376509955
698.7974398719937, 2268.754994364803
698.8274413720686, 2268.7656051028184
698.8574428721436, 2268.7761682593127
698.8874443722186, 2268.786682232192
698.9174458722937, 2268.7971454160347
698.9474473723686, 2268.8075562086565
698.9774488724436, 2268.8179130059502
699.0074503725186, 2268.828214206392
699.0374518725937, 2268.838458207417
699.0674533726686, 2268.8486434079523
699.0974548727436, 2268.858768206106
699.1274563728186, 2268.8688310029374
699.1574578728937, 2268.878830199701
699.1874593729686, 2268.8887641974916
699.2174608730436, 2268.898631399832
699.2474623731187, 2268.9084302119313
699.2774638731937, 2268.9181590399476
699.3074653732687, 2268.9278162896053
699.3374668733436, 2268.937400371161
699.3674683734187, 2268.946909695014
699.3974698734937, 2268.9563426743916
699.4274713735687, 2268.965697722877
699.4574728736436, 2268.974973257038
699.4874743737187, 2268.9841676959563
699.5174758737937, 2268.993279459274
699.5474773738687, 2269.00230697207
699.5774788739436, 2269.0112486587154
699.6074803740187, 2269.0201029484906
699.6374818740937, 2269.028868271725
699.6674833741687, 2269.0375430630625
699.6974848742436, 2269.0461257594084
699.7274863743187, 2269.0546147986734
699.7574878743937, 2269.0630086269616
699.7874893744688, 2269.0713056880795
699.8174908745438, 2269.0795044336573
699.8474923746187, 2269.087603315596
699.8774938746938, 2269.09560079299
699.9074953747688, 2269.1034953242192
699.9374968748438, 2269.1112853752707
699.9674983749187, 2269.1189694145387
699.9974998749938, 2269.126545914643
