396.40185607424297, 2.0592001730137315
396.43385735429416, 2.058726941787608
396.46585863434535, 2.057851504116393
396.4978599143966, 2.056573860000086
396.5298611944478, 2.054894009438687
396.561862474499, 2.0528119524321964
396.59386375455017, 2.050327688980614
396.62586503460136, 2.0474412190839395
396.6578663146526, 2.042807731829755
396.6898675947038, 2.0359204526324035
396.721868874755, 2.0267793814918833
396.7538701548062, 2.0153845184081964
396.7858714348574, 2.001735863381343
396.8178727149086, 1.9858334164113232
396.8498739949598, 1.9678740578752905
396.881875275011, 1.952657807188134
396.9138765550622, 1.9402782086272972
396.9458778351134, 1.9307352621927802
396.9778791151646, 1.9240289678845839
397.0098803952158, 1.9201593257027074
397.041881675267, 1.9191263356471548
397.0738829553182, 1.9200343116596614
397.10588423536944, 1.9214022345707513
397.13788551542063, 1.9232301043804239
397.1698867954718, 1.9255179210886786
397.201888075523, 1.9282656846955157
397.2338893555742, 1.9314733952009357
397.2658906356254, 1.9351410526049386
397.29789191567664, 1.9391266765647568
397.32989319572783, 1.9430323213635052
397.361894475779, 1.9468579870011844
397.3938957558302, 1.9506036734777934
397.42589703588146, 1.9542693807933316
397.45789831593265, 1.9578551089478
397.48989959598384, 1.961360857941199
397.52190087603503, 1.9645826661090493
397.5539021560862, 1.967653905696018
397.58590343613747, 1.9705745767021061
397.61790471618866, 1.9733446791273128
397.64990599623985, 1.9759642129716384
397.68190727629104, 1.9784331782350817
397.71390855634223, 1.9807151300688433
397.7459098363935, 1.9822119125101516
397.77791111644467, 1.982923525559006
397.80991239649586, 1.982849969215407
397.84191367654705, 1.981991243479354
397.87391495659824, 1.9803473483508474
397.9059162366495, 1.9779182838298863
397.9379175167007, 1.9741053856376622
397.96991879675187, 1.9689319815116426
398.00192007680306, 1.9623980714518305
398.0339213568543, 1.9545036554582271
398.0659226369055, 1.9452487335308313
398.0979239169567, 1.9346333056696432
398.1299251970079, 1.9226573718746591
398.16192647705907, 1.9097634047779741
398.19392775711026, 1.89579072276229
398.2259290371615, 1.8807393258276068
398.2579303172127, 1.8646092139739245
398.2899315972639, 1.8474003872012423
398.3219328773151, 1.8291128455095613
398.3539341573663, 1.8107756298559092
398.3859354374175, 1.7963786341246715
398.4179367174687, 1.7859218583158525
398.4499379975199, 1.779405302429448
398.4819392775711, 1.7768289664654582
398.5139405576223, 1.7781928504238846
398.5459418376735, 1.7834969543047259
398.5779431177247, 1.789959859403657
398.6099443977759, 1.7948971931653874
398.6419456778271, 1.7983089555899192
398.67394695787834, 1.8001951466772494
398.70594823792953, 1.8005557664273804
398.7379495179807, 1.7993908148403113
398.7699507980319, 1.7967002919160429
398.8019520780831, 1.793287194956598
398.83395335813435, 1.7893205853451761
398.86595463818554, 1.7848004630817784
398.89795591823673, 1.7797268281664043
398.9299571982879, 1.774099680599054
398.9619584783391, 1.7679190203797281
398.99395975839036, 1.7611664178332647
399.02596103844155, 1.7545621660755364
399.05796231849274, 1.7481062651065427
399.08996359854393, 1.741798714926284
399.1219648785951, 1.7356395155347601
399.15396615864637, 1.7296286669319727
399.18596743869756, 1.7237661691179202
399.21796871874875, 1.7183062507745164
399.24996999879994, 1.713205955003345
399.2819712788512, 1.7084652818044053
399.3139725589024, 1.7040842311776982
399.34597383895357, 1.7000628031232237
399.37797511900476, 1.6964009976409828
399.40997639905595, 1.6930988147309742
399.44197767910714, 1.6902011547211873
399.4739789591584, 1.6877944484159955
399.5059802392096, 1.6858786958153975
399.53798151926077, 1.6844538969193947
399.56998279931196, 1.683520051727986
399.6019840793632, 1.683077160241172
399.6339853594144, 1.6830640650931445
399.6659866394656, 1.6831024016014762
399.6979879195168, 1.6831921697661663
399.72998919956797, 1.6833333695872146
399.76199047961916, 1.6835260010646218
399.7939917596704, 1.683770064198387
399.8259930397216, 1.6840655589885107
399.8579943197728, 1.6845090774745803
399.889995599824, 1.6852618528880352
399.9219968798752, 1.6863238852288747
399.9539981599264, 1.6876951744970992
399.9859994399776, 1.6893757206927085
400.0180007200288, 1.6913655238157026
400.05000200008, 1.6936645838660813
400.08200328013123, 1.6961734071529566
400.1140045601824, 1.6989536126729872
400.1460058402336, 1.7020052004261743
400.1780071202848, 1.705328170412516
400.210008400336, 1.708922522632014
400.24200968038724, 1.7127882570846686
400.27401096043843, 1.7168977725869157
400.3060122404896, 1.7211565048553825
400.3380135205408, 1.7255644538900703
400.370014800592, 1.730121619690979
400.40201608064325, 1.73482800225811
400.43401736069444, 1.739683601591462
400.46601864074563, 1.7446884176910338
400.4980199207968, 1.749541908011731
400.530021200848, 1.7533129676147152
400.56202248089926, 1.7560015964999895
400.59402376095045, 1.7576077946675537
400.62602504100164, 1.758131562117409
400.65802632105283, 1.757572898849554
400.690027601104, 1.7559318048639891
400.72202888115527, 1.7545571618431375
400.75403016120646, 1.7541958938483053
400.78603144125765, 1.7548480008794924
400.81803272130884, 1.756513482936699
400.8500340013601, 1.7591923400199279
400.8820352814113, 1.7628845721291764
400.91403656146247, 1.7676864961223704
400.94603784151366, 1.773784044426449
400.97803912156485, 1.7811772170414122
401.01004040161604, 1.7898660139672598
401.0420416816673, 1.799850435203993
401.0740429617185, 1.8111304807516106
401.10604424176967, 1.8237061506101138
401.13804552182086, 1.836152505438125
401.1700468018721, 1.8460811066431821
401.2020480819233, 1.853491954225289
401.2340493619745, 1.8583850481844446
401.2660506420257, 1.8607603885206496
401.29805192207687, 1.8606179752339043
401.33005320212806, 1.8579578083242052
401.3620544821793, 1.8557687579757953
401.3940557622305, 1.8553926652066843
401.4260570422817, 1.8568295300168727
401.4580583223329, 1.8600793524063597
401.4900596023841, 1.8651421323751483
401.5220608824353, 1.8720178699232357
401.5540621624865, 1.8805424907158375
401.5860634425377, 1.8864479544648842
401.6180647225889, 1.889727098276949
401.65006600264013, 1.8903799221520297
401.6820672826913, 1.888406426090128
401.7140685627425, 1.8838066100912423
401.7460698427937, 1.8765804741553742
401.7780711228449, 1.8680226190719615
401.81007240289614, 1.8601140384924992
401.84207368294733, 1.8528547324169875
401.8740749629985, 1.8462447008454284
401.9060762430497, 1.84028394377782
401.9380775231009, 1.834972461214162
401.97007880315215, 1.8303102531544542
402.00208008320334, 1.8263168647017956
402.03408136325453, 1.8230626821753273
402.0660826433057, 1.8205477055750483
402.09808392335697, 1.818771934900959
402.13008520340816, 1.817735370153059
402.16208648345935, 1.8174380113313482
402.19408776351054, 1.817805894752648
402.22608904356173, 1.8176848264820964
402.2580903236129, 1.8170733934398346
402.29009160366417, 1.8159715956258626
402.32209288371536, 1.8143794330401801
402.35409416376655, 1.8122969056827867
402.38609544381774, 1.8097240135536832
402.418096723869, 1.8069284420287792
402.4500980039202, 1.8042747755192978
402.48209928397137, 1.8017630140252394
402.51410056402256, 1.7993931575466031
402.54610184407375, 1.7971652060833891
402.57810312412494, 1.7950791596355977
402.6101044041762, 1.793135018203228
402.6421056842274, 1.7912398252447561
402.67410696427856, 1.7893919051095977
402.70610824432976, 1.7875912577977524
402.738109524381, 1.785837883309221
402.7701108044322, 1.784131781644003
402.8021120844834, 1.7824729528020982
402.8341133645346, 1.780867996365407
402.86611464458576, 1.7799310484736568
402.898115924637, 1.7796707044730284
402.9301172046882, 1.780086964363521
402.9621184847394, 1.7811798281451352
402.9941197647906, 1.7829492958178703
403.0261210448418, 1.7853953673817275
403.058122324893, 1.7882691504278272
403.0901236049442, 1.7910728173784465
403.1221248849954, 1.7938063682335847
403.1541261650466, 1.796469802993242
403.1861274450978, 1.799063121657419
403.21812872514903, 1.8015863242261154
403.2501300052002, 1.8040394106993312
403.2821312852514, 1.805819863871398
403.3141325653026, 1.806639305243643
403.34613384535385, 1.8064977348160653
403.37813512540504, 1.8053951525886658
403.4101364054562, 1.8033315585614442
403.4421376855074, 1.8003069527343991
403.4741389655586, 1.7963195358823447
403.5061402456098, 1.7915099674913817
403.53814152566105, 1.7858826539193136
403.57014280571224, 1.7794375951661403
403.6021440857634, 1.7721747912318608
403.6341453658146, 1.764094242116476
403.66614664586587, 1.755195947819986
403.69814792591706, 1.746933828567903
403.73014920596825, 1.7422017271127743
403.76215048601944, 1.7409996434545978
403.7941517660706, 1.7433275775933725
403.8261530461218, 1.7491855295291026
403.85815432617306, 1.7585734992617845
403.89015560622425, 1.771491486791418
403.92215688627545, 1.7836493368422097
403.95415816632664, 1.7928481461951502
403.9861594463779, 1.799087914850236
404.0181607264291, 1.80236864280747
404.05016200648026, 1.8026903300668502
404.08216328653145, 1.800052976628379
404.11416456658264, 1.7944620668379654
404.1461658466339, 1.7892853807945248
404.1781671266851, 1.7845804726843093
404.2101684067363, 1.780347342507319
404.24216968678746, 1.7765859902635524
404.27417096683865, 1.773296415953011
404.3061722468899, 1.770478619575696
404.3381735269411, 1.768194532295331
404.3701748069923, 1.76638166085603
404.4021760870435, 1.7650400052577897
404.43417736709466, 1.7641695655006104
404.4661786471459, 1.7637703415844892
404.4981799271971, 1.7638423335094289
404.5301812072483, 1.7643855412754328
404.5621824872995, 1.7639710523763135
404.5941837673507, 1.7619236842601382
404.6261850474019, 1.7582434369269075
404.6581863274531, 1.752930310376621
404.6901876075043, 1.745984304609276
404.7221888875555, 1.7374054196248758
404.7541901676067, 1.7271936554234195
404.7861914476579, 1.7180175987217
404.8181927277091, 1.7098847470688343
404.8501940077603, 1.7027951004648254
404.8821952878115, 1.696748658909671
404.91419656786275, 1.6917454224033706
404.94619784791394, 1.6877853909459246
404.9781991279651, 1.684969254875272
405.0102004080163, 1.6835318267307693
405.0422016880675, 1.6834731065124164
405.0742029681187, 1.6847930942202136
405.10620424816995, 1.687491789854163
405.13820552822114, 1.6915691934142623
405.1702068082723, 1.6970253049005126
405.2022080883235, 1.702233429608823
405.23420936837476, 1.7063381178160124
405.26621064842595, 1.7093393695220824
405.29821192847714, 1.7112371847270322
405.33021320852833, 1.7120315634308627
405.3622144885795, 1.711722505633574
405.3942157686308, 1.7103100113351646
405.42621704868196, 1.7091707375123821
405.45821832873315, 1.7083178043980154
405.49021960878434, 1.7077512119920644
405.52222088883553, 1.7074709602945295
405.5542221688868, 1.7074770493054112
405.586223448938, 1.7077694790247087
405.61822472898916, 1.7084280455382788
405.65022600904035, 1.7096235372206054
405.68222728909154, 1.7113559540716887
405.7142285691428, 1.7136252960915286
405.746229849194, 1.716431563280125
405.77823112924517, 1.7197747556374783
405.81023240929636, 1.723654873163588
405.84223368934755, 1.7281178221153854
405.8742349693988, 1.7331792918276248
405.90623624945, 1.7388392823003052
405.9382375295012, 1.745097793533427
405.97023880955237, 1.751954825526991
406.00224008960356, 1.7594103782809958
406.0342413696548, 1.7674625934364645
406.066242649706, 1.773966869998899
406.0982439297572, 1.7789146126221183
406.1302452098084, 1.7823058213061231
406.1622464898596, 1.7841404960509117
406.1942477699108, 1.7844186368564858
406.226249049962, 1.7831402437228447
406.2582503300132, 1.7809988517263562
406.2902516100644, 1.779384860514019
406.3222528901156, 1.7782982700858332
406.3542541701668, 1.7777390804417996
406.386255450218, 1.7777072915819174
406.4182567302692, 1.7782029035061864
406.4502580103204, 1.779225916214607
406.48225929037164, 1.7802643572196093
406.51426057042283, 1.7810900095958089
406.546261850474, 1.7817028733432063
406.5782631305252, 1.782102948461801
406.6102644105764, 1.7822902349515926
406.6422656906276, 1.7822647328125802
406.67426697067884, 1.7820322378962115
406.70626825073003, 1.7817717940484983
406.7382695307812, 1.781478994911637
406.7702708108324, 1.7811538404856275
406.80227209088366, 1.7807963307704697
406.83427337093485, 1.7804064657661636
406.86627465098604, 1.7799842454727097
406.89827593103723, 1.7791197443228852
406.9302772110884, 1.776830768365968
406.96227849113967, 1.7731173176019586
406.99427977119086, 1.767979392030856
407.02628105124205, 1.761416991652657
407.05828233129324, 1.753430116467365
407.09028361134443, 1.7440187664749809
407.1222848913957, 1.7348196605479103
407.15428617144687, 1.7268081699725306
407.18628745149806, 1.7199842947488455
407.21828873154925, 1.714348034876852
407.25029001160044, 1.70989939035655
407.2822912916517, 1.7066383611879379
407.3142925717029, 1.704597595123478
407.34629385175407, 1.7019675922200779
407.37829513180526, 1.6986907982914863
407.4102964118565, 1.694767213337704
407.4422976919077, 1.6901968373587306
407.4742989719589, 1.6849796703545652
407.5063002520101, 1.6791157123252063
407.53830153206127, 1.673022480922626
407.57030281211246, 1.667798341225747
407.6023040921637, 1.6634432932345693
407.6343053722149, 1.659957336949093
407.6663066522661, 1.6573404723693212
407.6983079323173, 1.6555926994952515
407.7303092123685, 1.654714018326883
407.7623104924197, 1.654566053876473
407.7943117724709, 1.6549821357666894
407.8263130525221, 1.6559622639975315
407.8583143325733, 1.6575064385689993
407.8903156126245, 1.659614659481093
407.9223168926757, 1.6622869267338127
407.9543181727269, 1.665474702147992
407.9863194527781, 1.6682671873463588
408.0183207328293, 1.6706640476732217
408.05032201288054, 1.6726652831285793
408.08232329293173, 1.6742708937124335
408.1143245729829, 1.675480879424784
408.1463258530341, 1.6762952402656301
408.1783271330853, 1.6766366833303188
408.21032841313655, 1.6761769190308613
408.24232969318774, 1.6749159473672584
408.27433097323893, 1.6728537683395095
408.3063322532901, 1.669990381947613
408.3383335333413, 1.666325788191571
408.37033481339256, 1.6618599870713833
408.40233609344375, 1.6576914853899274
408.43433737349494, 1.654425622466377
408.46633865354613, 1.6520623983007305
408.4983399335973, 1.650601812892988
408.53034121364857, 1.6500438662431494
408.56234249369976, 1.6503885583512141
408.59434377375095, 1.6518010028888754
408.62634505380214, 1.6550553744113934
408.6583463338534, 1.6601399657658418
408.6903476139046, 1.667054776952218
408.72234889395577, 1.6757998079705212
408.75435017400696, 1.686375058820751
408.78635145405815, 1.6987805295029075
408.81835273410934, 1.7112930547274785
408.8503540141606, 1.7215072901447628
408.8823552942118, 1.7294232357547636
408.91435657426297, 1.7350408915574804
408.94635785431416, 1.7383602575529142
408.9783591343654, 1.7393813337410609
409.0103604144166, 1.7381041201219243
409.0423616944678, 1.7359617793718827
409.074362974519, 1.7333548537795531
409.10636425457017, 1.7302833433449358
409.13836553462136, 1.726747248068031
409.1703668146726, 1.7227465679488387
409.2023680947238, 1.7182813029873585
409.234369374775, 1.7132863580625945
409.2663706548262, 1.708843379111844
409.2983719348774, 1.7049523661351063
409.3303732149286, 1.701613319132382
409.3623744949798, 1.698826238103673
409.394375775031, 1.6965911230489776
409.4263770550822, 1.6949079739682955
409.45837833513343, 1.6938444163126587
409.4903796151846, 1.693105835965093
409.5223808952358, 1.6926922329255982
409.554382175287, 1.6926036071941737
409.5863834553382, 1.6928399587708214
409.61838473538944, 1.6934012876555404
409.65038601544063, 1.6942875938483304
409.6823872954918, 1.6964568473442478
409.714388575543, 1.700324869720817
409.7463898555942, 1.7058916609780377
409.77839113564545, 1.713157221115912
409.81039241569664, 1.722121550134438
409.84239369574783, 1.7327846480336164
409.874394975799, 1.7448186069283718
409.90639625585027, 1.7557122202651692
409.93839753590146, 1.7654654880440108
409.97039881595265, 1.7740784102648968
410.00240009600384, 1.7815509869278274
410.03440137605503, 1.7878832180328021
410.0664026561062, 1.7930751035798214
410.09840393615747, 1.7971777781771074
410.13040521620866, 1.8000883562163361
410.16240649625985, 1.8018068376975074
410.19440777631104, 1.8023332226206212
410.2264090563623, 1.801667510985677
410.2584103364135, 1.799809702792676
410.29041161646467, 1.796759798041617
410.32241289651586, 1.7938157087185096
410.35441417656705, 1.7914337889259813
410.38641545661824, 1.789614038664032
410.4184167366695, 1.7883564579326618
410.4504180167207, 1.7876610467318703
410.48241929677187, 1.787527805061659
410.51442057682306, 1.7880084042976712
410.5464218568743, 1.7885275042620496
410.5784231369255, 1.7890851049547936
410.6104244169767, 1.789681206375902
410.6424256970279, 1.7903158085253759
410.67442697707907, 1.7909889114032147
410.7064282571303, 1.7917005150094203
410.7384295371815, 1.792337359102409
410.7704308172327, 1.7930710307431426
410.8024320972839, 1.793901529931622
410.8344333773351, 1.7948288566678468
410.8664346573863, 1.7958530109518154
410.8984359374375, 1.796973992783529
410.9304372174887, 1.7981918021629888
410.9624384975399, 1.7990230753040315
410.9944397775911, 1.7992255584783208
411.02644105764233, 1.798799251685856
411.0584423376935, 1.7977441549266384
411.0904436177447, 1.7960602682006663
411.1224448977959, 1.793747591507941
411.15444617784715, 1.7911241825333521
411.18644745789834, 1.7901482104135573
411.21844873794953, 1.7908196751485568
411.2504500180007, 1.793138576738351
411.2824512980519, 1.7971049151829395
411.3144525781031, 1.802718690482322
411.34645385815435, 1.8099799026365007
411.37845513820554, 1.8174646824623495
411.41045641825673, 1.823796377419403
411.4424576983079, 1.8289749875076617
411.47445897835917, 1.8330005127271236
411.50646025841036, 1.8358729530777909
411.53846153846155, 1.8375923085596633
411.57046281851274, 1.8381585791727406
411.6024640985639, 1.8386195741159221
411.6344653786151, 1.839137904593153
411.66646665866637, 1.8397135706044339
411.69846793871756, 1.8403465721497645
411.73046921876875, 1.841036909229145
411.76247049881994, 1.841784581842575
411.7944717788712, 1.8423683406819813
411.8264730589224, 1.8405781604037421
411.85847433897356, 1.8364140410078538
411.89047561902476, 1.82987598249432
411.92247689907595, 1.820963984863141
411.95447817912714, 1.809678048114316
411.9864794591784, 1.7960181722478454
412.0184807392296, 1.782363913752394
412.05048201928076, 1.771587732900778
412.08248329933195, 1.7636896296929945
412.1144845793832, 1.7586696041290446
412.1464858594344, 1.756527656208927
412.1784871394856, 1.7572637859326448
412.2104884195368, 1.7608779933001948
412.24248969958796, 1.7643896360591547
412.2744909796392, 1.7671677895994542
412.3064922596904, 1.7692124539210947
412.3384935397416, 1.7705236290240753
412.3704948197928, 1.7711013149083965
412.402496099844, 1.7709455115740576
412.4344973798952, 1.770263995881396
412.4664986599464, 1.7700016935618343
412.4984999399976, 1.7701586046153734
412.5305012200488, 1.7707347290420121
412.5625025001, 1.7717300668417506
412.59450378015123, 1.7731446180145891
412.6265050602024, 1.7749783825605274
412.6585063402536, 1.7763709204168328
412.6905076203048, 1.7764184900547877
412.72250890035605, 1.7751210914743916
412.75451018040724, 1.7724787246756457
412.7865114604584, 1.7684913896585472
412.8185127405096, 1.7631590864230986
412.8505140205608, 1.7564818149693
412.882515300612, 1.748975891402892
412.91451658066325, 1.7406002401204783
412.94651786071444, 1.731354861122058
412.9785191407656, 1.721239754407629
413.0105204208168, 1.7102549199771937
413.04252170086806, 1.6984003578307525
413.07452298091926, 1.6857589713944776
413.10652426097045, 1.673969904716386
413.13852554102164, 1.6630331577964759
413.1705268210728, 1.6529487306347466
413.202528101124, 1.6437166232311986
413.23452938117526, 1.635336835585831
413.26653066122645, 1.6278093676986447
413.29853194127764, 1.621678460625282
413.33053322132884, 1.6170291599046798
413.3625345013801, 1.613861465536837
413.3945357814313, 1.6121753775217535
413.42653706148246, 1.61197089585943
413.45853834153365, 1.6132480205498665
413.49053962158484, 1.6159805471037327
413.5225409016361, 1.6187987453568033
413.5545421816873, 1.6215852782416085
413.5865434617385, 1.6243401457581483
413.61854474178966, 1.6270633479064225
413.65054602184085, 1.629754884686431
413.6825473018921, 1.6324147560981739
413.7145485819433, 1.6347505146047567
413.7465498619945, 1.6359969786064021
413.77855114204567, 1.636154148103111
413.81055242209686, 1.6352220230948833
413.8425537021481, 1.6332006035817184
413.8745549821993, 1.630089889563617
413.9065562622505, 1.6258898810405777
413.9385575423017, 1.6224213969933021
413.9705588223529, 1.620646892459793
414.0025601024041, 1.620566367440048
414.0345613824553, 1.6221798219340675
414.0665626625065, 1.6254872559418527
414.0985639425577, 1.630488669463402
414.1305652226089, 1.6370073393604234
414.1625665026601, 1.6428811532379777
414.1945677827113, 1.6480773789567131
414.2265690627625, 1.6525960165166302
414.2585703428137, 1.6564370659177279
414.29057162286495, 1.6596005271600047
414.32257290291614, 1.6620864002434623
414.3545741829673, 1.6643202904093293
414.3865754630185, 1.6661419377605486
414.4185767430697, 1.6675513422971209
414.4505780231209, 1.6685485040190458
414.48257930317214, 1.6691334229263242
414.51458058322333, 1.6693060990189545
414.5465818632745, 1.669066532296936
414.5785831433257, 1.6684194183414458
414.61058442337696, 1.6679986907982989
414.64258570342815, 1.6678043496674944
414.67458698347934, 1.6678363949490354
414.70658826353053, 1.6680948266429187
414.7385895435817, 1.6685796447491452
414.7705908236329, 1.6694229290526832
414.80259210368416, 1.6705631427876866
414.83459338373535, 1.6718953590544587
414.86659466378654, 1.6734195778529994
414.8985959438378, 1.675135799183309
414.930597223889, 1.677044023045387
414.96259850394017, 1.6791442494392335
414.99459978399136, 1.6814224259715236
415.02660106404255, 1.6839819389139876
415.05860234409374, 1.6868227882666254
415.090603624145, 1.689944974029437
415.1226049041962, 1.6933484962024228
415.15460618424737, 1.6970333547855827
415.18660746429856, 1.7009995497789163
415.2186087443498, 1.703993785892468
415.250610024401, 1.7054496616326904
415.2826113044522, 1.7053671769995828
415.3146125845034, 1.7037463319931445
415.34661386455457, 1.7005871266133767
415.37861514460576, 1.6958895608602795
415.410616424657, 1.6898211956185856
415.4426177047082, 1.6843297446922285
415.4746189847594, 1.6795007784392153
415.5066202648106, 1.6753342968595455
415.5386215448618, 1.6718302999532189
415.570622824913, 1.668988787720235
415.6026241049642, 1.6668097601605951
415.6346253850154, 1.6653559198193149
415.6666266650666, 1.664439835913812
415.6986279451178, 1.664061508444087
415.730629225169, 1.6642209374101402
415.7626305052202, 1.664918122811971
415.7946317852714, 1.6661530646495792
415.8266330653226, 1.6679257629229658
415.85863434537384, 1.6695529326926801
415.89063562542503, 1.6710825150195139
415.9226369054762, 1.6725145099034682
415.9546381855274, 1.673848917344542
415.9866394655786, 1.6750857373427352
416.0186407456298, 1.6762249698980483
416.05064202568104, 1.6774654620217098
416.08264330573223, 1.678660217359384
416.1146445857834, 1.6797959220868952
416.14664586583467, 1.6808725762042438
416.17864714588586, 1.6818901797114296
416.21064842593705, 1.6828487326084525
416.24264970598824, 1.683748234895312
416.27465098603943, 1.6844733942256536
416.3066522660906, 1.6852837210856149
416.3386535461418, 1.6861792154751956
416.37065482619306, 1.6871598773943952
416.40265610624425, 1.688225706843215
416.43465738629544, 1.6893767038216547
416.4666586663467, 1.6906128683297135
416.4986599463979, 1.691156242071283
416.53066122644907, 1.6906259859430723
416.56266250650026, 1.6890220999450838
416.59466378655145, 1.6863445840773168
416.62666506660264, 1.6825934383397718
416.6586663466539, 1.677768662732448
416.6906676267051, 1.6721849040079884
416.72266890675627, 1.667280242374858
416.75467018680746, 1.6630546778330573
416.7866714668587, 1.6595082103825871
416.8186727469099, 1.656640840023446
416.8506740269611, 1.6544525667556345
416.8826753070123, 1.6529433905791524
416.91467658706347, 1.651637756896925
416.94667786711466, 1.650551142055936
416.9786791471659, 1.6496835460561852
417.0106804272171, 1.6490349688976729
417.0426817072683, 1.6486054105804002
417.0746829873195, 1.648394871104366
417.1066842673707, 1.6484082188375278
417.1386855474219, 1.6474531435866269
417.1706868274731, 1.645042853484751
417.2026881075243, 1.6411773485319032
417.2346893875755, 1.6358566287280827
417.2666906676267, 1.6290806940732898
417.2986919476779, 1.6208495445675242
417.3306932277291, 1.6116416287234288
417.3626945077803, 1.6038932999876794
417.39469578783155, 1.5976045583602758
417.42669706788274, 1.5927754038412167
417.45869834793393, 1.589405836430502
417.4906996279851, 1.5874958561281334
417.5227009080363, 1.5870454629341093
417.5547021880875, 1.5870248486359917
417.5867034681387, 1.5864143521243166
417.61870474818994, 1.5852139733990838
417.65070602824113, 1.583423712460293
417.6827073082923, 1.5810435693079437
417.71470858834357, 1.5780735439420366
417.74670986839476, 1.5745375782421527
417.77871114844595, 1.5717780884504666
417.81071242849714, 1.5701064662733661
417.84271370854833, 1.5695227117108512
417.8747149885995, 1.5700268247629217
417.90671626865077, 1.5716188054295785
417.93871754870196, 1.5742986537108208
417.97071882875315, 1.577605492014515
418.00272010880434, 1.5803315817058041
418.0347213888556, 1.5824769227846873
418.0667226689068, 1.584041515251166
418.09872394895797, 1.5850253591052392
418.13072522900916, 1.585428454346908
418.16272650906035, 1.5852508009761719
418.19472778911154, 1.5845011075645354
418.2267290691628, 1.5832390453212415
418.258730349214, 1.5814646142462907
418.29073162926517, 1.5791778143396824
418.32273290931636, 1.5763786456014177
418.3547341893676, 1.573067108031495
418.3867354694188, 1.569495950297165
418.41873674947, 1.5674191182214825
418.4507380295212, 1.5669489648432136
418.48273930957237, 1.5680854901623584
418.51474058962356, 1.5708286941789167
418.5467418696748, 1.5751785768928903
418.578743149726, 1.5811351383042775
418.6107444297772, 1.5883947518301598
418.6427457098284, 1.596154597680526
418.6747469898796, 1.604414675855375
418.7067482699308, 1.6131749863547071
418.738749549982, 1.6224355291785215
418.7707508300332, 1.6321963043268186
418.8027521100844, 1.6424573117995986
418.8347533901356, 1.6514196922709272
418.8667546701868, 1.658735567708726
418.898755950238, 1.6644049381129957
418.9307572302892, 1.668427803483735
418.96275851034045, 1.6708041638209425
418.99475979039164, 1.6715340191246204
419.02676107044283, 1.6708881293821225
419.058762350494, 1.67058554070216
419.0907636305452, 1.6707261509168068
419.1227649105964, 1.6713099600260632
419.15476619064765, 1.6723369680299294
419.18676747069884, 1.6738071749284045
419.21876875075003, 1.675720580721489
419.2507700308012, 1.6776710289550005
419.28277131085247, 1.6789584657322372
419.31477259090366, 1.6795828910532005
419.34677387095485, 1.6795443049178895
419.37877515100604, 1.6788427073263044
419.41077643105723, 1.6774780982784456
419.4427777111084, 1.6754504777743133
419.47477899115967, 1.673682102442152
419.50678027121086, 1.6724099670328698
419.53878155126205, 1.6716340715464673
419.57078283131324, 1.6713544159829437
419.6027841113645, 1.6715710003422999
419.6347853914157, 1.672283824624535
419.66678667146687, 1.673476663387496
419.69878795151806, 1.675081911839291
419.73078923156925, 1.6770983796416656
419.76279051162044, 1.6795260667946204
419.7947917916717, 1.6823649732981554
419.8267930717229, 1.6856150991522707
419.85879435177407, 1.689276444356966
419.89079563182526, 1.692976711222245
419.9227969118765, 1.6960761040928884
419.9547981919277, 1.6985746229688965
419.9867994719789, 1.7004722678502682
420.0188007520301, 1.7017690387370046
420.05080203208126, 1.702464935629106
420.08280331213246, 1.7025311270876942
420.1148045921837, 1.7022040698334318
420.1468058722349, 1.7018068123578753
420.1788071522861, 1.701339354661026
420.21080843233733, 1.7008016967428816
420.2428097123885, 1.7001938386034439
420.2748109924397, 1.6995157802427123
420.3068122724909, 1.699022803688015
420.3388135525421, 1.698937704933761
420.3708148325933, 1.69926048397995
420.40281611264453, 1.6999911408265829
420.4348173926957, 1.7011296754736587
420.4668186727469, 1.7026760879211775
420.4988199527981, 1.70463037816914
420.53082123284935, 1.7064762605930706
420.56282251290054, 1.707686440542125
420.59482379295173, 1.7082609180163026
420.6268250730029, 1.7081996930156038
420.6588263530541, 1.707502765540029
420.6908276331053, 1.7061701355895778
420.72282891315655, 1.704272534244021
420.75483019320774, 1.7025555438099518
420.7868314732589, 1.701131474592582
420.8188327533101, 1.7000003265919117
420.85083403336137, 1.699162099807941
420.88283531341256, 1.69861679424067
420.91483659346375, 1.6983644098900978
420.94683787351494, 1.6981356551428481
420.9788391535661, 1.6974926474605827
421.0108404336173, 1.696435386843302
421.04284171366857, 1.6949638732910055
421.07484299371976, 1.6930781068036937
421.10684427377095, 1.6907780873813658
421.13884555382214, 1.6880638150240224
421.1708468338734, 1.6853554299963787
421.2028481139246, 1.683046540824677
421.23484939397576, 1.681137147508919
421.26685067402695, 1.6796272500491032
421.29885195407815, 1.6785168484452297
421.33085323412934, 1.677805942697299
421.3628545141806, 1.67743522296904
421.3948557942318, 1.6772746917528127
421.42685707428296, 1.6773376893695289
421.4588583543342, 1.6776242158191867
421.4908596343854, 1.6781342711017875
421.5228609144366, 1.6788678552173306
421.5548621944878, 1.679824968165817
421.586863474539, 1.6807292032661827
421.61886475459016, 1.6804141314451215
421.65086603464135, 1.6788797527026336
421.6828673146926, 1.6761260670387188
421.7148685947438, 1.6721530744533777
421.746869874795, 1.6669607749466082
421.77887115484623, 1.6605491685184115
421.8108724348974, 1.6536947345719548
421.8428737149486, 1.6465372960970277
421.8748749949998, 1.6390768530936324
421.906876275051, 1.6313134055617682
421.9388775551022, 1.6232469535014353
421.9708788351534, 1.6148774969126347
422.0028801152046, 1.6060370283376926
422.0348813952558, 1.5979789686848314
422.066882675307, 1.5908845495994013
422.09888395535825, 1.5847537710814021
422.13088523540944, 1.5795866331308344
422.1628865154606, 1.5753831357476997
422.1948877955118, 1.5721432789319962
422.226889075563, 1.5699264929014054
422.2588903556142, 1.5680972147803107
422.29089163566545, 1.566655444568713
422.32289291571664, 1.565601182266612
422.3548941957678, 1.5649344278740076
422.386895475819, 1.5646551813908998
422.41889675587026, 1.564725635463517
422.45089803592145, 1.564760719584605
422.48289931597265, 1.564888922300842
422.51490059602384, 1.5651102436122282
422.546901876075, 1.5654246835187628
422.5789031561262, 1.5658322420204462
422.61090443617746, 1.5663329191172781
422.64290571622865, 1.566990697957426
422.67490699627984, 1.5673241018586057
422.7069082763311, 1.5673201260176033
422.7389095563823, 1.5669787704344182
422.7709108364335, 1.566300035109051
422.80291211648466, 1.5652839200415012
422.83491339653585, 1.5639304252317687
422.86691467658704, 1.5621539299108247
422.89891595663823, 1.5599594337871727
422.9309172366895, 1.557346936860813
422.9629185167407, 1.5543164391317457
422.99491979679186, 1.5508679405999704
423.0269210768431, 1.5470014412654869
423.0589223568943, 1.5428174548803395
423.0909236369455, 1.5389332377177742
423.1229249169967, 1.5353848637085874
423.15492619704787, 1.5321723328527783
423.18692747709906, 1.5292956451503477
423.2189287571503, 1.5267548006012956
423.2509300372015, 1.5245497992056218
423.2829313172527, 1.5224619229977363
423.3149325973039, 1.520714868729197
423.3469338773551, 1.5193086364000021
423.3789351574063, 1.5182432260101526
423.4109364374575, 1.5175186375596488
423.4429377175087, 1.51713487104849
423.4749389975599, 1.5170919264766762
423.5069402776111, 1.5175230245443188
423.5389415576623, 1.518119500853164
423.5709428377135, 1.518881355403212
423.6029441177647, 1.519808588194462
423.6349453978159, 1.5209011992269144
423.66694667786714, 1.5221591885005696
423.69894795791834, 1.5234837815604227
423.7309492379695, 1.5248091134994888
423.7629505180207, 1.5261941624008946
423.7949517980719, 1.5276389282646403
423.8269530781231, 1.529143411090726
423.85895435817434, 1.5307076108791522
423.89095563822553, 1.532331527629918
423.9229569182767, 1.533718440304786
423.9549581983279, 1.5343238893797824
423.98695947837916, 1.5341478748549073
424.01896075843035, 1.533190396730161
424.05096203848154, 1.531451455005543
424.08296331853273, 1.528931049681053
424.1149645985839, 1.5256291807566926
424.1469658786351, 1.5226751518293267
424.17896715868636, 1.5203076703682745
424.21096843873755, 1.5185267363735364
424.24296971878874, 1.5173323498451126
424.27497099884, 1.5167245107830036
424.3069722788912, 1.5167032191872085
424.33897355894237, 1.5169813034919195
424.37097483899356, 1.5169694565784075
424.40297611904475, 1.5166543797032788
424.43497739909594, 1.5160360728665332
424.4669786791472, 1.51511453606817
424.4989799591984, 1.5138897693081896
424.53098123924957, 1.5123617725865925
424.56298251930076, 1.5108807830612718
424.594983799352, 1.5097432058626958
424.6269850794032, 1.5089490409908644
424.6589863594544, 1.5084982884457776
424.6909876395056, 1.5083909482274356
424.72298891955677, 1.508627020335838
424.75499019960796, 1.5091715616329031
424.7869914796592, 1.5097487241996421
424.8189927597104, 1.5103742504410733
424.8509940397616, 1.5110481403571978
424.8829953198128, 1.511770393948015
424.914996599864, 1.5125410112135238
424.9469978799152, 1.5133599921537253
424.9789991599664, 1.5144949215975805
425.0110004400176, 1.5156018500621575
425.0430017200688, 1.5166573977208395
425.07500300012, 1.5176615645736256
425.1070042801712, 1.5186143506205168
425.1390055602224, 1.5195157558615122
425.1710068402736, 1.520365780296611
425.2030081203248, 1.5209246780737542
425.23500940037604, 1.5214593918702137
425.26701068042723, 1.5219699216859899
425.2990119604784, 1.522456267521083
425.3310132405296, 1.5229184293754927
425.3630145205808, 1.523356407249219
425.395015800632, 1.5237906581144567
425.42701708068324, 1.5239655235988896
425.45901836073443, 1.523735792172378
425.4910196407856, 1.523101463834921
425.52302092083687, 1.522062538586519
425.55502220088806, 1.520619016427172
425.58702348093925, 1.5187708973568812
425.61902476099044, 1.5166360229127878
425.65102604104163, 1.5148632218858729
425.6830273210928, 1.5134524942761363
425.71502860114407, 1.5124038400835782
425.74702988119526, 1.5117172593081984
425.77903116124645, 1.511392751949997
425.81103244129764, 1.5114303180089745
425.8430337213489, 1.5116048854994208
425.8750350014001, 1.5118230815013105
425.90703628145127, 1.5120849060146437
425.93903756150246, 1.5123903590394199
425.97103884155365, 1.5127394405756396
426.00304012160484, 1.5131321506233024
426.0350414016561, 1.5136165308246952
426.0670426817073, 1.5143921384706638
426.09904396175847, 1.5154857212152446
426.13104524180966, 1.5168972790584367
426.1630465218609, 1.5186268120002402
426.1950478019121, 1.520674320040655
426.2270490819633, 1.5230398031796817
426.2590503620145, 1.5257361892952352
426.29105164206567, 1.5282782853725045
426.32305292211686, 1.5306660914114896
426.3550542021681, 1.5328996074121908
426.3870554822193, 1.5349788333746077
426.4190567622705, 1.5369037692987395
426.4510580423217, 1.5386359717038043
426.4830593223729, 1.539944128385841
426.5150606024241, 1.541051768878495
426.5470618824753, 1.5419588931817656
426.5790631625265, 1.542665501295653
426.6110644425777, 1.5431715932201573
426.6430657226289, 1.5434771689552782
426.6750670026801, 1.5437585749726566
426.7070682827313, 1.5438404028349832
426.7390695627825, 1.5436754205506256
426.77107084283375, 1.5432636281195842
426.80307212288494, 1.5426050255418584
426.83507340293613, 1.541699612817449
426.8670746829873, 1.5405473899463547
426.8990759630385, 1.539036023326913
426.9310772430897, 1.5373997598012048
426.96307852314095, 1.5356385993692303
426.99507980319214, 1.5337525420309894
427.02708108324333, 1.5317415877864822
427.0590823632945, 1.5296057366357085
427.09108364334577, 1.52740657477532
427.12308492339696, 1.5256256637328391
427.15508620344815, 1.5243965641911323
427.18708748349934, 1.5237192761501988
427.21908876355053, 1.5235937996100388
427.2510900436017, 1.5240201345706523
427.28309132365297, 1.5249982810320395
427.31509260370416, 1.5263068548074301
427.34709388375535, 1.5268936764710141
427.37909516380654, 1.5267560511815088
427.4110964438578, 1.5258939789389134
427.443097723909, 1.524307459743228
427.47509900396017, 1.5219964935944523
427.50710028401136, 1.518961080492587
427.53910156406255, 1.5159464561018803
427.57110284411374, 1.5134784614215488
427.603104124165, 1.5115570964515934
427.6351054042162, 1.510182361192013
427.66710668426737, 1.5093542556428088
427.69910796431856, 1.50907277980398
427.7311092443698, 1.5093348481358912
427.763110524421, 1.5098428982766459
427.7951118044722, 1.51049200206162
427.8271130845234, 1.511282159490813
427.85911436457457, 1.5122133705642253
427.89111564462576, 1.5132856352818573
427.923116924677, 1.5144989536437086
427.9551182047282, 1.515515241088287
427.9871194847794, 1.5164684314971788
428.01912076483063, 1.5173585248703834
428.0511220448818, 1.5181855212079014
428.083123324933, 1.518949420509732
428.1151246049842, 1.5196502227758766
428.1471258850354, 1.5203032191236796
428.1791271650866, 1.5208499804956268
428.2111284451378, 1.5209940426696686
428.243129725189, 1.5207354056458056
428.2751310052402, 1.520074069424037
428.3071322852914, 1.519010034004363
428.33913356534265, 1.5175432993867835
428.37113484539384, 1.5157909364105575
428.40313612544503, 1.5143072746788777
428.4351374054962, 1.5131672840068047
428.4671386855474, 1.5123709643943382
428.4991399655986, 1.5119183158414777
428.53114124564985, 1.511809338348224
428.56314252570104, 1.5120440319145771
428.59514380575223, 1.5126094291779317
428.6271450858034, 1.5134326386354462
428.65914636585467, 1.5145136602871216
428.69114764590586, 1.515852494132957
428.72314892595705, 1.5174491401729528
428.75515020600824, 1.5193035984071088
428.78715148605943, 1.5212981447265355
428.8191527661106, 1.5228728918807521
428.85115404616187, 1.5239713910289858
428.88315532621306, 1.5245936421712374
428.91515660626425, 1.5247396453075073
428.94715788631544, 1.5244094004377948
428.9791591663667, 1.5236029075621
429.0111604464179, 1.5226366197018055
429.04316172646907, 1.5219064407509526
429.07516300652026, 1.5214194646374155
429.10716428657145, 1.5211756913611942
429.13916556662264, 1.521175120922289
429.1711668466739, 1.5214177533207
429.2031681267251, 1.5219035885564267
429.23516940677627, 1.5225499763994874
429.26717068682746, 1.5232574403573762
429.2991719668787, 1.5240259804300937
429.3311732469299, 1.5248555966176396
429.3631745269811, 1.5257462889200128
429.3951758070323, 1.5266980573372144
429.42717708708346, 1.5277283985960326
429.45917836713465, 1.5287595137924725
429.4911796471859, 1.5297431950947824
429.5231809272371, 1.5306794425029626
429.5551822072883, 1.531568256017012
429.58718348733953, 1.532409635636932
429.6191847673907, 1.533203581362722
429.6511860474419, 1.5337220164258065
429.6831873274931, 1.5343335796844235
429.7151886075443, 1.5350382711385733
429.7471898875955, 1.5358360907882558
429.77919116764673, 1.5367270386334704
429.8111924476979, 1.537711114674218
429.8431937277491, 1.5388399208498902
429.8751950078003, 1.5404856643583167
429.90719628785155, 1.5424303825414107
429.93919756790274, 1.5446740753991717
429.97119884795393, 1.5472167429315993
430.0032001280051, 1.550058385138694
430.0352014080563, 1.5531990020204558
430.0672026881075, 1.5562863202835744
430.09920396815875, 1.5591259910265671
430.13120524820994, 1.5617641925644636
430.1632065282611, 1.564200924897264
430.1952078083123, 1.566436188024968
430.22720908836357, 1.568469981947575
430.25921036841476, 1.5703023066650856
430.29121164846595, 1.571992032228597
430.32321292851714, 1.5733058163881846
430.3552142085683, 1.5742436591438473
430.3872154886195, 1.5748055604955855
430.41921676867076, 1.5749915204433989
430.45121804872196, 1.5748015389872876
430.48321932877315, 1.5743113931306376
430.51522060882434, 1.5740051521954617
430.5472218888756, 1.5740510417444995
430.5792231689268, 1.5744490617777513
430.61122444897796, 1.5751992122952176
430.64322572902915, 1.5763014932968977
430.67522700908034, 1.5777559047827916
430.70722828913154, 1.5795829104572934
430.7392295691828, 1.5813378660930026
430.771230849234, 1.582992895351882
430.80323212928516, 1.5845479982339308
430.8352334093364, 1.5860031747391496
430.8672346893876, 1.5873584248675385
430.8992359694388, 1.5886137486190974
430.93123724949, 1.5895362135906508
430.9632385295412, 1.590128708331868
430.99523980959236, 1.5903912328427485
431.0272410896436, 1.5903237871232923
431.0592423696948, 1.5899263711734994
431.091243649746, 1.5891989849933699
431.1232449297972, 1.588124908361478
431.1552462098484, 1.5870481034615023
431.1872474898996, 1.5861341423446593
431.2192487699508, 1.5853830250109495
431.251250050002, 1.5847947514603722
431.2832513300532, 1.5843693216929278
431.3152526101044, 1.5841067357086156
431.3472538901556, 1.5842068919537247
431.3792551702068, 1.5845337595107725
431.411256450258, 1.5850873383797592
431.4432577303092, 1.5858676285606843
431.47525901036045, 1.5868746300535483
431.50726029041164, 1.5881083428583511
431.5392615704628, 1.5895079768868061
431.571262850514, 1.5905420900542153
431.6032641305652, 1.5910641060671185
431.6352654106164, 1.591074024925515
431.66726669066765, 1.5905718466294048
431.69926797071884, 1.5895575711787882
431.73126925077, 1.5880311985736648
431.7632705308212, 1.5863643546699304
431.79527181087246, 1.5849067768353726
431.82727309092365, 1.5836568247401135
431.85927437097484, 1.5826144983841524
431.89127565102604, 1.5817797977674897
431.9232769310772, 1.581152722890126
431.9552782111284, 1.5807332737520607
431.98727949117966, 1.5799252146005753
432.01928077123085, 1.5791221321448419
432.05128205128204, 1.578324026384861
432.0832833313333, 1.5775308973206317
432.1152846113845, 1.5767427449521543
432.1472858914357, 1.5759595692794286
432.17928717148686, 1.5755180725670195
432.21128845153805, 1.5759899385950331
432.24328973158924, 1.5771403523069703
432.2752910116405, 1.5789693137028327
432.3072922916917, 1.5814768227826186
432.33929357174287, 1.5846628795463285
432.37129485179406, 1.5885274839939614
432.4032961318453, 1.5920636305996907
432.4352974118965, 1.5947824615530983
432.4672986919477, 1.5966857422670269
432.4992999719989, 1.5977734727414759
432.53130125205007, 1.598045652976446
432.56330253210126, 1.5975022829719367
432.5953038121525, 1.596164471363817
432.6273050922037, 1.5945031861930195
432.6593063722549, 1.592482784733579
432.6913076523061, 1.5901032669854964
432.7233089323573, 1.587364632948771
432.7553102124085, 1.5842668826234034
432.7873114924597, 1.5808100160093936
432.8193127725109, 1.577167589420045
432.8513140525621, 1.5738406889164278
432.8833153326133, 1.5709395372487327
432.9153166126645, 1.568464134416959
432.9473178927157, 1.566414480421107
432.9793191727669, 1.5647905752611768
433.0113204528181, 1.5635924189371686
433.04332173286934, 1.5624382734058209
433.07532301292053, 1.5607018766961838
433.1073242929717, 1.5583832288082569
433.1393255730229, 1.5554823297420408
433.1713268530741, 1.5519991794975359
433.2033281331253, 1.547933778074742
433.23532941317654, 1.5433206641223791
433.26733069322773, 1.5386555568265898
433.2993319732789, 1.5343439131455254
433.3313332533302, 1.530385733079185
433.36333453338136, 1.5267810166275686
433.39533581343255, 1.5235297637906757
433.42733709348374, 1.5206319745685075
433.45933837353493, 1.5182652358047093
433.4913396535861, 1.5164382062477932
433.5233409336373, 1.5151286565786313
433.55534221368856, 1.5143365867972223
433.58734349373975, 1.5140619969035667
433.61934477379094, 1.5143048868976643
433.6513460538422, 1.5150652567795158
433.6833473338934, 1.5158574631879955
433.71534861394457, 1.5164036764419209
433.74734989399576, 1.5167038965412925
433.77935117404695, 1.5167581234861096
433.81135245409814, 1.5165663572763732
433.8433537341494, 1.5161285979120824
433.8753550142006, 1.5155324690009122
433.90735629425177, 1.5149201713037754
433.93935757430296, 1.5142782849496321
433.9713588543542, 1.5136068099384823
434.0033601344054, 1.512905746270326
434.0353614144566, 1.512175093945163
434.0673626945078, 1.5114148529629934
434.09936397455897, 1.5105710661928746
434.13136525461016, 1.5098604167329674
434.1633665346614, 1.5092866510738767
434.1953678147126, 1.5088497692156022
434.2273690947638, 1.5085497711581444
434.259370374815, 1.5083866569015025
434.2913716548662, 1.5083230181147282
434.3233729349174, 1.508108048540454
434.3553742149686, 1.5077708136945764
434.3873754950198, 1.5073113135770946
434.419376775071, 1.5067295481880087
434.4513780551222, 1.5060255175273185
434.4833793351734, 1.5051992215950238
434.5153806152246, 1.5044327837093083
434.5473818952758, 1.503686319423238
434.57938317532705, 1.5028867038828486
434.61138445537824, 1.5020339370881406
434.64338573542943, 1.5011280190391136
434.6753870154806, 1.5001689497357675
434.7073882955318, 1.4991567291781025
434.739389575583, 1.4982265971179451
434.7713908556342, 1.4978014941495252
434.80339213568544, 1.4978814202728432
434.83539341573663, 1.4984663754878982
434.8673946957878, 1.499556359794691
434.89939597583907, 1.5011513731932216
434.93139725589026, 1.5031848460980752
434.96339853594145, 1.505117650711821
434.99539981599264, 1.506592560057081
435.02740109604383, 1.5076095741338555
435.059402376095, 1.5081686929421445
435.09140365614627, 1.5082699164819477
435.12340493619746, 1.5079132447532655
435.15540621624865, 1.5069370154461967
435.18740749629984, 1.5059764242028095
435.2194087763511, 1.505117737381041
435.2514100564023, 1.5043609549808912
435.28341133645347, 1.5037060770023614
435.31541261650466, 1.5031531034454502
435.34741389655585, 1.5027238144843686
435.37941517660704, 1.5024180893375874
435.4114164566583, 1.5013477912036166
435.4434177367095, 1.4995129200824566
435.47541901676067, 1.4969134759741058
435.50742029681186, 1.493549458878566
435.5394215768631, 1.489420868795837
435.5714228569143, 1.4845332879056692
435.6034241369655, 1.4799005572040957
435.6354254170167, 1.4760461430892293
435.66742669706787, 1.4729700455610697
435.69942797711906, 1.4706722646196166
435.7314292571703, 1.4691528002648702
435.7634305372215, 1.4684116524968303
435.7954318172727, 1.4685431762129852
435.8274330973239, 1.4690811169243216
435.8594343773751, 1.4700254746308397
435.8914356574263, 1.4713762493325389
435.9234369374775, 1.4731334410294192
435.9554382175287, 1.4752970497214808
435.9874394975799, 1.4777752066312193
436.0194407776311, 1.4800836323344695
436.0514420576823, 1.4819877610195191
436.0834433377335, 1.4834875926863684
436.1154446177847, 1.4845831273350172
436.14744589783595, 1.4852743649654654
436.17944717788714, 1.4855613055777135
436.21144845793833, 1.4857977763562111
436.2434497379895, 1.486532536805329
436.2754510180407, 1.4878432952265461
436.3074522980919, 1.489730051619862
436.33945357814315, 1.4921928059852774
436.37145485819434, 1.495231558322792
436.40345613824553, 1.4988396220976892
436.4354574182967, 1.5021903817716986
436.46745869834797, 1.5051403914519874
436.49945997839916, 1.5076896511385562
436.53146125845035, 1.509838160831405
436.56346253850154, 1.5115859205305338
436.59546381855273, 1.512932930235943
436.6274650986039, 1.5140567831819738
436.65946637865517, 1.5150473611420785
436.69146765870636, 1.5157755491199962
436.72346893875755, 1.5162413471157261
436.75547021880874, 1.5164447551292688
436.78747149886, 1.5163857731606243
436.8194727789112, 1.5160644012097928
436.85147405896237, 1.5154738331911677
436.88347533901356, 1.5150221270161335
436.91547661906475, 1.5147244272306304
436.94747789911594, 1.5145807338346586
436.9794791791672, 1.5145910468282182
437.0114804592184, 1.514755366211309
437.04348173926957, 1.515075558667419
437.07548301932076, 1.515472419191602
437.107484299372, 1.515783283318551
437.1394855794232, 1.5160081510482657
437.1714868594744, 1.5161470223807463
437.2034881395256, 1.5161998973159934
437.23548941957677, 1.5161667758540067
437.26749069962796, 1.516063512127443
437.2994919796792, 1.51595586369613
437.3314932597304, 1.515863165404717
437.3634945397816, 1.5157854172532044
437.39549581983283, 1.5157226192415925
437.427497099884, 1.5156747713698813
437.4594983799352, 1.5156418736380706
437.4914996599864, 1.5154582807392347
437.5235009400376, 1.5153842577532841
437.5555022200888, 1.5154198046802188
437.58750350014003, 1.5155649215200384
437.6195047801912, 1.5158196082727435
437.6515060602424, 1.516183864938334
437.6835073402936, 1.5167210191961844
437.71550862034485, 1.517362494932781
437.74750990039604, 1.517932987031423
437.77951118044723, 1.518432495492111
437.8115124604984, 1.5188610203148445
437.8435137405496, 1.5192185614996234
437.8755150206008, 1.5195051190464481
437.90751630065205, 1.5197161785648603
437.93951758070324, 1.519775793453569
437.97151886075443, 1.5196753943637837
438.0035201408056, 1.5194149812955056
438.03552142085687, 1.518994554248734
438.06752270090806, 1.518414113223469
438.09952398095925, 1.517656523538506
438.13152526101044, 1.5166867506666983
438.16352654106163, 1.5156722965495817
438.1955278211128, 1.5146131611871563
438.22752910116407, 1.5135093445794219
438.25953038121526, 1.5123608467263787
438.29153166126645, 1.5111676676280268
438.32353294131764, 1.5100292733225613
438.3555342213689, 1.5091927370290996
438.3875355014201, 1.5087368229671823
438.41953678147127, 1.50866153113681
438.45153806152246, 1.5089668615379819
438.48353934157365, 1.5096528141706989
438.51554062162484, 1.5107193890349602
438.5475419016761, 1.511940189007438
438.5795431817273, 1.512963727025258
438.61154446177846, 1.5137900030884193
438.6435457418297, 1.514419017196922
438.6755470218809, 1.5148507693507667
438.7075483019321, 1.5150852595499529
438.7395495819833, 1.5152041899518927
438.7715508620345, 1.5153704593325463
438.80355214208566, 1.5155772322217096
438.83555342213685, 1.5158245086193827
438.8675547021881, 1.5161122885255651
438.8995559822393, 1.5164405719402565
438.9315572622905, 1.5168093588634575
438.96355854234173, 1.5171883007453806
438.9955598223929, 1.517450214837434
439.0275611024441, 1.5175728908609107
439.0595623824953, 1.5175563288158114
439.0915636625465, 1.5174005287021357
439.1235649425977, 1.5171054905198833
439.15556622264893, 1.516662043585044
439.1875675027001, 1.516092612585777
439.2195687827513, 1.5157079206329434
439.2515700628025, 1.5155079677265437
439.28357134285375, 1.5154927538665777
439.31557262290494, 1.5156622790530452
439.3475739029561, 1.5160165432859465
439.3795751830073, 1.5165197592939064
439.4115764630585, 1.5167840267527668
439.4435777431097, 1.5165907222620274
439.47557902316095, 1.515939845821688
439.50758030321214, 1.514831397431748
439.5395815832633, 1.5132653770922078
439.5715828633145, 1.5112417848030675
439.60358414336577, 1.5088261678901889
439.63558542341696, 1.506816548189841
439.66758670346815, 1.5052129257020246
439.69958798351934, 1.5040153004267383
439.7315892635705, 1.503223672363983
439.7635905436217, 1.5028380415137579
439.79559182367296, 1.5028624835624573
439.82759310372415, 1.5031287081053482
439.85959438377535, 1.503369246525331
439.8915956638266, 1.5035840988224065
439.9235969438778, 1.5037732649965747
439.955598223929, 1.5039367450478351
439.98759950398016, 1.5040745389761878
440.01960078403135, 1.5043173599428281
440.05160206408254, 1.5047276597974386
440.08360334413373, 1.5053072469863746
440.115604624185, 1.5060561215096357
440.1476059042362, 1.5069742833672217
440.17960718428736, 1.5080617325591332
440.2116084643386, 1.509290490135633
440.2436097443898, 1.510402759686829
440.275611024441, 1.5113901226099935
440.3076123044922, 1.5122525789051262
440.3396135845434, 1.512990128572227
440.37161486459456, 1.5136027716112963
440.4036161446458, 1.5140905080223337
440.435617424697, 1.5144684592661577
440.4676187047482, 1.5147361319357966
440.4996199847994, 1.5148817256023661
440.5316212648506, 1.5149052402658665
440.5636225449018, 1.5148066759262977
440.595623824953, 1.5145860325836598
440.6276251050042, 1.5142433102379524
440.6596263850554, 1.513675713518415
440.6916276651066, 1.5130741057639765
440.7236289451578, 1.512445748373518
440.755630225209, 1.5117906413470406
440.7876315052602, 1.5111087846845435
440.8196327853114, 1.5104001783860272
440.85163406536265, 1.5097305990262901
440.88363534541384, 1.5091959920220543
440.915636625465, 1.5086828101686514
440.9476379055162, 1.5081910534660805
440.9796391855674, 1.5077207219143418
441.0116404656186, 1.5072718155134357
441.04364174566985, 1.5068443342633622
441.07564302572104, 1.5064335758379117
441.1076443057722, 1.506041951361348
441.1396455858234, 1.5056709577714222
441.17164686587466, 1.5053205950681336
441.20364814592585, 1.5049908632514821
441.23564942597704, 1.504681762321468
441.26765070602823, 1.504401536426338
441.2996519860794, 1.5042506697838796
441.3316532661306, 1.5043307665066545
441.36365454618186, 1.504641826594662
441.39565582623305, 1.5051838500479027
441.42765710628424, 1.505956836866376
441.4596583863355, 1.5069607870500827
441.4916596663867, 1.5081689116565673
441.5236609464379, 1.5094538006720155
441.55566222648906, 1.5107300431872104
441.58766350654025, 1.5119976392021521
441.61966478659144, 1.5132565887168405
441.6516660666427, 1.514506891731276
441.6836673466939, 1.5157485482454585
441.71566862674507, 1.5168137250471936
441.74766990679626, 1.5178861413500013
441.7796711868475, 1.5189807027337228
441.8116724668987, 1.520097409198358
441.8436737469499, 1.5212362607439072
441.8756750270011, 1.5223972573703701
441.90767630705227, 1.523589296246274
441.93967758710346, 1.5247525130911759
441.9716788671547, 1.525718426949364
442.0036801472059, 1.5264870378208386
442.0356814272571, 1.5270583457055997
442.0676827073083, 1.5274323506036471
442.0996839873595, 1.5276090525149806
442.1316852674107, 1.5276520012122234
442.1636865474619, 1.5276200872047405
442.1956878275131, 1.5275250297077665
442.2276891075643, 1.5273668287213011
442.2596903876155, 1.5271454842453451
442.2916916676667, 1.526860996279898
442.3236929477179, 1.526513802863204
442.3556942277691, 1.5261174478854074
442.3876955078203, 1.5257413754358535
442.41969678787154, 1.5253855855145424
442.45169806792273, 1.5250500781214742
442.4836993479739, 1.5247348532566485
442.5157006280251, 1.524439910920066
442.5477019080763, 1.524115412752631
442.5797031881275, 1.523745769765438
442.61170446817874, 1.5233650550981932
442.64370574822993, 1.5229732687508972
442.6757070282811, 1.5225704107235498
442.70770830833237, 1.522156481016151
442.73970958838356, 1.521731479628701
442.77171086843475, 1.5214229111957112
442.80371214848594, 1.5211870098433353
442.83571342853713, 1.5210178306248547
442.8677147085883, 1.5209153735402696
442.89971598863957, 1.52087963858958
442.93171726869076, 1.5209106257727854
442.96371854874195, 1.520977734995347
442.99571982879314, 1.521004206394811
443.0277211088444, 1.5209807371415691
443.0597223888956, 1.5209073272356215
443.09172366894677, 1.520783976676968
443.12372494899796, 1.520610685465609
443.15572622904915, 1.520387453601544
443.18772750910034, 1.5201718627200298
443.2197287891516, 1.5198580210471946
443.2517300692028, 1.519390282818962
443.28373134925397, 1.5187686480353315
443.31573262930516, 1.5179931166963032
443.3477339093564, 1.5170636888018778
443.3797351894076, 1.515975699926323
443.4117364694588, 1.5147159175359346
443.44373774951, 1.513540271357117
443.47573902956117, 1.512448761389871
443.50774030961236, 1.511441387634195
443.5397415896636, 1.5105181500900904
443.5717428697148, 1.5096790487575564
443.603744149766, 1.5089407852219714
443.6357454298172, 1.5083046119357852
443.6677467098684, 1.5077551681733117
443.6997479899196, 1.5072924539345514
443.7317492699708, 1.5069164692195043
443.763750550022, 1.50662721402817
443.7957518300732, 1.5064246883605492
443.8277531101244, 1.5062325347756944
443.8597543901756, 1.506145869037241
443.8917556702268, 1.5061768814441354
443.923756950278, 1.506325571996378
443.95575823032925, 1.506591940693968
443.98775951038044, 1.5069759875369055
444.01976079043163, 1.5074757346600072
444.0517620704828, 1.5080210575049342
444.083763350534, 1.50845268297559
444.1157646305852, 1.5087706110719747
444.1477659106364, 1.5089748417940878
444.17976719068764, 1.5090653751419296
444.21176847073883, 1.5090422111155
444.24376975079, 1.5091141657758185
444.27577103084127, 1.5093683220689553
444.30777231089246, 1.5098067832611048
444.33977359094365, 1.510429549352267
444.37177487099484, 1.5112366203424417
444.40377615104603, 1.512227996231629
444.4357774310972, 1.5133565291230249
444.46777871114847, 1.5142743901039635
444.49977999119966, 1.514898229637861
444.53178127125085, 1.5152280477247178
444.56378255130204, 1.5152638443645334
444.5957838313533, 1.5150056195573076
444.6277851114045, 1.5144533733030408
444.65978639145567, 1.5137333306783507
444.69178767150686, 1.5129855193581538
444.72378895155805, 1.5122378833180694
444.75579023160924, 1.5114904225580972
444.7877915116605, 1.5107431370782372
444.8197927917117, 1.5099960268784898
444.85179407176287, 1.5092490919588541
444.88379535181406, 1.508288504008776
444.9157966318653, 1.5072666678565754
444.9477979119165, 1.5062044812378494
444.9797991919677, 1.505101944152599
445.0118004720189, 1.5039590566008232
445.04380175207007, 1.5027758185825226
445.07580303212126, 1.5016784548979378
445.1078043121725, 1.5009045455613341
445.1398055922237, 1.5004322526957419
445.1718068722749, 1.500261576301161
445.20380815232613, 1.5003925163775922
445.2358094323773, 1.500825072925035
445.2678107124285, 1.5015592459434894
445.2998119924797, 1.5023499282004014
445.3318132725309, 1.5030496885058577
445.3638145525821, 1.50362998490028
445.3958158326333, 1.504090817383669
445.4278171126845, 1.5044321859560241
445.4598183927357, 1.504654090617346
445.4918196727869, 1.5047871847173864
445.52382095283815, 1.5050023419119458
445.55582223288934, 1.505295188994891
445.58782351294053, 1.5056657259662218
445.6198247929917, 1.5061139528259377
445.6518260730429, 1.5066398695740397
445.6838273530941, 1.5072434762105273
445.71582863314535, 1.5077959593942425
445.74782991319654, 1.508245495970993
445.77983119324773, 1.5086434622010605
445.8118324732989, 1.508989858084445
445.84383375335017, 1.5092846836211466
445.87583503340136, 1.5095279388111655
445.90783631345255, 1.5097196236545019
445.93983759350374, 1.5099676053044953
445.97183887355493, 1.51014812735562
446.0038401536061, 1.5102460948905774
446.03584143365737, 1.5102615079093669
446.06784271370856, 1.5101943664119886
446.09984399375975, 1.5100446703984425
446.13184527381094, 1.5098532739050359
446.1638465538622, 1.5097190654689452
446.1958478339134, 1.50971472926623
446.22784911396457, 1.5098402652968907
446.25985039401576, 1.510095673560927
446.29185167406695, 1.5104809540583388
446.32385295411814, 1.5109961067891264
446.3558542341694, 1.5116704131957983
446.3878555142206, 1.5124544255858494
446.41985679427177, 1.5133233225719567
446.45185807432296, 1.5142771041541199
446.4838593543742, 1.5153157703323394
446.5158606344254, 1.516439321106615
446.5478619144766, 1.517612870316121
446.5798631945278, 1.5186935823368624
446.61186447457897, 1.5197226686522796
446.64386575463016, 1.520700129262373
446.6758670346814, 1.521625964167142
446.7078683147326, 1.5225001733665873
446.7398695947838, 1.5233227568607086
446.77187087483503, 1.5240176208630196
446.8038721548862, 1.5245174052481514
446.8358734349374, 1.5248057361028342
446.8678747149886, 1.5248826134270685
446.8998759950398, 1.5247480372208546
446.931877275091, 1.5244020074841924
446.96387855514223, 1.5238480153066272
446.9958798351934, 1.5234395741043814
447.0278811152446, 1.5232530413184022
447.0598823952958, 1.523296096555815
447.09188367534705, 1.5235687398166202
447.12388495539824, 1.5240709711008171
447.15588623544943, 1.524802790408406
447.1878875155006, 1.5256802971217849
447.2198887955518, 1.52658942050782
447.251890075603, 1.5275345085500522
447.28389135565425, 1.5285155612484804
447.31589263570544, 1.5295325786031055
447.34789391575663, 1.5305855606139276
447.3798951958078, 1.5316745072809466
447.41189647585907, 1.532622878016586
447.44389775591026, 1.5331856534877655
447.47589903596145, 1.533280453074624
447.50790031601264, 1.5329072767771628
447.5399015960638, 1.532066124595381
447.571902876115, 1.5307569965292789
447.60390415616627, 1.5290744717875757
447.63590543621746, 1.5273644928328751
447.66790671626865, 1.5259666444295976
447.69990799631984, 1.5248809265777432
447.7319092763711, 1.5241073392773115
447.7639105564223, 1.5236458825283026
447.79591183647346, 1.5234965563307166
447.82791311652466, 1.5235564698477189
447.85991439657585, 1.5236443406892102
447.89191567662704, 1.5236469301227291
447.9239169566783, 1.5235642381482752
447.9559182367295, 1.5233962647658492
447.98791951678066, 1.5231430099754506
448.0199207968319, 1.5228150235948414
448.0519220768831, 1.5225697487187824
448.0839233569343, 1.5226210136578278
448.1159246369855, 1.5229842467958512
448.1479259170367, 1.523659448132853
448.17992719708786, 1.5246466176688327
448.2119284771391, 1.525945755403791
448.2439297571903, 1.527431862850815
448.2759310372415, 1.5288403170873281
448.3079323172927, 1.5299246409305387
448.33993359734393, 1.5306848343804473
448.3719348773951, 1.5311208974370538
448.4039361574463, 1.5312328301003582
448.4359374374975, 1.53102063237036
448.4679387175487, 1.5304848220261296
448.4999399975999, 1.5298705724503694
448.53194127765113, 1.5292617650603688
448.5639425577023, 1.5286583998561283
448.5959438377535, 1.5280604768376482
448.6279451178047, 1.5274679960049282
448.65994639785595, 1.5269182931624816
448.69194767790714, 1.5264681419091488
448.7239489579583, 1.5259462305508842
448.7559502380095, 1.5253525590876882
448.7879515180607, 1.5246871275195604
448.8199527981119, 1.5239499358465007
448.85195407816315, 1.52314098406851
448.88395535821434, 1.522282615748848
448.9159566382655, 1.5215126741112617
448.9479579183167, 1.5209328206690385
448.97995919836796, 1.5205430554221782
449.01196047841916, 1.5203433783706806
449.04396175847035, 1.5203337895145461
449.07596303852154, 1.5204961489276463
449.1079643185727, 1.5207040489691253
449.1399655986239, 1.5208496224856431
449.17196687867516, 1.520929121248214
449.20396815872635, 1.520942545256838
449.23596943877754, 1.5208898945115148
449.2679707188288, 1.5207711690122445
449.29997199888, 1.5208172012837209
449.3319732789312, 1.5211844098797382
449.36397455898236, 1.521804506357659
449.39597583903355, 1.5226774907174836
449.42797711908474, 1.523803362959212
449.45997839913593, 1.525182123082845
449.4919796791872, 1.5268137710883813
449.5239809592384, 1.528107014756675
449.55598223928956, 1.5290035968397393
449.5879835193408, 1.529495383394822
449.619984799392, 1.5295823744219232
449.6519860794432, 1.5292645699210432
449.6839873594944, 1.5285419698921823
449.71598863954557, 1.527529463577588
449.74798991959676, 1.5264594489732868
449.779991199648, 1.5254794261290057
449.8119924796992, 1.5245893950447444
449.8439937597504, 1.5237893557205033
449.8759950398016, 1.5230793081562823
449.9079963198528, 1.5224592523520812
449.939997599904, 1.5218685055195138
449.9719988799552, 1.5213663069210348
450.0040001600064, 1.5210033150966362
450.0360014400576, 1.520779530046318
450.0680027201088, 1.5206949517700805
450.10000400016, 1.5207495802679232
450.1320052802112, 1.5209544542757505
450.1640065602624, 1.5213508289834754
450.1960078403136, 1.5215851909748757
450.22800912036485, 1.521657540249951
450.26001040041604, 1.5215678768087018
450.2920116804672, 1.5213162006511274
450.3240129605184, 1.520902511777228
450.3560142405696, 1.5203033684854301
450.3880155206208, 1.519587904631434
450.42001680067204, 1.5188721688135565
450.45201808072324, 1.5181561610317975
450.4840193607744, 1.517439881286157
450.5160206408257, 1.516723329576635
450.54802192087686, 1.5160076134338898
450.58002320092805, 1.515329104273142
450.61202448097924, 1.5148643426819675
450.64402576103043, 1.5146495319324271
450.6760270410816, 1.5146846720245204
450.7080283211328, 1.514969762958248
450.74002960118406, 1.5155048047336095
450.77203088123525, 1.5162619811683793
450.80403216128644, 1.5171121567450738
450.8360334413377, 1.5177565368978934
450.8680347213889, 1.5181951216268377
450.90003600144007, 1.5184279109319065
450.93203728149126, 1.5184549048131002
450.96403856154245, 1.5182761032704184
450.99603984159364, 1.5180460856298477
451.0280411216449, 1.5178923286127812
451.0600424016961, 1.5178698895327005
451.09204368174727, 1.5179787683896062
451.12404496179846, 1.5182189651834972
451.1560462418497, 1.5185904799143743
451.1880475219009, 1.5190541876492372
451.2200488019521, 1.5194989169381197
451.2520500820033, 1.5197672246862621
451.28405136205447, 1.519859110893664
451.31605264210566, 1.5197745755603258
451.3480539221569, 1.5195136186862472
451.3800552022081, 1.519076240271428
451.4120564822593, 1.5184388835097282
451.4440577623105, 1.5177163331447294
451.4760590423617, 1.5170469872987666
451.5080603224129, 1.5164308459718399
451.5400616024641, 1.5158679091639489
451.5720628825153, 1.5153581768750939
451.6040641625665, 1.5149090003809038
451.6360654426177, 1.5145766605256838
451.6680667226689, 1.5143606395303637
451.7000680027201, 1.514260871244796
451.7320692827713, 1.5142773556689808
451.7640705628225, 1.5144100928029178
451.79607184287374, 1.5146590826466073
451.82807312292493, 1.5150049790708366
451.8600744029761, 1.5153935562185064
451.8920756830273, 1.515737387141024
451.9240769630785, 1.5160364718383896
451.9560782431297, 1.5162908103106032
451.98807952318094, 1.5165004025576652
452.02008080323213, 1.5166652485795753
452.0520820832833, 1.5168046122349483
452.08408336333457, 1.516897107629779
452.11608464338576, 1.5169337048814777
452.14808592343695, 1.516914403990045
452.18008720348814, 1.5168392049554809
452.21208848353933, 1.516708107777785
452.2440897635905, 1.5165258033701896
452.27609104364177, 1.516318358132739
452.30809232369296, 1.5162121797062886
452.34009360374415, 1.5162072680908383
452.37209488379534, 1.5163036232863882
452.4040961638466, 1.5165012452929383
452.4360974438978, 1.5168001341104886
452.46809872394897, 1.517084698029267
452.50010000400016, 1.51709362014721
452.53210128405135, 1.5166296278742162
452.56410256410254, 1.5156927212102858
452.5961038441538, 1.5142829001554186
452.628105124205, 1.5124001647096148
452.66010640425617, 1.5100940740452284
452.69210768430736, 1.5075496895281237
452.7241089643586, 1.5053583033774478
452.7561102444098, 1.5035488913986783
452.788111524461, 1.5021214535918161
452.8201128045122, 1.5010759899568606
452.85211408456337, 1.5004125004938116
452.88411536461456, 1.5001194745928372
452.9161166446658, 1.5000753073758288
452.948117924717, 1.5000824870075857
452.9801192047682, 1.5001410134881077
453.0121204848194, 1.5002508868173952
453.0441217648706, 1.5004121069954481
453.0761230449218, 1.5006141725928899
453.108124324973, 1.500666559706981
453.1401256050242, 1.5006299511261074
453.1721268850754, 1.5005212013743012
453.2041281651266, 1.5003403104515618
453.2361294451778, 1.5000872783578896
453.268130725229, 1.4997621050932846
453.3001320052802, 1.4995031932255054
453.33213328533145, 1.4994535044084705
453.36413456538264, 1.4995682923627212
453.39613584543383, 1.4998475570882575
453.428137125485, 1.5002912985850791
453.4601384055362, 1.5008995168531867
453.4921396855874, 1.5016722118925796
453.52414096563865, 1.5023437882679544
453.55614224568984, 1.502906464468423
453.58814352574103, 1.5033750072558862
453.6201448057922, 1.5037494166303451
453.65214608584347, 1.5040296925917989
453.68414736589466, 1.504215835140248
453.71614864594585, 1.5043307291202046
453.74814992599704, 1.5044226479220955
453.78015120604823, 1.5044552201307009
453.8121524860994, 1.5044284457460204
453.84415376615067, 1.5043423247680547
453.87615504620186, 1.5041968571968032
453.90815632625305, 1.5039920430322662
453.94015760630424, 1.5038608528244684
453.9721588863555, 1.5038780810058217
454.0041601664067, 1.50407828388509
454.03616144645787, 1.5044614614622733
454.06816272650906, 1.5050276137373721
454.10016400656025, 1.5057767407103857
454.13216528661144, 1.5066868741135218
454.1641665666627, 1.5076440274810836
454.1961678467139, 1.5084936214870863
454.22816912676507, 1.5092110702469705
454.26017040681626, 1.5097963737607358
454.2921716868675, 1.5102495320283824
454.3241729669187, 1.51057054504991
454.3561742469699, 1.5107978441452508
454.3881755270211, 1.5109978595885099
454.42017680707227, 1.511271213011891
454.45217808712346, 1.5116179044153946
454.4841793671747, 1.5120379337990202
454.5161806472259, 1.5125313011627677
454.5481819272771, 1.51309682317724
454.58018320732833, 1.5135887990700363
454.6121844873795, 1.5140307856472965
454.6441857674307, 1.5144329966523524
454.6761870474819, 1.5147954320852037
454.7081883275331, 1.5151180919458502
454.7401896075843, 1.5154009762342924
454.77219088763553, 1.5156714741287722
454.8041921676867, 1.5159582639899927
454.8361934477379, 1.5162050649736483
454.8681947277891, 1.5164118770797388
454.90019600784035, 1.516578700308265
454.93219728789154, 1.5167055346592264
454.96419856794273, 1.516792380132623
454.9961998479939, 1.5168794678796715
455.0282011280451, 1.516992906931308
455.0602024080963, 1.5171495873401188
455.09220368814755, 1.5173495091061047
455.12420496819874, 1.517592672229265
455.15620624824993, 1.5178790767095995
455.1882075283011, 1.5182133444114765
455.22020880835237, 1.518607319333605
455.25221008840356, 1.51904173761737
455.28421136845475, 1.5195156415935167
455.31621264850594, 1.5200290312620452
455.34821392855713, 1.5205819066229553
455.3802152086083, 1.5211742676762474
455.41221648865957, 1.5216609134617962
455.44421776871076, 1.5219765960989906
455.47621904876195, 1.5221133891139151
455.50822032881314, 1.52207129250657
455.5402216088644, 1.5218503062769537
455.5722228889156, 1.521450430425068
455.60422416896677, 1.5209115530525303
455.63622544901796, 1.5204981032558773
455.66822672906915, 1.520325672744881
455.70022800912034, 1.520424745896911
455.7322292891716, 1.5207953227119668
455.7642305692228, 1.5214374031900493
455.79623184927397, 1.5223509873311585
455.8282331293252, 1.5234591641076178
455.8602344093764, 1.5246511676518786
455.8922356894276, 1.5257419365980764
455.9242369694788, 1.5267314709462112
455.95623824953, 1.527619770696283
455.98823952958116, 1.528406835848292
456.02024080963236, 1.529092666402238
456.0522420896836, 1.5297328529146919
456.0842433697348, 1.5303398662338306
456.116244649786, 1.5309204219955146
456.14824592983723, 1.5314745201997437
456.1802472098884, 1.5320021608465182
456.2122484899396, 1.5325033439358378
456.2442497699908, 1.5329319704304745
456.276251050042, 1.5332320888605417
456.3082523300932, 1.53359422312878
456.34025361014443, 1.5340183732351889
456.3722548901956, 1.5345045391797687
456.4042561702468, 1.53505272096252
456.436257450298, 1.5356629185834416
456.46825873034925, 1.5362174036984497
456.50026001040044, 1.536554768278933
456.53226129045163, 1.5365210119350685
456.5642625705028, 1.5361161346668566
456.596263850554, 1.5353401364742976
456.6282651306052, 1.5341930173573912
456.66026641065645, 1.5327838999476573
456.69226769070764, 1.5314171993277035
456.7242689707588, 1.5303585109328322
456.75627025081, 1.5296390579755061
456.78827153086127, 1.5292588404557266
456.82027281091246, 1.529217858373492
456.85227409096365, 1.5295161117288032
456.88427537101484, 1.529918961421403
456.916276651066, 1.5302988974661762
456.9482779311172, 1.5306065389420371
456.98027921116847, 1.530841885848986
457.01228049121966, 1.531004938187023
457.04428177127085, 1.5310956959561477
457.07628305132204, 1.5311351591216014
457.1082843313733, 1.5312777081681321
457.1402856114245, 1.5313903725457159
457.17228689147566, 1.531426174004166
457.20428817152685, 1.5313851125434828
457.23628945157805, 1.5312671881636664
457.26829073162924, 1.5310724008647165
457.3002920116805, 1.5307961183721697
457.3322932917317, 1.5304564921741564
457.36429457178286, 1.530167508736373
457.3962958518341, 1.5299291680588196
457.4282971318853, 1.5297414701414955
457.4602984119365, 1.5296044149844015
457.4922996919877, 1.529518002587537
457.5243009720389, 1.5294367294301565
457.55630225209006, 1.5293211011666212
457.5883035321413, 1.5291438124558254
457.6203048121925, 1.5289048632977695
457.6523060922437, 1.5286042536924538
457.6843073722949, 1.5282419836398775
457.71630865234613, 1.5277963291480348
457.7483099323973, 1.5272367529223496
457.7803112124485, 1.5267089557352227
457.8123124924997, 1.5262129375866538
457.8443137725509, 1.5257486984766424
457.8763150526021, 1.5253162384051893
457.9083163326533, 1.5249155573722937
457.9403176127045, 1.5246739258253694
457.9723188927557, 1.5245888898191045
458.0043201728069, 1.5246244197171672
458.03632145285815, 1.5247805155195577
458.06832273290934, 1.525057177226276
458.1003240129605, 1.5254544048373218
458.1323252930117, 1.5259435580349607
458.1643265730629, 1.526445713591658
458.1963278531141, 1.5269206403561972
458.22832913316535, 1.5273615754268544
458.26033041321654, 1.5277685188036294
458.2923316932677, 1.5281414704865228
458.3243329733189, 1.528480430475534
458.35633425337016, 1.5287355603272277
458.38833553342135, 1.5288805464378719
458.42033681347255, 1.5289035448087571
458.45233809352374, 1.528804555439883
458.4843393735749, 1.5285835783312498
458.5163406536261, 1.5282406134828572
458.54834193367736, 1.5277916139157923
458.58034321372855, 1.5273456278991269
458.61234449377974, 1.5270478563929863
458.644345773831, 1.5269588563647496
458.6763470538822, 1.5270786278144164
458.7083483339334, 1.527407170741987
458.74034961398456, 1.5279444851474613
458.77235089403575, 1.5286365554244723
458.80435217408694, 1.5294008613632781
458.8363534541382, 1.5299729738673422
458.8683547341894, 1.5303528929366645
458.9003560142406, 1.5305406185712453
458.93235729429176, 1.530536150771084
458.964358574343, 1.5303394895361808
458.9963598543942, 1.5300318583144805
459.0283611344454, 1.529690942708366
459.0603624144966, 1.529377949413032
459.09236369454777, 1.5290928784284783
459.12436497459896, 1.5288357297547055
459.1563662546502, 1.528606503391713
459.1883675347014, 1.5284274216866733
459.2203688147526, 1.528328845990179
459.2523700948038, 1.5282551857456588
459.284371374855, 1.5282054807147682
459.3163726549062, 1.5281797308975067
459.3483739349574, 1.5281779362938748
459.3803752150086, 1.5282000969038725
459.4123764950598, 1.5281800390211169
459.444377775111, 1.5281526444730273
459.4763790551622, 1.5281843661588659
459.5083803352134, 1.528275204078633
459.5403816152646, 1.5284251582323278
459.5723828953158, 1.528634228619951
459.60438417536704, 1.5288753844810643
459.63638545541824, 1.5290817671910772
459.6683867354694, 1.5293711050940744
459.7003880155206, 1.5297664036509078
459.7323892955718, 1.5302676628615774
459.764390575623, 1.5308748827260832
459.79639185567424, 1.531588063244425
459.82839313572543, 1.5324771668283903
459.8603944157766, 1.5334601253803921
459.8923956958279, 1.534232523817823
459.92439697587906, 1.5347943621406825
459.95639825593025, 1.535145640348971
459.98839953598144, 1.5352863584426881
460.02040081603263, 1.5352200001765646
460.0524020960838, 1.5349655916590526
460.08440337613507, 1.5347577719904086
460.11640465618626, 1.5347011663112364
460.14840593623745, 1.5347957746215346
460.18040721628864, 1.5350415969213045
460.2124084963399, 1.5354386332105459
460.2444097763911, 1.5360041178957098
460.27641105644227, 1.5367290875283401
460.30841233649346, 1.5374591616236881
460.34041361654465, 1.5381943401817542
460.37241489659584, 1.5389346232025378
460.4044161766471, 1.5396800106860395
460.4364174566983, 1.5404256058544548
460.46841873674947, 1.5409653004361845
460.50042001680066, 1.5413037267056928
460.5324212968519, 1.5414447014426413
460.5644225769031, 1.5413882246470303
460.5964238569543, 1.541134296318859
460.6284251370055, 1.5406829164581284
460.66042641705667, 1.540135583942997
460.69242769710786, 1.539612404126566
460.7244289771591, 1.5391588805295808
460.7564302572103, 1.5387760761777485
460.7884315372615, 1.5384639910710687
460.8204328173127, 1.5382226252095423
460.8524340973639, 1.5380519785931688
460.8844353774151, 1.537903480772117
460.9164366574663, 1.5377930496695562
460.9484379375175, 1.537752405909459
460.9804392175687, 1.5377815494918254
461.0124404976199, 1.5378804804166561
461.0444417776711, 1.538049198683951
461.0764430577223, 1.5383370688493982
461.1084443377735, 1.538844850403279
461.14044561782475, 1.5394452728981798
461.17244689787594, 1.5401134011011708
461.20444817792713, 1.5408492350122511
461.2364494579783, 1.5416527746314213
461.2684507380295, 1.5425240199586812
461.3004520180807, 1.5432374692035984
461.3324532981319, 1.5437524215230944
461.36445457818314, 1.544147800144704
461.39645585823433, 1.5444236050684277
461.4284571382855, 1.5445798362942647
461.46045841833677, 1.544616493822215
461.49245969838796, 1.544533680736207
461.52446097843915, 1.5443318062735698
461.55646225849034, 1.5440607088777392
461.58846353854153, 1.5437420802880797
461.6204648185927, 1.5433759205045918
461.65246609864397, 1.5429622295272747
461.68446737869516, 1.5425010073561287
461.71646865874635, 1.5421622773169128
461.74846993879754, 1.542026559884425
461.7804712188488, 1.541984806789594
461.8124724989, 1.5420370180324197
461.84447377895117, 1.5421831936129011
461.87647505900236, 1.542423333531039
461.90847633905355, 1.5427443661300098
461.94047761910474, 1.5429854753264456
461.972478899156, 1.5432006767267126
462.0044801792072, 1.543432602438936
462.03648145925837, 1.5436812524631152
462.06848273930956, 1.5439466267992497
462.1004840193608, 1.54422872544734
462.132485299412, 1.5445363482342052
462.1644865794632, 1.5448778574523951
462.1964878595144, 1.5451720296539657
462.22848913956557, 1.5454180902642092
462.26049041961676, 1.545616039283125
462.292491699668, 1.5457658767107136
462.3244929797192, 1.545867602546975
462.3564942597704, 1.5459825250485604
462.38849553982163, 1.546091599993837
462.4204968198728, 1.5461644660322122
462.452498099924, 1.5462011231636867
462.4844993799752, 1.54620157138826
462.5165006600264, 1.546165810705932
462.5485019400776, 1.5461013544687787
462.5805032201288, 1.5460199998435904
462.61250450018, 1.5459879205367495
462.6445057802312, 1.5460163337580652
462.6765070602824, 1.5461052395075374
462.70850834033365, 1.5462546377851658
462.74050962038484, 1.5464645285909508
462.77251090043603, 1.5466884141067974
462.8045121804872, 1.5469436553141207
462.8365134605384, 1.5472971108375122
462.8685147405896, 1.547748780676971
462.90051602064085, 1.5482986648324975
462.93251730069204, 1.5489467633040919
462.96451858074323, 1.5496526038360128
462.9965198607944, 1.550305074875478
463.02852114084567, 1.5508342140107003
463.06052242089686, 1.5512129667077474
463.09252370094805, 1.5514413329666195
463.12452498099924, 1.5515193127873164
463.15652626105043, 1.5514469061698382
463.1885275411016, 1.5513754467912395
463.22052882115287, 1.5513643049858157
463.25253010120406, 1.551394454645115
463.28453138125525, 1.5514658957691376
463.31653266130644, 1.5515786283578832
463.3485339413577, 1.551732652411352
463.3805352214089, 1.551920123300992
463.41253650146007, 1.5520953362818062
463.44453778151126, 1.552241056947342
463.47653906156245, 1.552345248780816
463.50854034161364, 1.552407911782228
463.5405416216649, 1.552429045951578
463.5725429017161, 1.5524086512888657
463.60454418176727, 1.5523833548341717
463.63654546181846, 1.5523838407855743
463.6685467418697, 1.5526162174146725
463.7005480219209, 1.5530804847214656
463.7325493019721, 1.5537766427059545
463.7645505820233, 1.5547046913681386
463.79655186207447, 1.5558598118807527
463.82855314212566, 1.5570720644462714
463.8605544221769, 1.5582399501865352
463.8925557022281, 1.5592433637484435
463.9245569822793, 1.560082305131997
463.95655826233053, 1.5607567743371955
463.9885595423817, 1.5612667713640387
464.0205608224329, 1.5616913198607416
464.0525621024841, 1.562119994835117
464.0845633825353, 1.5626013667369956
464.1165646625865, 1.5631412416352155
464.14856594263773, 1.5637396195297768
464.1805672226889, 1.5643965004206795
464.2125685027401, 1.5651118843079237
464.2445697827913, 1.5656435592764513
464.27657106284255, 1.5659182757225034
464.30857234289374, 1.5658352741557993
464.34057362294493, 1.5653945545763384
464.3725749029961, 1.5645961169841212
464.4045761830473, 1.5634399613791476
464.4365774630985, 1.5619961487001939
464.46857874314975, 1.560393560787381
464.50058002320094, 1.558857699431141
464.53258130325213, 1.5574579057922873
464.5645825833033, 1.5561941798708192
464.59658386335457, 1.555066521666737
464.62858514340576, 1.5540749311800406
464.66058642345695, 1.553372018551645
464.69258770350814, 1.5529971562960156
464.72458898355933, 1.5529499351758234
464.7565902636105, 1.5532303551910678
464.78859154366177, 1.5538384163417491
464.82059282371296, 1.5547741186278672
464.85259410376415, 1.555963884250589
464.88459538381534, 1.5571711105774566
464.9165966638666, 1.5582257742827117
464.9485979439178, 1.5590314018704694
464.98059922396897, 1.559587993340729
465.01260050402016, 1.5598955486934911
465.04460178407135, 1.5599540679287554
465.07660306412254, 1.5598088290313519
465.1086043441738, 1.559494179006227
465.140605624225, 1.5591709339367494
465.17260690427617, 1.5588390938229182
465.2046081843274, 1.5584986586647338
465.2366094643786, 1.5581496284621958
465.2686107444298, 1.557815666857902
465.300612024481, 1.5576641929166197
465.3326133045322, 1.5576864068115306
465.36461458458336, 1.5578739462500846
465.3966158646346, 1.5582268112322812
465.4286171446858, 1.5587450017581217
465.460618424737, 1.5594285178276048
465.4926197047882, 1.5601161758043374
465.52462098483943, 1.560685260448999
465.5566222648906, 1.561074463504939
465.5886235449418, 1.5612806068466174
465.620624824993, 1.5613036904740345
465.6526261050442, 1.5611437143871902
465.6846273850954, 1.5608026426603452
465.71662866514663, 1.5604414021495898
465.7486299451978, 1.5600524795028483
465.780631225249, 1.5596240775533317
465.8126325053002, 1.559156196301039
465.84463378535145, 1.5586488357459705
465.87663506540264, 1.5581019958881264
465.90863634545383, 1.5574724571536542
465.940637625505, 1.5567088175078976
465.9726389055562, 1.5558575747689511
466.0046401856074, 1.554928398715838
466.03664146565865, 1.5539212893485577
466.06864274570984, 1.5528362466671104
466.100644025761, 1.5516732706714962
466.1326453058122, 1.5505788708549246
466.16464658586347, 1.5496094618356915
466.19664786591466, 1.5488761551665793
466.22864914596585, 1.5483789508475883
466.26065042601704, 1.548117848878718
466.2926517060682, 1.5480928492599684
466.3246529861194, 1.5482473396005778
466.35665426617066, 1.5484749548558219
466.38865554622186, 1.5486243613486463
466.42065682627305, 1.5486327049900248
466.4526581063243, 1.548499985779957
466.4846593863755, 1.5482262037184433
466.5166606664267, 1.5478113588054836
466.54866194647786, 1.5474120130834847
466.58066322652905, 1.5470768144488134
466.61266450658024, 1.546851467646467
466.64466578663144, 1.5467359726764458
466.6766670666827, 1.5467303295387493
466.7086683467339, 1.546834538233378
466.74066962678506, 1.5470228400241275
466.7726709068363, 1.5472134660495487
466.8046721868875, 1.5473697892695613
466.8366734669387, 1.5474660222638907
466.8686747469899, 1.547502165032538
466.9006760270411, 1.5474782175755026
466.93267730709226, 1.5473941798927848
466.9646785871435, 1.5472070546743042
466.9966798671947, 1.5469020023124762
467.0286811472459, 1.5466489626048259
467.0606824272971, 1.546447935551353
467.09268370734833, 1.5462989211520572
467.1246849873995, 1.5462019194069394
467.1566862674507, 1.5461636744726315
467.1886875475019, 1.5462280219688869
467.2206888275531, 1.54631593824749
467.2526901076043, 1.546337848300629
467.2846913876555, 1.5462937521283033
467.3166926677067, 1.546183649730513
467.3486939477579, 1.5460075411072578
467.3806952278091, 1.5457491478264027
467.41269650786035, 1.5453967219307432
467.44469778791154, 1.5451924753353379
467.4766990679627, 1.5451602930882575
467.5087003480139, 1.5453001751895015
467.5407016280651, 1.54561212163907
467.5727029081163, 1.5461003524622146
467.60470418816755, 1.5469076282591852
467.63670546821874, 1.5479638880912052
467.6687067482699, 1.5491402501181541
467.7007080283212, 1.5504367143400322
467.73270930837236, 1.5518532807568393
467.76471058842355, 1.5533899493685752
467.79671186847474, 1.5549498887696456
467.82871314852594, 1.5564269278004645
467.8607144285771, 1.5576684563201175
467.8927157086283, 1.5586349987302108
467.92471698867956, 1.5593265550307447
467.95671826873075, 1.559743125221719
467.98871954878194, 1.5598847093031334
468.0207208288332, 1.559759049700291
468.0527221088844, 1.559440345837676
468.0847233889356, 1.5591652003477456
468.11672466898676, 1.5589336132305003
468.14872594903795, 1.5587455844859397
468.18072722908914, 1.5586011141140637
468.2127285091404, 1.558534812051568
468.2447297891916, 1.5586044205620855
468.27673106924277, 1.5587646616607858
468.30873234929396, 1.5589942599995465
468.3407336293452, 1.5592932155783674
468.3727349093964, 1.5596615283972481
468.4047361894476, 1.5600991984561887
468.4367374694988, 1.5605396213929483
468.46873874954997, 1.560944930956412
468.50074002960116, 1.5611477080818115
468.5327413096524, 1.5611479527691468
468.5647425897036, 1.5609456650184181
468.5967438697548, 1.5605408448296252
468.628745149806, 1.559959858840906
468.6607464298572, 1.5592725272224381
468.6927477099084, 1.5586400336106152
468.7247489899596, 1.5581850932447576
468.7567502700108, 1.5579077061248654
468.788751550062, 1.5578078722509385
468.8207528301132, 1.5578855916229766
468.8527541101644, 1.5581616906007754
468.8847553902156, 1.5586421286881569
468.9167566702668, 1.55916597902903
468.948757950318, 1.5597332416233949
468.98075923036924, 1.5603439164712518
469.01276051042043, 1.5609980035726003
469.0447617904716, 1.5616830303927158
469.0767630705228, 1.5623402276759575
469.108764350574, 1.5630128149961775
469.1407656306252, 1.5637521943880321
469.17276691067644, 1.564558365851522
469.20476819072763, 1.5654313293866464
469.2367694707788, 1.5663710849934056
469.2687707508301, 1.5673516901393427
469.30077203088126, 1.568357655473118
469.33277331093245, 1.5692424715015225
469.36477459098364, 1.569990195862001
469.39677587103483, 1.570600828554554
469.428777151086, 1.5710743695791813
469.46077843113727, 1.571420981836592
469.49277971118846, 1.5717614272765157
469.52478099123965, 1.5721523182897137
469.55678227129084, 1.5727000199209102
469.5887835513421, 1.573404532170106
469.6207848313933, 1.5742658550372997
469.65278611144447, 1.5752839885224927
469.68478739149566, 1.5763630187581075
469.71678867154685, 1.5774177185461946
469.74878995159804, 1.578291525844347
469.7807912316493, 1.57894363738475
469.8127925117005, 1.5793740531674039
469.84479379175167, 1.5795827731923082
469.87679507180286, 1.5795697974594631
469.9087963518541, 1.5793268006832935
469.9407976319053, 1.5788793870286142
469.9727989119565, 1.578309325356875
470.0048001920077, 1.5776166156680755
470.03680147205887, 1.576801257962216
470.06880275211006, 1.5758632522392966
470.1008040321613, 1.5749175995587295
470.1328053122125, 1.5741140066861274
470.1648065922637, 1.573495470931571
470.1968078723149, 1.5730816507299108
470.2288091523661, 1.5728725460811463
470.2608104324173, 1.5728681569852783
470.2928117124685, 1.5730684834423063
470.3248129925197, 1.5731882131302193
470.3568142725709, 1.5731844421665306
470.3888155526221, 1.573013334931487
470.4208168326733, 1.5726748914250883
470.4528181127245, 1.572169111647335
470.4848193927757, 1.5714959955982273
470.51682067282695, 1.5707779211395103
470.54882195287814, 1.5702513990848916
470.58082323292933, 1.5699327078665077
470.6128245129805, 1.569833595441561
470.6448257930317, 1.5699540618100518
470.6768270730829, 1.5702941069719805
470.70882835313415, 1.5708537309273471
470.74082963318534, 1.5713313424976663
470.77283091323653, 1.5716448879350922
470.8048321932877, 1.5716516066393749
470.83683347333897, 1.5713514986105148
470.86883475339016, 1.5707445638485114
470.90083603344135, 1.5698308023533651
470.93283731349254, 1.5686847374932953
470.96483859354373, 1.567530972152115
470.9968398735949, 1.5664663377354184
471.02884115364617, 1.565597005402791
471.06084243369736, 1.5649229751542342
471.09284371374855, 1.5644442469897462
471.12484499379974, 1.564160820909328
471.156846273851, 1.5639179307074995
471.1888475539022, 1.5636504448533244
471.22084883395337, 1.5633506209215002
471.25285011400456, 1.5630178372863759
471.28485139405575, 1.5626520939479513
471.31685267410694, 1.5622533909062266
471.3488539541582, 1.5618381175647384
471.3808552342094, 1.5614930382468777
471.41285651426057, 1.5611835430159484
471.44485779431176, 1.5608518896083183
471.476859074363, 1.5604980780239872
471.5088603544142, 1.560122108262955
471.5408616344654, 1.5597239803252214
471.5728629145166, 1.5594966718685044
471.60486419456777, 1.5595613184041468
471.63686547461896, 1.55998452429439
471.6688667546702, 1.5607804921477517
471.7008680347214, 1.561949221964232
471.7328693147726, 1.5634907137438305
471.76487059482383, 1.565363932743875
471.796871874875, 1.5670256352029832
471.8288731549262, 1.568449454483017
471.8608744349774, 1.5695655704137994
471.8928757150286, 1.5703739829953298
471.9248769950798, 1.5708746922276084
471.956878275131, 1.5710676981106346
471.9888795551822, 1.571109880299917
472.0208808352334, 1.5711423225047818
472.0528821152846, 1.571144198365433
472.08488339533585, 1.5711075843037883
472.11688467538704, 1.5710324803198477
472.14888595543823, 1.5709188864136108
472.1808872354894, 1.5707668025850776
472.2128885155406, 1.5705297824902542
472.2448897955918, 1.5702195041850437
472.27689107564305, 1.5698947369250877
472.30889235569424, 1.5695554807103862
472.34089363574543, 1.5692017355409384
472.3728949157966, 1.5688335014167454
472.40489619584787, 1.5683850928515335
472.43689747589906, 1.5677729980017252
472.46889875595025, 1.567023159399778
472.50090003600144, 1.5661510663970306
472.53290131605263, 1.5651567189934834
472.5649025961038, 1.5640401171891356
472.59690387615507, 1.5628012609839879
472.62890515620626, 1.561841700943765
472.66090643625745, 1.5611970156246575
472.69290771630864, 1.5607464430769356
472.7249089963599, 1.5604899833005996
472.7569102764111, 1.5604276362956495
472.78891155646227, 1.5605594020620848
472.82091283651346, 1.560750098699902
472.85291411656465, 1.560754773515774
472.88491539661584, 1.5606693403772778
472.9169166766671, 1.5605790264823625
472.9489179567183, 1.5604838318310286
472.98091923676947, 1.5603837564232759
473.0129205168207, 1.5602788002591041
473.0449217968719, 1.5602717640349517
473.0769230769231, 1.5603861539543564
473.1089243569743, 1.5606302953028939
473.1409256370255, 1.5610043426519522
473.17292691707667, 1.5615082960015312
473.20492819712786, 1.5621421553516313
473.2369294771791, 1.5628541183703248
473.2689307572303, 1.5635059413242063
473.3009320372815, 1.563982623153863
473.33293331733273, 1.5641344570936822
473.3649345973839, 1.563961443143664
473.3969358774351, 1.5634635813038076
473.4289371574863, 1.5626408715741138
473.4609384375375, 1.5617590756091415
473.4929397175887, 1.5609156623762224
473.52494099763993, 1.5603959441973672
473.5569422776911, 1.56023608079843
473.5889435577423, 1.5604360721794108
473.6209448377935, 1.5609959183403102
473.65294611784475, 1.5618690444024277
473.68494739789594, 1.5628583636314504
473.71694867794713, 1.5638414981656323
473.7489499579983, 1.5645819371912668
473.7809512380495, 1.5650796807083536
473.8129525181007, 1.5653347287168924
473.84495379815195, 1.5653470812168833
473.87695507820314, 1.5651588209716398
473.90895635825433, 1.5647925052713179
473.9409576383055, 1.5645497252944027
473.97295891835677, 1.5645083147634886
474.00496019840796, 1.564668273678575
474.03696147845915, 1.5650296020396628
474.06896275851034, 1.5655988546280266
474.10096403856153, 1.5664283585888998
474.1329653186127, 1.5674435905540625
474.16496659866397, 1.5684199476397025
474.19696787871516, 1.569357429845819
474.22896915876635, 1.5702560371724126
474.26097043881754, 1.5711157696194828
474.2929717188688, 1.5717883311318044
474.32497299892, 1.5721627640180014
474.35697427897117, 1.5723938344835535
474.38897555902236, 1.5725466740593967
474.42097683907355, 1.5726212827455315
474.45297811912474, 1.5726176605419573
474.484979399176, 1.572543946456453
474.5169806792272, 1.5726378645378363
474.54898195927836, 1.5728830253825699
474.5809832393296, 1.5731926646672636
474.6129845193808, 1.5735667823919168
474.644985799432, 1.5740053785565298
474.6769870794832, 1.5745084531611027
474.7089883595344, 1.5750173298126369
474.74098963958556, 1.575472050550947
474.7729909196368, 1.575679637718316
474.804992199688, 1.5755189558034006
474.8369934797392, 1.5749900048062007
474.8689947597904, 1.5740927847267159
474.90099603984163, 1.5728272955649467
474.9329973198928, 1.5714007596903594
474.964998599944, 1.5698636369014083
474.9969998799952, 1.568759170959476
475.0290011600464, 1.5680873618645623
475.0610024400976, 1.5678482096166675
475.09300372014883, 1.5680417142157916
475.1250050002, 1.5685203000994328
475.1570062802512, 1.5690791619336362
475.1890075603024, 1.5695614200628931
475.22100884035365, 1.5698259907778782
475.25301012040484, 1.5698728740785912
475.285011400456, 1.5697020699650326
475.3170126805072, 1.569313578437202
475.3490139605584, 1.5688894587443227
475.3810152406096, 1.568454185594884
475.41301652066085, 1.5680542053328803
475.44501780071204, 1.5676903124371324
475.4770190807632, 1.5673625069076407
475.5090203608144, 1.567070788744405
475.54102164086567, 1.5668112280370565
475.57302292091686, 1.5665763505264998
475.60502420096805, 1.5664318416990073
475.63702548101924, 1.5664612133981575
475.6690267610704, 1.56666446562395
475.7010280411216, 1.5670415983763848
475.73302932117286, 1.567592611655462
475.76503060122405, 1.5683386691232264
475.79703188127525, 1.5692847961759373
475.8290331613265, 1.5700294422478687
475.8610344413777, 1.5705268658821216
475.8930357214289, 1.5707770670786962
475.92503700148006, 1.570780045837592
475.95703828153125, 1.5705258341048356
475.98903956158244, 1.5699877556035746
476.0210408416337, 1.5693009922338126
476.0530421216849, 1.568710496688877
476.0850434017361, 1.568216268968767
476.11704468178726, 1.5678183090734839
476.1490459618385, 1.5675166170030264
476.1810472418897, 1.567239591696228
476.2130485219409, 1.5669615945154645
476.2450498019921, 1.5665798247642977
476.2770510820433, 1.56607077623919
476.30905236209446, 1.565434448940141
476.3410536421457, 1.564670842867151
476.3730549221969, 1.5638258207416704
476.4050562022481, 1.5630816325676218
476.4370574822993, 1.5624900806769322
476.4690587623505, 1.5621894088030077
476.5010600424017, 1.562179616945848
476.5330613224529, 1.562460705105453
476.5650626025041, 1.563032673281823
476.5970638825553, 1.5638311417557311
476.6290651626065, 1.564823849164655
476.6610664426577, 1.5657450338540346
476.6930677227089, 1.5664972268565398
476.7250690027601, 1.5670804281721697
476.7570702828113, 1.5674946378009247
476.78907156286255, 1.5677379004514191
476.82107284291374, 1.567797324566212
476.8530741229649, 1.567719485024003
476.8850754030161, 1.5677014685591049
476.9170766830673, 1.567743275171518
476.9490779631185, 1.5678449048612417
476.98107924316975, 1.5680063576282766
477.01308052322094, 1.5681676261435713
477.0450818032721, 1.568288308060627
477.0770830833234, 1.568326320616129
477.10908436337456, 1.5682591065199227
477.14108564342575, 1.5680866657720072
477.17308692347694, 1.5678089983723824
477.20508820352813, 1.5674303109788326
477.2370894835793, 1.5670121709387994
477.2690907636305, 1.5665480234710079
477.30109204368176, 1.5659855414302246
477.33309332373295, 1.56532472481645
477.36509460378414, 1.5645655736296837
477.3970958838354, 1.5637080878699259
477.4290971638866, 1.562805647826576
477.4610984439378, 1.5619054595336272
477.49309972398896, 1.5611558190463057
477.52510100404015, 1.5606676840559872
477.55710228409134, 1.5604410545626717
477.5891035641426, 1.5604759305663596
477.6211048441938, 1.5607723120670507
477.65310612424497, 1.561219888861762
477.68510740429616, 1.561810282088972
477.7171086843474, 1.5623057676998635
477.7491099643986, 1.5627063456944368
477.7811112444498, 1.5630120160726912
477.813112524501, 1.5632227788346278
477.84511380455217, 1.5633605691018715
477.87711508460336, 1.5634505862018961
477.9091163646546, 1.5635515065277006
477.9411176447058, 1.5637232880394698
477.973118924757, 1.563965930737204
478.00512020480824, 1.564279434620903
478.0371214848594, 1.564663799690567
478.0691227649106, 1.5650756487703552
478.1011240449618, 1.5655118828636188
478.133125325013, 1.5657652796008918
478.1651266050642, 1.5658264139263924
478.1971278851154, 1.5656952858401199
478.2291291651666, 1.565371895342074
478.2611304452178, 1.564840628334162
478.293131725269, 1.5640782261896151
478.32513300532025, 1.563232264470936
478.35713428537144, 1.5625075485120787
478.38913556542263, 1.561904078313044
478.4211368454738, 1.5614218538738318
478.453138125525, 1.5610608751944417
478.4851394055762, 1.5609843130791186
478.5171406856274, 1.5612164570747133
478.54914196567864, 1.5615752479320044
478.58114324572983, 1.562036210942501
478.613144525781, 1.5625993461062042
478.64514580583227, 1.5632646534231134
478.67714708588346, 1.5639787216124152
478.70914836593465, 1.5646376797876678
478.74114964598584, 1.5652454578592394
478.77315092603703, 1.5658095300862258
478.8051522060882, 1.566329896468627
478.8371534861394, 1.5668065570064427
478.86915476619066, 1.5672395116996725
478.90115604624185, 1.5676062589644695
478.9331573262931, 1.5679014916120466
478.9651586063443, 1.5681040459803586
478.9971598863955, 1.5682088966731473
479.02916116644667, 1.5682160436904122
479.06116244649786, 1.5681254870321537
479.09316372654905, 1.5679607400422242
479.12516500660024, 1.5677825291011789
479.15716628665143, 1.5676008222629914
479.1891675667027, 1.5674422958045144
479.22116884675387, 1.5673069497257481
479.2531701268051, 1.5671947840266924
479.2851714068563, 1.567105798707347
479.3171726869075, 1.567070180736934
479.3491739669587, 1.5670980193368071
479.3811752470099, 1.5672609155681334
479.41317652706107, 1.5675845080685369
479.44517780711226, 1.5680687968380174
479.4771790871635, 1.5687137818765748
479.5091803672147, 1.5695074019960387
479.5411816472659, 1.570406964261515
479.57318292731713, 1.5713666059515532
479.6051842073683, 1.5722040770622314
479.6371854874195, 1.5729193775935495
479.6691867674707, 1.5735125075455074
479.7011880475219, 1.5739834669181048
479.7331893275731, 1.574330831648602
479.7651906076243, 1.5745539663110177
479.7971918876755, 1.5747172506245786
479.8291931677267, 1.574852945951807
479.8611944477779, 1.5749610522927036
479.89319572782915, 1.5750415696472682
479.92519700788034, 1.5750765767993973
479.95719828793153, 1.5749740856754952
479.9891995679827, 1.5747360515669477
480.0212008480339, 1.574375366031196
480.0532021280851, 1.5738920290682406
480.0852034081363, 1.5732860406780813
480.11720468818754, 1.5725574008607177
480.14920596823873, 1.5717801804244407
480.18120724829, 1.5709969462453426
480.21320852834117, 1.5702677056524745
480.24520980839236, 1.5696328609923356
480.27721108844355, 1.5690924122649261
480.30921236849474, 1.5686463594702458
480.34121364854593, 1.568301895168269
480.3732149285971, 1.568118764401452
480.4052162086483, 1.568092760512011
480.43721748869956, 1.5681623161525042
480.46921876875075, 1.5683274313229312
480.501220048802, 1.568588106023293
480.5332213288532, 1.5689443402535883
480.5652226089044, 1.5693505816603952
480.59722388895557, 1.5697738790666385
480.62922516900676, 1.5701608521829185
480.66122644905795, 1.5704642949752419
480.69322772910914, 1.5706842074436083
480.72522900916033, 1.5708205895880176
480.7572302892116, 1.5708736399204677
480.78923156926277, 1.570846872420491
480.821232849314, 1.5707402870880869
480.8532341293652, 1.5706641941262394
480.8852354094164, 1.570618833388691
480.9172366894676, 1.5706042048754414
480.9492379695188, 1.5706203085864905
480.98123924956997, 1.5706477718874552
481.01324052962116, 1.5706692134692082
481.0452418096724, 1.5706626982101244
481.0772430897236, 1.570603026782729
481.1092443697748, 1.5704901991870224
481.14124564982603, 1.5703242154230046
481.1732469298772, 1.570105278076646
481.2052482099284, 1.5700149508194725
481.2372494899796, 1.5700532336514845
481.2692507700308, 1.5702635037485226
481.301252050082, 1.570648860107235
481.3332533301332, 1.5712093027276224
481.3652546101844, 1.5719448316096845
481.3972558902356, 1.5726891287107931
481.42925717028686, 1.5732587702929584
481.46125845033805, 1.573669370454274
481.49325973038924, 1.5739441878215081
481.52526101044043, 1.5740832223946608
481.5572622904916, 1.5740864741737322
481.5892635705428, 1.5739539431587217
481.621264850594, 1.573954536941293
481.6532661306452, 1.5741022947179
481.68526741069644, 1.5742340456842983
481.71726869074763, 1.5743255002936365
481.7492699707989, 1.5743766585459145
481.78127125085007, 1.574387520441132
481.81327253090126, 1.5742768526687485
481.84527381095245, 1.5739350322418426
481.87727509100364, 1.5734154704412278
481.90927637105483, 1.5728220381533462
481.941277651106, 1.5721547353781977
481.9732789311572, 1.5714135621157825
482.00528021120846, 1.5705985183661006
482.03728149125965, 1.5698104758648732
482.0692827713109, 1.5690604839881352
482.1012840513621, 1.5683710443197336
482.1332853314133, 1.5677474640484559
482.16528661146447, 1.5671897431743023
482.19728789151566, 1.566697881697272
482.22928917156685, 1.5663643036532966
482.26129045161804, 1.566341526074424
482.2932917316693, 1.566606035616802
482.3252930117205, 1.5670971058998755
482.35729429177167, 1.5678147369236441
482.3892955718229, 1.5687589286881083
482.4212968518741, 1.569929681193268
482.4532981319253, 1.5709789909218888
482.4852994119765, 1.5718472652182875
482.5173006920277, 1.5725043171132422
482.54930197207887, 1.5729400573853993
482.58130325213006, 1.573154486034759
482.6133045321813, 1.5731476030613207
482.6453058122325, 1.5729676956043082
482.6773070922837, 1.5727125069855463
482.70930837233493, 1.5723940983932065
482.7413096523861, 1.572055162762182
482.7733109324373, 1.5716957000924725
482.8053122124885, 1.5713157103840782
482.8373134925397, 1.5709151936369994
482.8693147725909, 1.5705031618418583
482.9013160526421, 1.5700817572653227
482.9333173326933, 1.5696524039701327
482.9653186127445, 1.5692157373822693
482.99731989279576, 1.5687717575017328
483.02932117284695, 1.5683204643285227
483.06132245289814, 1.5678740602731187
483.09332373294933, 1.5674630645877385
483.1253250130005, 1.5671053984884853
483.1573262930517, 1.566893050048955
483.1893275731029, 1.5668260192691472
483.2213288531541, 1.566904306149062
483.25333013320534, 1.5671279106886997
483.28533141325653, 1.5674250802928158
483.3173326933078, 1.567773615756034
483.34933397335897, 1.568099446270064
483.38133525341016, 1.568360004958813
483.41333653346135, 1.5685552918222807
483.44533781351254, 1.5686853068604676
483.4773390935637, 1.5687726050057553
483.5093403736149, 1.5688877505386734
483.54134165366617, 1.569023550899247
483.57334293371736, 1.56912026104502
483.60534421376855, 1.5691778809759929
483.6373454938198, 1.5691964106921648
483.669346773871, 1.5691758501935362
483.7013480539222, 1.5690016847954649
483.73334933397336, 1.5686296284090009
483.76535061402456, 1.5681052333875674
483.79735189407575, 1.5674614509082396
483.82935317412694, 1.5666982809710177
483.8613544541782, 1.5658157235759014
483.8933557342294, 1.5648566382094216
483.92535701428056, 1.5639919973948684
483.9573582943318, 1.5632216026202437
483.989359574383, 1.5625419399060152
484.0213608544342, 1.5619530092521832
484.0533621344854, 1.5614548106587471
484.0853634145366, 1.5610473441257071
484.11736469458776, 1.560710730172589
484.14936597463895, 1.5604356204817218
484.1813672546902, 1.5602413876874879
484.2133685347414, 1.560145413099015
484.24536981479264, 1.5601476967163033
484.27737109484383, 1.5602482385393524
484.309372374895, 1.5604427453073617
484.3413736549462, 1.5607087252367307
484.3733749349974, 1.561045975741488
484.4053762150486, 1.5612729331501083
484.4373774950998, 1.5613895974625915
484.469378775151, 1.5613959686789378
484.5013800552022, 1.561292046799147
484.5333813352534, 1.5609582242355176
484.56538261530466, 1.5603274616793037
484.59738389535585, 1.5595660771731343
484.62938517540704, 1.5588574944549987
484.6613864554582, 1.5582017135248971
484.6933877355094, 1.5575987343828293
484.7253890155606, 1.5570715835515552
484.7573902956118, 1.5567863362209684
484.78939157566305, 1.5567429923910687
484.82139285571424, 1.5566726444701935
484.8533941357654, 1.5565612532618884
484.8853954158167, 1.5564088187661536
484.91739669586786, 1.5562153409829889
484.94939797591906, 1.5559979517591267
484.98139925597025, 1.5557679245603322
485.01340053602144, 1.555606492697146
485.0454018160726, 1.5556232791564895
485.0774030961238, 1.555818283938363
485.10940437617506, 1.556191507042766
485.14140565622625, 1.5567292129472066
485.17340693627744, 1.5572833197079858
485.2054082163287, 1.5578538273251044
485.2374094963799, 1.558339864062841
485.2694107764311, 1.5587303805451609
485.30141205648226, 1.5590253767720637
485.33341333653345, 1.55922485274355
485.36541461658464, 1.5594069220306273
485.39741589663583, 1.5596312246646864
485.4294171766871, 1.559805336609797
485.4614184567383, 1.55977674083391
485.4934197367895, 1.5595454373370254
485.5254210168407, 1.5591114261191434
485.5574222968919, 1.5584809576375558
485.5894235769431, 1.5577737189974192
485.6214248569943, 1.556989710198734
485.65342613704547, 1.5564769347587335
485.68542741709666, 1.5562949853331016
485.71742869714785, 1.5564438619218386
485.7494299771991, 1.5569235645249442
485.7814312572503, 1.5575414167627109
485.81343253730154, 1.5581283420241272
485.8454338173527, 1.5586360531699697
485.8774350974039, 1.5589668068784135
485.9094363774551, 1.5591206031494589
485.9414376575063, 1.5590974419831052
485.9734389375575, 1.5589030479126045
486.0054402176087, 1.5588891528398103
486.03744149765987, 1.5590557567647236
486.0694427777111, 1.559393847696721
486.1014440577623, 1.5599012833691352
486.13344533781355, 1.5605780637819664
486.16544661786475, 1.5614241889352147
486.19744789791594, 1.5622750802280405
486.2294491779671, 1.5629660402216439
486.2614504580183, 1.5634848665055456
486.2934517380695, 1.5638010398275282
486.3254530181207, 1.5639145601875908
486.35745429817194, 1.5638254275857337
486.38945557822314, 1.5635336420219572
486.4214568582743, 1.5631705658832318
486.4534581383256, 1.5627383306002345
486.48545941837676, 1.5623086887682094
486.51746069842795, 1.5619038395925338
486.54946197847914, 1.561523783073207
486.58146325853033, 1.5611685192102294
486.6134645385815, 1.5608583862084286
486.6454658186327, 1.560616442682425
486.67746709868396, 1.5604201336998356
486.70946837873515, 1.560198894980132
486.7414696587864, 1.5599527265233137
486.7734709388376, 1.5596816283293808
486.8054722188888, 1.5593856003983337
486.83747349893997, 1.55911410953188
486.86947477899116, 1.5588695578343736
486.90147605904235, 1.5587664599904574
486.93347733909354, 1.5588491020890805
486.96547861914473, 1.5591174841302426
486.997479899196, 1.559571606113944
487.02948117924717, 1.560199026773543
487.0614824592984, 1.560983855794222
487.0934837393496, 1.56188323368945
487.1254850194008, 1.5627261879359373
487.157486299452, 1.5635127185336835
487.1894875795032, 1.5642428254826897
487.22148885955437, 1.564916508782955
487.25349013960556, 1.5654028505660194
487.28549141965675, 1.565691233105841
487.317492699708, 1.565801535882894
487.3494939797592, 1.5657431072148504
487.38149525981044, 1.5655159471017102
487.4134965398616, 1.565120055543473
487.4454978199128, 1.5645818591026281
487.477499099964, 1.5639391914560623
487.5095003800152, 1.5631963458645755
487.5415016600664, 1.5623758141117694
487.5735029401176, 1.5614775961976441
487.6055042201688, 1.560501692122199
487.63750550022, 1.559448101885434
487.6695067802712, 1.5584452875878148
487.70150806032245, 1.557507854478883
487.73350934037364, 1.55675541014634
487.76551062042483, 1.556254993898931
487.797511900476, 1.5560066057366564
487.8295131805272, 1.5560102456595162
487.8615144605784, 1.5561887921124749
487.8935157406296, 1.5564190477929263
487.92551702068084, 1.5566779861781104
487.95751830073203, 1.5567995320781338
487.9895195807832, 1.5567836854929966
488.02152086083447, 1.5566304464226983
488.05352214088566, 1.5563398148672396
488.08552342093685, 1.5560074272892532
488.11752470098804, 1.555647261165725
488.14952598103923, 1.5552421846499223
488.1815272610904, 1.55478092427608
488.2135285411416, 1.554263480044198
488.24552982119286, 1.553689851954276
488.27753110124405, 1.5530679998287011
488.3095323812953, 1.5524120508346733
488.3415336613465, 1.5517357404946852
488.3735349413977, 1.551187150752435
488.40553622144887, 1.5507662816079217
488.43753750150006, 1.5504731330611463
488.46953878155125, 1.5503077051121081
488.50154006160244, 1.5502724736552818
488.53354134165363, 1.550367880088752
488.5655426217049, 1.5505158108415105
488.59754390175607, 1.5506566258821668
488.6295451818073, 1.5507903252107211
488.6615464618585, 1.5509169088271735
488.6935477419097, 1.5509983929858744
488.7255490219609, 1.5509601893841802
488.7575503020121, 1.5507960475647984
488.78955158206327, 1.5503862804225723
488.82155286211446, 1.5497308879575025
488.8535541421657, 1.5488298701695882
488.8855554222169, 1.5476832270588297
488.9175567022681, 1.5464948163975791
488.94955798231933, 1.5453074176927086
488.9815592623705, 1.5443137073239261
489.0135605424217, 1.543682761902243
489.0455618224729, 1.5434145814276599
489.0775631025241, 1.5435091659001756
489.1095643825753, 1.5438909088088977
489.1415656626265, 1.544396224587852
489.1735669426777, 1.5450193887037875
489.2055682227289, 1.5454086692548497
489.2375695027801, 1.5455640662410377
489.26957078283135, 1.5454855796623528
489.30157206288254, 1.5451732095187947
489.33357334293373, 1.5446521246107547
489.3655746229849, 1.5439283812241686
489.3975759030361, 1.5431665579598761
489.4295771830873, 1.5425313522566768
489.4615784631385, 1.5420227641145707
489.49357974318974, 1.541640793533558
489.52558102324093, 1.5413938084002723
489.5575823032922, 1.5413016717944688
489.58958358334337, 1.541364383716148
489.62158486339456, 1.5414505817783393
489.65358614344575, 1.5415581345503653
489.68558742349694, 1.541687042032226
489.71758870354813, 1.5418373042239215
489.7495899835993, 1.5420303884126965
489.7815912636505, 1.5422720983394567
489.81359254370176, 1.5425420957993734
489.84559382375295, 1.5428173221778272
489.8775951038042, 1.543097777474818
489.9095963838554, 1.5433834616903468
489.9415976639066, 1.5436522968788637
489.97359894395777, 1.543847049137012
490.00560022400896, 1.5439677184647913
490.03760150406015, 1.5439648380604938
490.06960278411134, 1.5438360058197653
490.1016040641626, 1.543581221742606
490.1336053442138, 1.543200485829016
490.16560662426497, 1.542774569918903
490.1976079043162, 1.542327605307259
490.2296091843674, 1.5418720332607254
490.2616104644186, 1.5414237440941192
490.2936117444698, 1.540982737807441
490.325613024521, 1.5405490144006906
490.35761430457217, 1.5401110581743669
490.38961558462336, 1.539636427476461
490.4216168646746, 1.5391251223069726
490.4536181447258, 1.5387080605343626
490.485619424777, 1.5383958598846719
490.51762070482823, 1.5381885203579002
490.5496219848794, 1.5380860419540479
490.5816232649306, 1.538051948346493
490.6136245449818, 1.5380743640534376
490.645625825033, 1.5381268625123927
490.6776271050842, 1.5381716100464722
490.7096283851354, 1.5382086066556753
490.7416296651866, 1.538237852340002
490.7736309452378, 1.5382812211248245
490.80563222528906, 1.538405316939288
490.83763350534025, 1.5386101397833924
490.86963478539144, 1.5387672275566726
490.90163606544263, 1.538861975009586
490.9336373454938, 1.538894382142133
490.965638625545, 1.5388644489543135
490.9976399055962, 1.5386866320054993
491.0296411856474, 1.538330948688435
491.06164246569864, 1.537874520558156
491.09364374574983, 1.5374405449172686
491.1256450258011, 1.5370290217657727
491.15764630585227, 1.5366399511036686
491.18964758590346, 1.5362997869630872
491.22164886595465, 1.536095066946452
491.25365014600584, 1.5360257910537625
491.28565142605703, 1.5359963228223859
491.3176527061082, 1.5359926847753362
491.34965398615947, 1.5360148769126138
491.38165526621066, 1.5360628992342185
491.41365654626185, 1.5360735764285045
491.4456578263131, 1.5360233272584307
491.4776591063643, 1.5359041919016108
491.5096603864155, 1.5357020431908448
491.54166166646667, 1.535416881126133
491.57366294651786, 1.5350487057074753
491.60566422656905, 1.5346118913304707
491.63766550662024, 1.534156618407923
491.6696667866715, 1.5336828869398313
491.7016680667227, 1.533188221031722
491.73366934677387, 1.5326721792855098
491.7656706268251, 1.5321347617011951
491.7976719068763, 1.5315759682787775
491.8296731869275, 1.531052599774368
491.8616744669787, 1.5305870135469835
491.8936757470299, 1.5302171933422737
491.92567702708106, 1.530017727462883
491.95767830713226, 1.529988615908811
491.9896795871835, 1.530129858680058
492.0216808672347, 1.53040627539695
492.05368214728594, 1.5306877749289614
492.08568342733713, 1.5309743572760914
492.1176847073883, 1.5310621646659892
492.1496859874395, 1.530908417591781
492.1816872674907, 1.530513116053468
492.2136885475419, 1.5298762600510492
492.2456898275931, 1.5291301500848253
492.2776911076443, 1.5283291978191755
492.3096923876955, 1.5275490097649933
492.3416936677467, 1.526953171488252
492.37369494779796, 1.5265416829889522
492.40569622784915, 1.5263145442670938
492.43769750790034, 1.5262273187016535
492.46969878795153, 1.5261073700597518
492.5017000680027, 1.5259546983413887
492.5337013480539, 1.5257441347461727
492.5657026281051, 1.525469622988168
492.5977039081563, 1.525131163067374
492.62970518820754, 1.5247287549837913
492.6617064682587, 1.5243278205731068
492.69370774831, 1.5239562312574362
492.72570902836117, 1.5236056191501461
492.75771030841236, 1.523256121171481
492.78971158846355, 1.5229077373214404
492.82171286851474, 1.522560467600025
492.8537141485659, 1.5222056380616065
492.8857154286171, 1.5218081597434825
492.91771670866837, 1.5213680326456533
492.94971798871956, 1.520863789480874
492.98171926877075, 1.5202896265082397
493.013720548822, 1.5196455437277503
493.0457218288732, 1.5189315411394055
493.0777231089244, 1.5181784841808574
493.10972438897556, 1.51739988173383
493.14172566902675, 1.5166178117438716
493.17372694907795, 1.5158895081143402
493.20572822912914, 1.5152149708452356
493.2377295091804, 1.514594199936557
493.2697307892316, 1.5140401309951317
493.30173206928276, 1.5136067311172026
493.333733349334, 1.513294000302769
493.3657346293852, 1.5130211667119238
493.3977359094364, 1.512764099049675
493.4297371894876, 1.5125227973160227
493.4617384695388, 1.512297261510967
493.49373974958996, 1.5119543736744812
493.52574102964115, 1.511434757479462
493.5577423096924, 1.5107499286254098
493.5897435897436, 1.5099323287643351
493.62174486979484, 1.5089819578962371
493.65374614984603, 1.507898816021116
493.6857474298972, 1.5067508004841188
493.7177487099484, 1.5058270892873549
493.7497499899996, 1.505127682430824
493.7817512700508, 1.5046890562411481
493.813752550102, 1.5045230862001249
493.84575383015317, 1.504629772307755
493.8777551102044, 1.5050091145640376
493.9097563902556, 1.5054758392198546
493.94175767030686, 1.5059463831855253
493.97375895035805, 1.5063988724356783
494.00576023040924, 1.5067667030411684
494.0377615104604, 1.5070498750019956
494.0697627905116, 1.50724838831816
494.1017640705628, 1.507364784471468
494.133765350614, 1.5074099974209416
494.16576663066525, 1.5073840271665806
494.19776791071644, 1.5073724171490137
494.2297691907676, 1.5074051499754961
494.2617704708189, 1.5074822256460279
494.29377175087006, 1.5076036441606084
494.32577303092125, 1.507770110412791
494.35777431097245, 1.5079819433974166
494.38977559102364, 1.5082126890823533
494.4217768710748, 1.5083758098651785
494.453778151126, 1.5084713057458923
494.48577943117726, 1.5084991767244944
494.51778071122845, 1.5084597523854604
494.54978199127964, 1.5083544496756696
494.5817832713309, 1.5081832685951218
494.6137845513821, 1.5080093844554625
494.6457858314333, 1.507856378493733
494.67778711148446, 1.5077242507099333
494.70978839153565, 1.507613001104063
494.74178967158684, 1.507486622770703
494.77379095163803, 1.5073288919339227
494.8057922316893, 1.5071254341981226
494.8377935117405, 1.5068260691504998
494.8697947917917, 1.5064307967910542
494.9017960718429, 1.5059396171197856
494.9337973518941, 1.5053756915444192
494.9657986319453, 1.504837459681819
494.9977999119965, 1.504324921531985
495.02980119204767, 1.5037812763388065
495.06180247209886, 1.503184166743266
495.09380375215005, 1.5025335927453636
495.1258050322013, 1.501829554345099
495.1578063122525, 1.5009921242176911
495.18980759230374, 1.4999857232401652
495.2218088723549, 1.498845531792196
495.2538101524061, 1.4977016410043091
495.2858114324573, 1.4965540508765047
495.3178127125085, 1.4954027614087828
495.3498139925597, 1.4942682813253727
495.3818152726109, 1.493235877270536
495.4138165526621, 1.492305549244273
495.4458178327133, 1.491344996746283
495.4778191127645, 1.4902998081121877
495.50982039281575, 1.489169983341986
495.54182167286694, 1.4879555224356784
495.57382295291814, 1.486667313837291
495.6058242329693, 1.4853101084678255
495.6378255130205, 1.4839283429483048
495.6698267930717, 1.4826946535116088
495.7018280731229, 1.4816090401577373
495.73382935317414, 1.4806715028866901
495.76583063322533, 1.4798661779583626
495.7978319132765, 1.4791291980982328
495.8298331933278, 1.4784605633063006
495.86183447337896, 1.4777948517468793
495.89383575343015, 1.4771041919978527
495.92583703348134, 1.4763885840592204
495.95783831353253, 1.475648027930983
495.9898395935837, 1.4749198043111056
496.0218408736349, 1.4742197293992696
496.05384215368616, 1.4735564771411036
496.08584343373735, 1.4729651364993088
496.1178447137886, 1.4724457074738853
496.1498459938398, 1.4719981900648333
496.181847273891, 1.4716278819303341
496.21384855394217, 1.4713552396512186
496.24584983399336, 1.4711802632274873
496.27785111404455, 1.471072087221488
496.30985239409574, 1.471017202751497
496.34185367414693, 1.4710156098175142
496.3738549541982, 1.47106730841954
496.40585623424937, 1.4711041148082549
496.4378575143006, 1.4710981373318361
496.4698587943518, 1.4710364403834584
496.501860074403, 1.4708650568668775
496.5338613544542, 1.4705839867820936
496.5658626345054, 1.470193230129107
496.59786391455657, 1.4697182770021509
496.62986519460776, 1.469252697333925
496.661866474659, 1.4687964911244302
496.6938677547102, 1.4684827763336925
496.7258690347614, 1.4683709292888156
496.75787031481264, 1.4684609499897991
496.7898715948638, 1.4687528384366437
496.821872874915, 1.469141711838829
496.8538741549662, 1.469586562403912
496.8858754350174, 1.4700194927867456
496.9178767150686, 1.4701513249852205
496.9498779951198, 1.4699820589993366
496.981879275171, 1.4695116948290943
497.0138805552222, 1.468750031118087
497.0458818352734, 1.4677309841221502
497.07788311532465, 1.4664545538412834
497.10988439537584, 1.4651060140246062
497.14188567542703, 1.4637689277617982
497.1738869554782, 1.4624432950528599
497.2058882355294, 1.4611291158977906
497.2378895155806, 1.4598934674337876
497.2698907956318, 1.458761184329385
497.30189207568304, 1.457729725102776
497.33389335573423, 1.4567881557949391
497.3658946357855, 1.4559364764058742
497.39789591583667, 1.4551746869355804
497.42989719588786, 1.4544570663110898
497.46189847593905, 1.4536354909194777
497.49389975599024, 1.452709960760744
497.52590103604143, 1.4516797709413365
497.5579023160926, 1.450544602466413
497.5899035961438, 1.4493044553359744
497.62190487619506, 1.4479593295500204
497.65390615624625, 1.446654936042779
497.6859074362975, 1.445441848388763
497.7179087163487, 1.444319737003496
497.7499099963999, 1.4432871849400988
497.78191127645107, 1.4423441921985722
497.81391255650226, 1.4414907587789156
497.84591383655345, 1.4407293272234047
497.87791511660464, 1.4400672548585183
497.90991639665583, 1.439504541684256
497.9419176767071, 1.4390771946060366
497.97391895675827, 1.4388014373997917
498.0059202368095, 1.4386772700655206
498.0379215168607, 1.4387046926032239
498.0699227969119, 1.4387532446212896
498.1019240769631, 1.4387809464331915
498.1339253570143, 1.4387646366312048
498.16592663706547, 1.4386058755984654
498.19792791711666, 1.4383046633349732
498.2299291971679, 1.437860999840728
498.2619304772191, 1.4373223107005433
498.2939317572703, 1.436820620030112
498.32593303732153, 1.436355927829434
498.3579343173727, 1.4360081614232905
498.3899355974239, 1.4358128999346553
498.4219368774751, 1.4357701433635288
498.4539381575263, 1.4358798917099107
498.4859394375775, 1.4360513221259164
498.5179407176287, 1.436257676471006
498.5499419976799, 1.4364784460209505
498.5819432777311, 1.4366283641314879
498.6139445577823, 1.4367074308026186
498.64594583783355, 1.4367156460343424
498.67794711788474, 1.436672636692583
498.70994839793593, 1.4366286252117342
498.7419496779871, 1.4365836115917971
498.7739509580383, 1.4365267073887442
498.8059522380895, 1.4364531616815748
498.8379535181407, 1.4363629744702888
498.86995479819194, 1.4362561457548855
498.90195607824313, 1.436052667180766
498.9339573582944, 1.4357312663119586
498.96595863834557, 1.4353078068885683
498.99795991839676, 1.4348461561851176
499.02996119844795, 1.4343463142016064
499.06196247849914, 1.4338082809380344
499.09396375855033, 1.4332674277113115
499.1259650386015, 1.4328065399922445
499.1579663186527, 1.4324256177808337
499.18996759870396, 1.4320873803791132
499.22196887875515, 1.4317760115874016
499.2539701588064, 1.4314915114056994
499.2859714388576, 1.431233879834006
499.3179727189088, 1.4310030866551409
499.34997399895997, 1.430799124742817
499.38197527901116, 1.4306166964388525
499.41397655906235, 1.4304353451624168
499.44597783911354, 1.4302550709135098
499.4779791191648, 1.430075873692131
499.509980399216, 1.4298612205724721
499.54198167926717, 1.4295332630915505
499.5739829593184, 1.429092001249366
499.6059842393696, 1.4286056187952387
499.6379855194208, 1.4281020073809905
499.669986799472, 1.4275811670066216
499.7019880795232, 1.4270430976721324
499.73398935957437, 1.426580035462931
499.76599063962556, 1.4262108668733058
499.7979919196768, 1.4259101018090237
499.829993199728, 1.4255841703373844
499.8619944797792, 1.4252330724583882
499.89399575983043, 1.4248568081720348
499.9259970398816, 1.4244276104942353
499.9579983199328, 1.4238918420236404
499.989999599984, 1.4232495027602508
500.0220008800352, 1.422605475494586
500.0540021600864, 1.4220007680190896
500.0860034401376, 1.4214353803337614
500.1180047201888, 1.4209093124386014
500.15000600024, 1.4203995437295125
500.18200728029126, 1.4199020935970876
500.21400856034245, 1.4194071633977325
500.24600984039364, 1.4188808368756114
500.27801112044483, 1.418323114030725
500.310012400496, 1.4177339948630734
500.3420136805472, 1.4171440534645963
500.3740149605984, 1.4166066019408956
500.4060162406496, 1.4161216402919705
500.43801752070084, 1.4156220913806252
500.47001880075203, 1.4150831205383247
500.5020200808033, 1.41450472776507
500.53402136085447, 1.4138869130608605
500.56602264090566, 1.4132675267096728
500.59802392095685, 1.4126518879404784
500.63002520100804, 1.4120857178262458
500.66202648105923, 1.4117171399799004
500.6940277611104, 1.4115461544014414
500.72602904116167, 1.4115727610908688
500.75803032121286, 1.4117629462423422
500.79003160126405, 1.4120633994621108
500.8220328813153, 1.412474120750174
500.8540341613665, 1.412849399172304
500.8860354414177, 1.4131386611539887
500.91803672146887, 1.4133419066952284
500.95003800152006, 1.413459135796023
500.98203928157125, 1.413460410531577
501.01404056162244, 1.4133425024300523
501.0460418416737, 1.4131029689491734
501.0780431217249, 1.4127344527624621
501.11004440177607, 1.4122369538699175
501.1420456818273, 1.4116104722715408
501.1740469618785, 1.4109050520461364
501.2060482419297, 1.4101908830678458
501.2380495219809, 1.409467965336669
501.2700508020321, 1.408866759244218
501.30205208208326, 1.408429244477018
501.33405336213445, 1.4081554210350697
501.3660546421857, 1.4080452889183739
501.3980559222369, 1.407986139176923
501.43005720228814, 1.4079695149758409
501.46205848233933, 1.4079479907303138
501.4940597623905, 1.4077895423246494
501.5260610424417, 1.4074941697588472
501.5580623224929, 1.4070618730329079
501.5900636025441, 1.4065189366744208
501.6220648825953, 1.4058981950919573
501.6540661626465, 1.4051996482855167
501.6860674426977, 1.404514119102984
501.7180687227489, 1.4038683656848987
501.75007000280016, 1.4032623880312616
501.78207128285135, 1.4026961861420717
501.81407256290254, 1.402185203291997
501.84607384295373, 1.4017300926428713
501.8780751230049, 1.4013112273287711
501.9100764030561, 1.400878384915302
501.9420776831073, 1.4004315654024635
501.97407896315855, 1.3999707687902556
502.00608024320974, 1.3994981346841442
502.0380815232609, 1.399016031158457
502.0700828033122, 1.3985244582131933
502.10208408336337, 1.398103424202954
502.13408536341456, 1.3977742015637094
502.16608664346575, 1.3975367902954596
502.19808792351694, 1.3973911903982044
502.2300892035681, 1.3972683397801153
502.2620904836193, 1.3971675628155409
502.29409176367056, 1.3970534881875707
502.32609304372176, 1.3968433304253982
502.35809432377295, 1.3965370895290237
502.3900956038242, 1.396134765498447
502.4220968838754, 1.395699246413164
502.4540981639266, 1.3952918346063272
502.48609944397776, 1.3949125300779381
502.51810072402895, 1.3945613630451767
502.55010200408014, 1.3942383406343302
502.58210328413134, 1.3939434628453986
502.6141045641826, 1.3936735790073354
502.6461058442338, 1.3932941069320508
502.678107124285, 1.3928050466195439
502.7101084043362, 1.392242930995625
502.7421096843874, 1.3916856085232754
502.7741109644386, 1.3911330792024947
502.8061122444898, 1.390585343033284
502.838113524541, 1.3901014094352953
502.87011480459216, 1.3897315892750794
502.90211608464335, 1.3894758825526363
502.9341173646946, 1.3892420531825576
502.9661186447458, 1.3890112146705549
502.99811992479704, 1.3887833670166283
503.03012120484823, 1.388553360456162
503.0621224848994, 1.3882361766172242
503.0941237649506, 1.387831815499815
503.1261250450018, 1.3873680440880243
503.158126325053, 1.3868984997832
503.1901276051042, 1.3864231825853417
503.22212888515537, 1.38594209249445
503.2541301652066, 1.3854438525792003
503.2861314452578, 1.3849200489824482
503.31813272530906, 1.384370681704194
503.35013400536025, 1.3838187713485346
503.38213528541144, 1.3832682985248776
503.4141365654626, 1.382719263233223
503.4461378455138, 1.3821806789365285
503.478139125565, 1.381740424137661
503.5101404056162, 1.38139849883662
503.54214168566745, 1.381124328941465
503.57414296571864, 1.380864602346595
503.6061442457698, 1.38061931905201
503.6381455258211, 1.3803884790577097
503.67014680587226, 1.380119890785785
503.70214808592345, 1.3797804112109882
503.73414936597464, 1.3793700403333198
503.76615064602584, 1.378850927868803
503.798151926077, 1.3782177545884664
503.8301532061282, 1.37747052049231
503.86215448617946, 1.37661963802866
503.89415576623065, 1.3757344132584588
503.9261570462819, 1.374814846181706
503.9581583263331, 1.373894950604243
503.9901596063843, 1.3730280369198207
504.0221608864355, 1.372214105128439
504.05416216648666, 1.3714531552300981
504.08616344653785, 1.370761415045144
504.11816472658904, 1.3701476211426613
504.15016600664023, 1.3696117735226512
504.1821672866915, 1.3691838101099079
504.21416856674267, 1.36886695937627
504.2461698467939, 1.3686612213217373
504.2781711268451, 1.3685487476947074
504.3101724068963, 1.368442323939566
504.3421736869475, 1.368341950056313
504.3741749669987, 1.3681975819661434
504.40617624704987, 1.3679390297949157
504.43817752710106, 1.3675662935426298
504.47017880715225, 1.3670793732092859
504.5021800872035, 1.3665028077906882
504.5341813672547, 1.3658476146184415
504.56618264730594, 1.3651137936925457
504.5981839273571, 1.3644140539630072
504.6301852074083, 1.3637568522647028
504.6621864874595, 1.363142188597633
504.6941877675107, 1.3625702825328707
504.7261890475619, 1.362041955976948
504.7581903276131, 1.3615572089298646
504.7901916076643, 1.3610897568640308
504.8221928877155, 1.3606067653708755
504.8541941677667, 1.360108234450399
504.88619544781795, 1.359594164102601
504.91819672786914, 1.359130205864102
504.95019800792033, 1.358740404849429
504.9821992879715, 1.358424761058582
505.0142005680227, 1.3581678312168932
505.0462018480739, 1.3579689621625297
505.0782031281251, 1.3578281538954908
505.11020440817634, 1.3577197963818164
505.14220568822753, 1.3575684541306143
505.1742069682787, 1.3573741271418842
505.20620824833, 1.3571346758101606
505.23820952838116, 1.3568477320611156
505.27021080843235, 1.35651329589475
505.30221208848354, 1.3561313673110629
505.33421336853473, 1.3557123233246826
505.3662146485859, 1.3552591698406835
505.3982159286371, 1.3547719068590656
505.43021720868836, 1.3543195964716572
505.46221848873955, 1.3539029143041104
505.4942197687908, 1.353521860356425
505.526221048842, 1.353162294392443
505.5582223288932, 1.3527908670792888
505.59022360894437, 1.3524075784169616
505.62222488899556, 1.351949540325967
505.65422616904675, 1.3513554504731509
505.68622744909794, 1.350625308858513
505.71822872914913, 1.3497591154820536
505.7502300092004, 1.348831022103657
505.78223128925157, 1.3478572467588046
505.8142325693028, 1.3468409401185426
505.846233849354, 1.3459166843709613
505.8782351294052, 1.345084479516061
505.9102364094564, 1.3443443255538416
505.9422376895076, 1.3436785640475697
505.97423896955877, 1.3430534819140292
506.00624024960996, 1.3424690791532203
506.0382415296612, 1.34186634634549
506.0702428097124, 1.341194972624288
506.1022440897636, 1.340454957989614
506.13424536981483, 1.3396463024414673
506.166246649866, 1.3387766676562962
506.1982479299172, 1.3378472252546783
506.2302492099684, 1.33686312500123
506.2622504900196, 1.335909385267882
506.2942517700708, 1.334986006054635
506.326253050122, 1.3340929873614886
506.3582543301732, 1.3332731754542901
506.3902556102244, 1.332593191319163
506.4222568902756, 1.3320530349561077
506.45425817032685, 1.3316640832964481
506.48625945037804, 1.331434750197329
506.51826073042923, 1.3313650356587496
506.5502620104804, 1.3314549396807105
506.5822632905316, 1.3315455633476878
506.6142645705828, 1.331622310883846
506.646265850634, 1.3316761688262273
506.67826713068524, 1.331619258671965
506.71026841073643, 1.3314515804210596
506.7422696907877, 1.331173134073511
506.77427097083887, 1.3308190827161364
506.80627225089006, 1.3304340420105296
506.83827353094125, 1.3300180119566907
506.87027481099244, 1.3296231841325297
506.90227609104363, 1.3292827015632933
506.9342773710948, 1.3289965642489818
506.966278651146, 1.3287647721895952
506.99827993119726, 1.3285811804424064
507.03028121124845, 1.328445573148654
507.0622824912997, 1.3283475378600123
507.0942837713509, 1.3282177685155383
507.1262850514021, 1.3280562651152317
507.15828633145327, 1.327863027659093
507.19028761150446, 1.3276385297720867
507.22228889155565, 1.327383260888754
507.25429017160684, 1.3270972210090943
507.2862914516581, 1.3267641823127616
507.3182927317093, 1.3263754082306711
507.35029401176047, 1.3259308987628224
507.3822952918117, 1.3254297101067536
507.4142965718629, 1.3248201802823347
507.4462978519141, 1.3241023092895658
507.4782991319653, 1.3232939453800499
507.5103004120165, 1.3224823031094006
507.54230169206767, 1.3216673824776186
507.57430297211886, 1.3208491834847034
507.6063042521701, 1.3200716128498566
507.6383055322213, 1.3193713989248883
507.6703068122725, 1.3187485417097984
507.70230809232373, 1.3181785022087829
507.7343093723749, 1.3176502630902367
507.7663106524261, 1.31716382435416
507.7983119324773, 1.3167179463198369
507.8303132125285, 1.316296531287579
507.8623144925797, 1.3158995792573862
507.8943157726309, 1.3155268706581846
507.9263170526821, 1.3151775835834432
507.9583183327333, 1.3148517180331616
507.99031961278456, 1.3145492740073403
508.02232089283575, 1.3142617062368707
508.05432217288694, 1.3139832921188201
508.08632345293813, 1.313714031653189
508.1183247329893, 1.313388273303357
508.1503260130405, 1.312981971954797
508.1823272930917, 1.312495127607509
508.2143285731429, 1.3119291491900478
508.24632985319414, 1.311293743396276
508.27833113324533, 1.3105889102261932
508.3103324132966, 1.30984025971376
508.34233369334777, 1.3091232273498687
508.37433497339896, 1.3084378131345196
508.40633625345015, 1.3077840170677126
508.43833753350134, 1.3071204186969567
508.47033881355253, 1.3064252020317841
508.5023400936037, 1.305698367072195
508.5343413736549, 1.3049295368035612
508.56634265370616, 1.3041157053208086
508.59834393375735, 1.3032568726239373
508.6303452138086, 1.3023696267601008
508.6623464938598, 1.30152768509732
508.694347773911, 1.3007310476355953
508.72634905396217, 1.2999938546110845
508.75835033401336, 1.2993494553566636
508.79035161406455, 1.2987978498723325
508.82235289411574, 1.2983390381580913
508.854354174167, 1.2979537593489858
508.8863554542182, 1.2976342524951299
508.91835673426937, 1.297380517596524
508.9503580143206, 1.2971184028932832
508.9823592943718, 1.2968316903499262
509.014360574423, 1.296520379966453
509.0463618544742, 1.2961859502634758
509.0783631345254, 1.2958330244213232
509.11036441457657, 1.2954616024399952
509.14236569462776, 1.2950893427562251
509.174366974679, 1.2947499584532287
509.2063682547302, 1.294443449531006
509.23836953478144, 1.2941698159895572
509.27037081483263, 1.2939134229495974
509.3023720948838, 1.2936696596377715
509.334373374935, 1.2934385260540804
509.3663746549862, 1.2932123605220764
509.3983759350374, 1.2929899914211815
509.4303772150886, 1.2927714187513957
509.4623784951398, 1.2925561988780858
509.494379775191, 1.2923433094895616
509.5263810552422, 1.2921327505858224
509.55838233529346, 1.2918816759010212
509.59038361534465, 1.291523464449035
509.62238489539584, 1.291058116229863
509.65438617544703, 1.2904856312435058
509.6863874554982, 1.289797982334194
509.7183887355494, 1.2889935650443711
509.7503900156006, 1.2880723793740363
509.7823912956518, 1.287193324238713
509.81439257570304, 1.2863709954142373
509.84639385575423, 1.2856053929006088
509.8783951358055, 1.2848980711414195
509.91039641585667, 1.2842517387518395
509.94239769590786, 1.2836663957318692
509.97439897595905, 1.2831068789946907
510.00640025601024, 1.2825285728787101
510.03840153606143, 1.2819314773839277
510.0704028161126, 1.2813155925103432
510.10240409616387, 1.2807205763687917
510.13440537621506, 1.2801510189298426
510.16640665626625, 1.279606920193496
510.1984079363175, 1.2790944251024792
510.2304092163687, 1.2786137495155527
510.2624104964199, 1.2781648934327168
510.29441177647107, 1.2777377075030145
510.32641305652226, 1.2773186457222874
510.35841433657345, 1.2769077080905358
510.39041561662464, 1.2765044209827945
510.4224168966759, 1.276108294964523
510.4544181767271, 1.2757193300357212
510.48641945677826, 1.2753375261963893
510.5184207368295, 1.2749078409026677
510.5504220168807, 1.2744280289871301
510.5824232969319, 1.273899034252239
510.6144245769831, 1.2733725186781242
510.6464258570343, 1.2728484822647856
510.67842713708546, 1.2723269250122233
510.71042841713665, 1.2718344150237564
510.7424296971879, 1.2713981968908203
510.7744309772391, 1.271018270613415
510.80643225729034, 1.2706507294723388
510.83843353734153, 1.270258845115782
510.8704348173927, 1.2698426175437445
510.9024360974439, 1.2694029119408488
510.9344373774951, 1.2689708557756447
510.9664386575463, 1.2685464490481326
510.9984399375975, 1.2681309314390283
511.0304412176487, 1.2677404006480206
511.0624424976999, 1.2673748566751089
511.0944437777511, 1.267034299520294
511.12644505780236, 1.2666867085240563
511.15844633785355, 1.266307005704022
511.19044761790474, 1.265895191060191
511.2224488979559, 1.2654598098616718
511.2544501780071, 1.2650065847113972
511.2864514580583, 1.2645355156093658
511.3184527381095, 1.2640477720697656
511.35045401816075, 1.2635544989801748
511.38245529821194, 1.263055696340593
511.4144565782631, 1.2625499552224664
511.4464578583144, 1.2620275689319316
511.47845913836557, 1.2614885374689888
511.51046041841676, 1.2609328608336385
511.54246169846795, 1.2603887684123807
511.57446297851914, 1.2598728699223736
511.6064642585703, 1.2593851653636172
511.6384655386215, 1.2589670751886022
511.67046681867276, 1.2586404153877964
511.70246809872395, 1.2584051859611998
511.73446937877515, 1.2582505701752382
511.7664706588264, 1.2581216670831858
511.7984719388776, 1.258018476685043
511.8304732189288, 1.2579244109336558
511.86247449897996, 1.2577657524610033
511.89447577903115, 1.257542501267086
511.92647705908234, 1.2572546573519032
511.95847833913353, 1.2569441488098188
511.9904796191848, 1.2566289413050127
512.0224808992359, 1.2563090348374846
512.0544821792872, 1.256003690272189
512.0864834593384, 1.2557206685590114
512.1184847393896, 1.2554599696979525
512.1504860194408, 1.2552049602951945
512.182487299492, 1.2549017670694753
512.2144885795432, 1.2545503900207944
512.2464898595944, 1.2541493506285406
512.2784911396456, 1.2536940257123843
512.3104924196969, 1.2531844152723262
512.342493699748, 1.252620519308366
512.3744949797992, 1.252031280747224
512.4064962598504, 1.2514252374169603
512.4384975399016, 1.2508023893175746
512.4704988199528, 1.250178371328352
512.502500100004, 1.2495577942226472
512.5345013800552, 1.2489406580004594
512.5665026601064, 1.2483272048260632
512.5985039401576, 1.2477179764227389
512.6305052202088, 1.2471129727904866
512.66250650026, 1.2465126375639395
512.6945077803113, 1.2459179930547881
512.7265090603624, 1.2453290392630325
512.7585103404136, 1.2447457761886724
512.7905116204648, 1.2441856838451961
512.822512900516, 1.2436519424314767
512.8545141805672, 1.2431445519475148
512.8865154606184, 1.2426715395490797
512.9185167406697, 1.242234509693728
512.9505180207209, 1.24183346238146
512.9825193007721, 1.24146654612765
513.0145205808233, 1.241130786316416
513.0465218608745, 1.2408261829477585
513.0785231409257, 1.2405511815780854
513.1105244209768, 1.240303073592227
513.142525701028, 1.2400818589901828
513.1745269810792, 1.239887537771953
513.2065282611304, 1.2396909024811702
513.2385295411816, 1.239489469592758
513.2705308212328, 1.2392832391067166
513.3025321012841, 1.2390325529122108
513.3345333813353, 1.2387328210386712
513.3665346613865, 1.2383840434860982
513.3985359414377, 1.237997964801049
513.4305372214889, 1.2375883692290381
513.46253850154, 1.237155256770065
513.4945397815912, 1.2367087767750864
513.5265410616424, 1.2362624752482612
513.5585423416937, 1.2358163521895889
513.5905436217449, 1.23537040759907
513.6225449017961, 1.234942424674478
513.6545461818473, 1.2345324231087544
513.6865474618985, 1.2341404029018994
513.7185487419497, 1.2338214065977722
513.7505500220009, 1.233577679363799
513.7825513020521, 1.2334092211999799
513.8145525821033, 1.2332658274166957
513.8465538621545, 1.2331044134688562
513.8785551422056, 1.2329249793564618
513.9105564222568, 1.232700956976193
513.9425577023081, 1.2324051017366149
513.9745589823593, 1.232037413637727
514.0065602624105, 1.2316039833960817
514.0385615424617, 1.2311769522239264
514.0705628225129, 1.2307563201212612
514.1025641025641, 1.230341221903464
514.1345653826153, 1.2299005301019843
514.1665666626666, 1.2294342447168223
514.1985679427178, 1.2289423657479774
514.230569222769, 1.2283959162058902
514.2625705028202, 1.22777698268435
514.2945717828713, 1.2270855651833579
514.3265730629225, 1.2263536843624314
514.3585743429737, 1.2256064182039457
514.3905756230249, 1.2248437667079006
514.4225769030761, 1.2240744028296378
514.4545781831273, 1.2233443669244775
514.4865794631785, 1.2226536589924197
514.5185807432297, 1.2220011095192775
514.550582023281, 1.2213755736174723
514.5825833033322, 1.220777051287004
514.6145845833834, 1.220205542527873
514.6465858634346, 1.2196549124794398
514.6785871434857, 1.219122525468321
514.7105884235369, 1.2186083814945161
514.7425897035881, 1.2180842511715249
514.7745909836393, 1.2175335247821897
514.8065922636906, 1.2169562023265101
514.8385935437418, 1.2163653856378893
514.870594823793, 1.2158023644039029
514.9025961038442, 1.2152671386245506
514.9345973838954, 1.2147705250334067
514.9665986639466, 1.2143674245771965
514.9985999439978, 1.2140578372559205
515.030601224049, 1.2138417630695788
515.0626025041001, 1.2136049832425757
515.0946037841513, 1.2133157874468248
515.1266050642025, 1.2129741756823267
515.1586063442537, 1.2125382198547174
515.190607624305, 1.2119899542998176
515.2226089043562, 1.2113293790176272
515.2546101844074, 1.2105881062641892
515.2866114644586, 1.2098318082225525
515.3186127445098, 1.2090604848927164
515.350614024561, 1.2082907696684995
515.3826153046122, 1.2075765358311639
515.4146165846635, 1.2069177833807092
515.4466178647147, 1.2063145123171357
515.4786191447658, 1.2057582228952868
515.510620424817, 1.2052476182257952
515.5426217048682, 1.2047826983086605
515.5746229849194, 1.2043345202171625
515.6066242649706, 1.2038945461232413
515.6386255450218, 1.203462776026897
515.670626825073, 1.2030441259524252
515.7026281051242, 1.20264564924156
515.7346293851754, 1.2022673458943018
515.7666306652266, 1.2019089737463766
515.7986319452777, 1.2015699910745037
515.830633225329, 1.2012503978786826
515.8626345053802, 1.200950194158914
515.8946357854314, 1.2006655145722278
515.9266370654826, 1.2003961737656206
515.9586383455338, 1.2001421717390928
515.990639625585, 1.1998860284791564
516.0226409056362, 1.1996245637869374
516.0546421856875, 1.199357777662436
516.0866434657387, 1.1990603640725521
516.1186447457899, 1.198706833360843
516.1506460258411, 1.1982971855273088
516.1826473058923, 1.1978332720565745
516.2146485859435, 1.1973180675645227
516.2466498659946, 1.1967515720511532
516.2786511460458, 1.1961349018697773
516.310652426097, 1.1954931647189964
516.3426537061482, 1.1948263605988105
516.3746549861994, 1.19413448950922
516.4066562662506, 1.1934467589065916
516.4386575463019, 1.192765652316002
516.4706588263531, 1.1920911697374517
516.5026601064043, 1.1914344722407475
516.5346613864555, 1.1908034004067856
516.5666626665067, 1.190197954235566
516.5986639465578, 1.1896063891805304
516.630665226609, 1.1890149209961653
516.6626665066603, 1.188423549682471
516.6946677867115, 1.1878295175560967
516.7266690667627, 1.1872147859604052
516.7586703468139, 1.186579354895397
516.7906716268651, 1.1859232243610718
516.8226729069163, 1.185228611159656
516.8546741869675, 1.1844954955982079
516.8866754670187, 1.1837238776767278
516.9186767470699, 1.1829361600300758
516.9506780271211, 1.1821429695111991
516.9826793071722, 1.1813443061200979
517.0146805872234, 1.1805903745463904
517.0466818672746, 1.1799242593351675
517.0786831473259, 1.179345960486429
517.1106844273771, 1.178850383590045
517.1426857074283, 1.178419915226507
517.1746869874795, 1.1780545553958144
517.2066882675307, 1.1777482133814157
517.2386895475819, 1.1774287479710628
517.2706908276331, 1.177096159164756
517.3026921076844, 1.1767504469624954
517.3346933877356, 1.1763715869333076
517.3666946677868, 1.1759536266775537
517.398695947838, 1.175496566195234
517.4306972278891, 1.1750293824759082
517.4626985079403, 1.1745699889257868
517.4946997879915, 1.1741183855448696
517.5267010680427, 1.1737005995640937
517.5587023480939, 1.1733725029501796
517.5907036281451, 1.173134095703128
517.6227049081963, 1.1729767048675974
517.6547061882475, 1.1728542900882666
517.6867074682988, 1.1727668513651366
517.71870874835, 1.1727143886982063
517.7507100284012, 1.1726279555038446
517.7827113084523, 1.172496806237971
517.8147125885035, 1.1723209409005861
517.8467138685547, 1.1721064943523292
517.8787151486059, 1.1718561022665837
517.9107164286572, 1.1715697646433494
517.9427177087084, 1.171269271536014
517.9747189887596, 1.1709855990506115
518.0067202688108, 1.170718747187142
518.038721548862, 1.170455614112203
518.0707228289132, 1.1701549101382176
518.1027241089644, 1.169816635265187
518.1347253890156, 1.169440789493111
518.1667266690667, 1.1689839082265812
518.1987279491179, 1.1684442358312959
518.2307292291691, 1.1678217723072548
518.2627305092203, 1.1672307364300536
518.2947317892715, 1.1667028385277785
518.3267330693228, 1.166238078600429
518.358734349374, 1.165849855348913
518.3907356294252, 1.1655510510834304
518.4227369094764, 1.1653416658039817
518.4547381895276, 1.1651900872545229
518.4867394695788, 1.165030643252006
518.51874074963, 1.1648633337964303
518.5507420296813, 1.1646857168423783
518.5827433097325, 1.1644587740486971
518.6147445897836, 1.1641825054153863
518.6467458698348, 1.1638569109424461
518.678747149886, 1.163490490375033
518.7107484299372, 1.1630845406025145
518.7427497099884, 1.1626390616248907
518.7747509900396, 1.1621743060196557
518.8067522700908, 1.1617033092023932
518.838753550142, 1.1612260711731028
518.8707548301932, 1.160737675907489
518.9027561102444, 1.1602310700638176
518.9347573902957, 1.1597062536420881
518.9667586703468, 1.1591626094820462
518.998759950398, 1.1585968569824463
519.0307612304492, 1.1580089961432876
519.0627625105004, 1.1573990269645709
519.0947637905516, 1.1567708147892657
519.1267650706028, 1.156124544970375
519.1587663506541, 1.155460217507899
519.1907676307053, 1.1547919881398985
519.2227689107565, 1.1541256754314424
519.2547701908077, 1.1534612793825305
519.2867714708589, 1.1528241060262627
519.3187727509101, 1.1522396450190822
519.3507740309612, 1.1517078963609886
519.3827753110124, 1.1512220309376502
519.4147765910636, 1.1507625600214555
519.4467778711148, 1.1503294836124047
519.478779151166, 1.1499216853571856
519.5107804312172, 1.149514057557197
519.5427817112684, 1.1491066002124386
519.5747829913197, 1.148699313322911
519.6067842713709, 1.148296715215517
519.6387855514221, 1.1478998609066733
519.6707868314733, 1.14750875039638
519.7027881115245, 1.1471122226148294
519.7347893915756, 1.146702436981126
519.7667906716268, 1.14627939349527
519.7987919516781, 1.1458533414278707
519.8307932317293, 1.1454423171659776
519.8627945117805, 1.1450463207095907
519.8947957918317, 1.1446681097420608
519.9267970718829, 1.1443257229200248
519.9587983519341, 1.1440191602434826
519.9907996319853, 1.143748421712434
520.0228009120365, 1.143469181760607
520.0548021920877, 1.1431772921368806
520.0868034721389, 1.1428727528412541
520.11880475219, 1.1425331612388672
520.1508060322412, 1.1421478904767737
520.1828073122925, 1.1417169405549727
520.2148085923437, 1.141255208561515
520.2468098723949, 1.1407797020251598
520.2788111524461, 1.140290420945907
520.3108124324973, 1.139792459733886
520.3428137125485, 1.1393034318086057
520.3748149925997, 1.1388233371700667
520.4068162726509, 1.1383519706346634
520.4388175527022, 1.13787920462735
520.4708188327534, 1.1374050391481267
520.5028201128046, 1.1369294741969933
520.5348213928557, 1.1364725342049231
520.5668226729069, 1.1360401715715551
520.5988239529581, 1.1356323862968893
520.6308252330093, 1.1352604570835187
520.6628265130605, 1.1349327813295234
520.6948277931117, 1.1346493590349034
520.7268290731629, 1.1343841629687215
520.7588303532141, 1.1340813211642569
520.7908316332653, 1.1337408336215093
520.8228329133166, 1.133360730773325
520.8548341933678, 1.1329274747974316
520.886835473419, 1.1324410656938293
520.9188367534701, 1.131901503462518
520.9508380335213, 1.1313777346871299
520.9828393135725, 1.1308805049117445
521.0148405936237, 1.1304098141363617
521.046841873675, 1.1299363655068464
521.0788431537262, 1.1294464498975414
521.1108444337774, 1.1289400673084462
521.1428457138286, 1.1283954276861734
521.1748469938798, 1.1277815549246895
521.206848273931, 1.1270984490239937
521.2388495539822, 1.126360502762631
521.2708508340334, 1.1256143417803803
521.3028521140845, 1.1248599660772411
521.3348533941357, 1.1240973756532135
521.3668546741869, 1.1233700351037064
521.3988559542381, 1.1226797000630209
521.4308572342894, 1.1220263705311573
521.4628585143406, 1.1213898262278892
521.4948597943918, 1.1207647230123134
521.526861074443, 1.12015106088443
521.5588623544942, 1.119535441143331
521.5908636345454, 1.1189049814788161
521.6228649145966, 1.1182596818908856
521.6548661946478, 1.1176017051469298
521.686867474699, 1.11693513092501
521.7188687547502, 1.116259959225126
521.7508700348014, 1.1155786320926966
521.7828713148526, 1.1149301678688737
521.8148725949038, 1.1143145665536576
521.846873874955, 1.1137318281470483
521.8788751550062, 1.1132316693860107
521.9108764350574, 1.112819467503809
521.9428777151086, 1.1124952225004439
521.9748789951598, 1.1122386817984216
522.006880275211, 1.1120368099821576
522.0388815552622, 1.1118896070516522
522.0708828353135, 1.111756211538822
522.1028841153646, 1.1115884167060872
522.1348853954158, 1.1113862225534474
522.166886675467, 1.111150246241158
522.1988879555182, 1.1108837683704649
522.2308892355694, 1.1105867889413676
522.2628905156206, 1.1102599075846182
522.2948917956719, 1.109941053507085
522.3268930757231, 1.1096302267087685
522.3588943557743, 1.1093274271896685
522.3908956358255, 1.1090184992117236
522.4228969158767, 1.108697624209866
522.4548981959279, 1.1083648021840953
522.486899475979, 1.1080281810240216
522.5189007560302, 1.107693837746566
522.5509020360814, 1.1073617723517284
522.5829033161326, 1.10703881395384
522.6149045961838, 1.1067444512805134
522.646905876235, 1.1064786843317478
522.6789071562863, 1.1062397298018214
522.7109084363375, 1.1060157003500415
522.7429097163887, 1.1058065959764078
522.7749109964399, 1.1056124166809205
522.8069122764911, 1.1054286441366759
522.8389135565423, 1.105254223327258
522.8709148365934, 1.1050891542526662
522.9029161166446, 1.104889249164222
522.9349173966959, 1.1046345193870948
522.9669186767471, 1.104324964921285
522.9989199567983, 1.1039503364961825
523.0309212368495, 1.103492597724738
523.0629225169007, 1.102951748606952
523.0949237969519, 1.102352126097026
523.1269250770031, 1.1017679019875843
523.1589263570543, 1.1011990762786281
523.1909276371055, 1.1006456489701562
523.2229289171567, 1.1001519456284419
523.2549301972078, 1.099722114504606
523.286931477259, 1.0993561555986484
523.3189327573103, 1.0990312430731681
523.3509340373615, 1.0987418829559914
523.3829353174127, 1.0984880752471171
523.4149365974639, 1.098254922858496
523.4469378775151, 1.098025418261368
523.4789391575663, 1.0977995614557332
523.5109404376175, 1.0975676672016592
523.5429417176688, 1.0973129135738342
523.57494299772, 1.097035300572258
523.6069442777712, 1.0967350333805361
523.6389455578224, 1.0964222395737142
523.6709468378735, 1.0960969191517922
523.7029481179247, 1.0957590721147705
523.7349493979759, 1.09541390724584
523.7669506780271, 1.0950618457088135
523.7989519580783, 1.0947028875036913
523.8309532381295, 1.09432575392788
523.8629545181807, 1.0939220475832991
523.8949557982319, 1.093491768469949
523.9269570782832, 1.0930300418885286
523.9589583583344, 1.0925317005860018
523.9909596383856, 1.0919967445623695
524.0229609184368, 1.0914271433847853
524.0549621984879, 1.0908364348755213
524.0869634785391, 1.0902246190345777
524.1189647585903, 1.08959456168161
524.1509660386415, 1.089005554628749
524.1829673186928, 1.0884575978759943
524.214968598744, 1.0879506914233459
524.2469698787952, 1.0875141321249397
524.2789711588464, 1.0871616291064325
524.3109724388976, 1.0868931823678247
524.3429737189488, 1.0866802215448592
524.374974999, 1.0865042650652053
524.4069762790512, 1.0863653129288624
524.4389775591023, 1.0862489723572868
524.4709788391535, 1.086108617710699
524.5029801192047, 1.0859442489890998
524.5349813992559, 1.0857552774837242
524.5669826793072, 1.0855388031311937
524.5989839593584, 1.085294825931508
524.6309852394096, 1.0850233458846672
524.6629865194608, 1.0847445832708975
524.694987799512, 1.0844638822311021
524.7269890795632, 1.0841812427652813
524.7589903596144, 1.0839075518460333
524.7909916396657, 1.0836468216715414
524.8229929197169, 1.0833990522418055
524.854994199768, 1.0831620807894355
524.8869954798192, 1.08293182763637
524.9189967598704, 1.0827082927826088
524.9509980399216, 1.082488689737589
524.9829993199728, 1.0822662982778544
525.015000600024, 1.0820411184034053
525.0470018800752, 1.0818131501142416
525.0790031601264, 1.0815326766733988
525.1110044401776, 1.081194320847612
525.1430057202288, 1.0807980826368808
525.1750070002801, 1.0803441540582706
525.2070082803313, 1.0798325674302331
525.2390095603824, 1.0792633227527684
525.2710108404336, 1.0786772814939598
525.3030121204848, 1.078122650391387
525.335013400536, 1.0775994294450504
525.3670146805872, 1.0771106864036422
525.3990159606384, 1.0766606716544498
525.4310172406897, 1.0762493851974735
525.4630185207409, 1.0758762274019613
525.4950198007921, 1.0755032690610447
525.5270210808433, 1.0751305101747237
525.5590223608945, 1.0747579507429985
525.5910236409457, 1.0743744466829899
525.6230249209968, 1.0739798040130772
525.655026201048, 1.0735740227332604
525.6870274810992, 1.0731489549539295
525.7190287611504, 1.072698523658163
525.7510300412016, 1.0722227288459614
525.7830313212528, 1.0717427184475647
525.8150326013041, 1.0712760050549022
525.8470338813553, 1.0708225886679734
525.8790351614065, 1.070384252592501
525.9110364414577, 1.0699728841691771
525.9430377215089, 1.0695884833980025
525.97503900156, 1.069226452884505
526.0070402816112, 1.06885018488835
526.0390415616625, 1.0684596794095376
526.0710428417137, 1.068054936448067
526.1030441217649, 1.067680143752618
526.1350454018161, 1.06735528999802
526.1670466818673, 1.0670803751842732
526.1990479619185, 1.0668549208666038
526.2310492419697, 1.0666786983199774
526.2630505220209, 1.0665517075443949
526.2950518020721, 1.066449611585654
526.3270530821233, 1.0662982386511302
526.3590543621744, 1.066097588740823
526.3910556422256, 1.0658534652420433
526.4230569222768, 1.0655840472312474
526.4550582023281, 1.0652893347084358
526.4870594823793, 1.0649693276736085
526.5190607624305, 1.0646468519641663
526.5510620424817, 1.0643274015522837
526.5830633225329, 1.0640109764379608
526.6150646025841, 1.0636683010874632
526.6470658826353, 1.0632924117153317
526.6790671626866, 1.0628833083215665
526.7110684427378, 1.0624506761461
526.743069722789, 1.062011337114244
526.7750710028401, 1.0615652912259985
526.8070722828913, 1.0611233874982124
526.8390735629425, 1.0607037752172495
526.8710748429937, 1.0603064543831098
526.9030761230449, 1.059931424995793
526.9350774030961, 1.059573478272108
526.9670786831473, 1.0592321930482418
526.9990799631985, 1.0589075693241945
527.0310812432497, 1.0585956187500303
527.063082523301, 1.058296090563763
527.0950838033522, 1.0580089847653928
527.1270850834034, 1.0577391760542207
527.1590863634545, 1.0574918316832824
527.1910876435057, 1.0572669516525774
527.2230889235569, 1.0570556585815754
527.2550902036081, 1.0568493546308455
527.2870914836594, 1.0566480398003884
527.3190927637106, 1.0564488482705479
527.3510940437618, 1.0561924882291938
527.383095323813, 1.0558789596763258
527.4150966038642, 1.0555100206115278
527.4470978839154, 1.055107171986273
527.4790991639666, 1.0546704138005611
527.5111004440178, 1.0541997460543926
527.543101724069, 1.053723739112024
527.5751030041201, 1.0532608745457863
527.6071042841713, 1.0528111523556796
527.6391055642225, 1.0523726289660973
527.6711068442737, 1.0519442281140055
527.703108124325, 1.0515259497994045
527.7351094043762, 1.0511183827310577
527.7671106844274, 1.050724426972345
527.7991119644786, 1.0503440825232662
527.8311132445298, 1.0499725627904688
527.863114524581, 1.0495920818873636
527.8951158046322, 1.0492026398139511
527.9271170846835, 1.0488042365702304
527.9591183647346, 1.0483859851836037
527.9911196447858, 1.0479438734558881
528.023120924837, 1.047477901387083
528.0551222048882, 1.0470208285281977
528.0871234849394, 1.046581844217424
528.1191247649906, 1.0461609484547614
528.1511260450418, 1.0457609277307736
528.183127325093, 1.045388502268916
528.2151286051442, 1.045043672069189
528.2471298851954, 1.0447184368261206
528.2791311652466, 1.044397955692639
528.3111324452979, 1.0440822286687446
528.343133725349, 1.0437712557544376
528.3751350054002, 1.0434648449326522
528.4071362854514, 1.0431629638849376
528.4391375655026, 1.0428656126112934
528.4711388455538, 1.042583957242779
528.503140125605, 1.042318968605691
528.5351414056563, 1.042070646700029
528.5671426857075, 1.0418359237771
528.5991439657587, 1.041610549449617
528.6311452458099, 1.0413945237175797
528.6631465258611, 1.0411711410896567
528.6951478059123, 1.0409230279043278
528.7271490859634, 1.0406501841615932
528.7591503660146, 1.0403526098614526
528.7911516460658, 1.040041449086785
528.823152926117, 1.0397168958192116
528.8551542061682, 1.0393809210363736
528.8871554862194, 1.0390639622639752
528.9191567662706, 1.0387660195020165
528.9511580463219, 1.0384870927504972
528.9831593263731, 1.0382060340791768
529.0151606064243, 1.037905330896127
529.0471618864755, 1.0375849832013477
529.0791631665267, 1.0372375200606407
529.1111644465778, 1.0368585888876976
529.143165726629, 1.036448189682518
529.1751670066803, 1.0360109198395737
529.2071682867315, 1.0355833870992
529.2391695667827, 1.0351655914613969
529.2711708468339, 1.0347628854272442
529.3031721268851, 1.034396237018634
529.3351734069363, 1.0340656462355668
529.3671746869875, 1.0337711130780425
529.3991759670387, 1.0335131159908357
529.4311772470899, 1.0332918836989795
529.463178527141, 1.033107416202474
529.4951798071922, 1.0329336785180543
529.5271810872434, 1.032763124260498
529.5591823672947, 1.032595753429805
529.5911836473459, 1.0324257626386653
529.6231849273971, 1.032234972810622
529.6551862074483, 1.0320233839456745
529.6871874874995, 1.0317852882612164
529.7191887675507, 1.0315099747412915
529.7511900476019, 1.0311974433858997
529.7831913276532, 1.0308476941950413
529.8151926077044, 1.03049000270245
529.8471938877556, 1.0301313326935855
529.8791951678068, 1.0297716841684477
529.911196447858, 1.0294685032187958
529.9431977279091, 1.0292267561257822
529.9751990079603, 1.0290464428894073
530.0072002880115, 1.028916714492822
530.0392015680627, 1.028819421649663
530.0712028481139, 1.0287545643599296
530.1032041281651, 1.0287049257762368
530.1352054082163, 1.0286528463580031
530.1672066882675, 1.028598326105229
530.1992079683188, 1.0285413650179138
530.23120924837, 1.028485951445994
530.2632105284212, 1.0284323361514556
530.2952118084723, 1.0283772523097208
530.3272130885235, 1.0282754352817514
530.3592143685747, 1.0281268850675471
530.3912156486259, 1.0279316016671083
530.4232169286772, 1.0276984624609655
530.4552182087284, 1.0274360652885492
530.4872194887796, 1.027144410149859
530.5192207688308, 1.0268555875512917
530.551222048882, 1.0265875382957266
530.5832233289332, 1.026340262383164
530.6152246089844, 1.0261120018140202
530.6472258890356, 1.025881255636822
530.6792271690867, 1.025648023851569
530.7112284491379, 1.0254121973297794
530.7432297291891, 1.0251733798312674
530.7752310092403, 1.0249315713560336
530.8072322892916, 1.0246867719040773
530.8392335693428, 1.0244409250510054
530.871234849394, 1.0241951070598516
530.9032361294452, 1.0239493179306167
530.9352374094964, 1.0237005080507315
530.9672386895476, 1.0234478711724733
530.9992399695988, 1.0231914072958415
531.03124124965, 1.0229359030141885
531.0632425297013, 1.0226991442141038
531.0952438097524, 1.0224811308955872
531.1272450898036, 1.0222779144565433
531.1592463698548, 1.0220826639038927
531.191247649906, 1.0218953792376357
531.2232489299572, 1.0217160604577722
531.2552502100084, 1.0215119480132928
531.2872514900596, 1.0212738525660066
531.3192527701108, 1.021001774115913
531.351254050162, 1.020699720956776
531.3832553302132, 1.0203679392570741
531.4152566102644, 1.0200064290168067
531.4472578903157, 1.0196231905414461
531.4792591703668, 1.019233064678064
531.511260450418, 1.0188360514266601
531.5432617304692, 1.018444056569873
531.5752630105204, 1.0180681403037957
531.6072642905716, 1.017708302628428
531.6392655706228, 1.0173645435437702
531.6712668506741, 1.017025696918762
531.7032681307253, 1.0166907919271082
531.7352694107765, 1.0163574089212615
531.7672706908277, 1.0160025286022183
531.7992719708789, 1.0156261509699787
531.83127325093, 1.0152282760245428
531.8632745309812, 1.0148256092572416
531.8952758110324, 1.0144355243295957
531.9272770910836, 1.0140580212416048
531.9592783711348, 1.0137096546578765
531.991279651186, 1.0133984953825745
532.0232809312372, 1.013124543415699
532.0552822112885, 1.012885827779608
532.0872834913397, 1.0126519109485979
532.1192847713909, 1.0124227929226688
532.1512860514421, 1.012197721881891
532.1832873314933, 1.011974440387545
532.2152886115445, 1.0117529484396304
532.2472898915956, 1.0115332460381479
532.2792911716468, 1.011322804117295
532.3112924516981, 1.011125975263381
532.3432937317493, 1.0109427594764053
532.3752950118005, 1.0107556942929068
532.4072962918517, 1.010561148403962
532.4392975719029, 1.0103591218095713
532.4712988519541, 1.010144262008654
532.5033001320053, 1.0098956009793179
532.5353014120565, 1.0096131387215632
532.5673026921077, 1.0093002386680925
532.5993039721589, 1.0089618156086853
532.63130525221, 1.0085978695433415
532.6633065322612, 1.008208400472061
532.6953078123125, 1.007819443378109
532.7273090923637, 1.0074385446467076
532.7593103724149, 1.0070657042778568
532.7913116524661, 1.0066992910860268
532.8233129325173, 1.006339280541296
532.8553142125685, 1.0059856726436638
532.8873154926197, 1.0056441751757372
532.919316772671, 1.0053254991534721
532.9513180527222, 1.0050296445768687
532.9833193327734, 1.0047623508249668
533.0153206128246, 1.004528045587576
533.0473218928757, 1.0043267288646955
533.0793231729269, 1.0041584006563264
533.1113244529781, 1.003965614870709
533.1433257330293, 1.003743405226691
533.1753270130805, 1.0034891751165136
533.2073282931317, 1.0031875222961262
533.2393295731829, 1.0028384467655291
533.2713308532341, 1.0024419485247218
533.3033321332854, 1.0020152444210901
533.3353334133366, 1.0015759939952151
533.3673346933878, 1.001124197247097
533.399335973439, 1.000658115157605
533.4313372534901, 1.000177086311292
533.4633385335413, 0.9996811107081578
533.4953398135925, 0.9991734551727802
533.5273410936437, 0.9986993843441976
533.559342373695, 0.9982588982224099
533.5913436537462, 0.9978541366518462
533.6233449337974, 0.9974899735632068
533.6553462138486, 0.9971664089564916
533.6873474938998, 0.9968834428317006
533.719348773951, 0.9966089846824374
533.7513500540022, 0.9963250937058225
533.7833513340534, 0.9960317699018558
533.8153526141045, 0.9957702060951666
533.8473538941557, 0.9955456940979084
533.8793551742069, 0.9953582339100812
533.9113564542581, 0.9952079346601673
533.9433577343094, 0.9950951925883519
533.9753590143606, 0.9950200076946352
534.0073602944118, 0.9949457004490639
534.039361574463, 0.9948305191985434
534.0713628545142, 0.9946744639430736
534.1033641345654, 0.9944775346826544
534.1353654146166, 0.9942427810298541
534.1673666946679, 0.993971009232396
534.199367974719, 0.9936646325675943
534.2313692547702, 0.9933698854009861
534.2633705348214, 0.9930867677325715
534.2953718148726, 0.9928152795623506
534.3273730949238, 0.9925593694924191
534.359374374975, 0.9923258685158556
534.3913756550262, 0.9921147766326605
534.4233769350774, 0.9919230334913908
534.4553782151286, 0.9917488570120597
534.4873794951798, 0.9915922471946673
534.519380775231, 0.9914532040392132
534.5513820552823, 0.991327719251934
534.5833833353335, 0.9912155466643512
534.6153846153846, 0.9911075346591629
534.6473858954358, 0.9909702301554553
534.679387175487, 0.9908036331532282
534.7113884555382, 0.9906077436524818
534.7433897355894, 0.9903706558705776
534.7753910156406, 0.9900813096114226
534.8073922956919, 0.9897397048750165
534.8393935757431, 0.9893814006395444
534.8713948557943, 0.9890153948766861
534.9033961358455, 0.9886416875864418
534.9353974158967, 0.9882626984163586
534.9673986959478, 0.9879014466654401
534.999399975999, 0.9875579323336859
535.0314012560502, 0.9872288626483329
535.0634025361014, 0.9869089048707804
535.0954038161526, 0.9865980590010286
535.1274050962038, 0.9862963250390773
535.159406376255, 0.9859871483203195
535.1914076563063, 0.985662458040591
535.2234089363575, 0.9853222541998918
535.2554102164087, 0.9849967111833582
535.2874114964599, 0.984686895007123
535.3194127765111, 0.9843928056711863
535.3514140565622, 0.9841151949954772
535.3834153366134, 0.9838563204187156
535.4154166166647, 0.9836161819409015
535.4474178967159, 0.9833667019076716
535.4794191767671, 0.9830849488333139
535.5114204568183, 0.9827709227178286
535.5434217368695, 0.9824246235612158
535.5754230169207, 0.9820635138269365
535.6074242969719, 0.9816912248239142
535.6394255770231, 0.9813131297649245
535.6714268570743, 0.9809635253632945
535.7034281371255, 0.9806424116190242
535.7354294171766, 0.9803497885321139
535.7674306972278, 0.9800822926698609
535.7994319772791, 0.9798350092424857
535.8314332573303, 0.979607938249988
535.8634345373815, 0.9793827973028064
535.8954358174327, 0.9791525079453492
535.9274370974839, 0.9789170701776168
535.9594383775351, 0.9786764839996086
535.9914396575863, 0.9784323805968544
536.0234409376375, 0.9781847844992768
536.0554422176888, 0.9779286755372809
536.08744349774, 0.9776527093210958
536.1194447777912, 0.9773568858507217
536.1514460578423, 0.9770412051261584
536.1834473378935, 0.9766999277683661
536.2154486179447, 0.9763286260875356
536.2474498979959, 0.9759273000836667
536.2794511780471, 0.9755270777131675
536.3114524580983, 0.975131685261094
536.3434537381495, 0.9747411227274462
536.3754550182007, 0.9743579867199819
536.4074562982519, 0.9739976794827521
536.4394575783032, 0.973660201015757
536.4714588583544, 0.9733405380564281
536.5034601384056, 0.973033256227909
536.5354614184567, 0.9727383555301999
536.5674626985079, 0.9724558359633007
536.5994639785591, 0.9721874365463417
536.6314652586103, 0.9719338186947701
536.6634665386616, 0.9716950523622356
536.6954678187128, 0.9714721110279245
536.727469098764, 0.9712649946918369
536.7594703788152, 0.9710737033539727
536.7914716588664, 0.9708960971699028
536.8234729389176, 0.970727302208927
536.8554742189688, 0.9705673184710454
536.88747549902, 0.9704148719775336
536.9194767790711, 0.9702692907382033
536.9514780591223, 0.9701305747530545
536.9834793391735, 0.9699987240220873
537.0154806192247, 0.9698325457206722
537.047481899276, 0.9696267480366559
537.0794831793272, 0.969382204755235
537.1114844593784, 0.9691016416417921
537.1434857394296, 0.9687850586963273
537.1754870194808, 0.9684324559188402
537.207488299532, 0.9680805128392844
537.2394895795832, 0.9677709811107544
537.2714908596344, 0.9675038607332505
537.3034921396857, 0.9672840577074223
537.3354934197368, 0.9671125679183935
537.367494699788, 0.9669893913661641
537.3994959798392, 0.9669121147734199
537.4314972598904, 0.9668345037746237
537.4634985399416, 0.9667565583697754
537.4954998199928, 0.9666655732319152
537.527501100044, 0.9665440180413756
537.5595023800952, 0.9663918927981565
537.5915036601464, 0.9662091975022581
537.6235049401976, 0.9659989925051227
537.6555062202488, 0.9657630598867374
537.6875075003001, 0.9655016569960129
537.7195087803512, 0.9652413348161316
537.7515100604024, 0.9649820933470936
537.7835113404536, 0.9647239325888989
537.8155126205048, 0.9644760041588494
537.847513900556, 0.9642717611378591
537.8795151806072, 0.9641112035259278
537.9115164606585, 0.9639991594343692
537.9435177407097, 0.9639388552808127
537.9755190207609, 0.9639302910652581
538.0075203008121, 0.9639734667877055
538.0395215808633, 0.9640328234699702
538.0715228609145, 0.9640993631403723
538.1035241409656, 0.9641694879989291
538.1355254210168, 0.9642278297083859
538.167526701068, 0.9642743882687428
538.1995279811192, 0.9643091636799995
538.2315292611704, 0.9643354487149197
538.2635305412216, 0.9643585761121038
538.2955318212728, 0.9643785458715519
538.3275331013241, 0.9643957010596614
538.3595343813753, 0.9644101382114968
538.3915356614265, 0.9644218573270581
538.4235369414777, 0.9644308584063451
538.4555382215289, 0.9644069670642221
538.48753950158, 0.9643491172845561
538.5195407816312, 0.9642603650554799
538.5515420616825, 0.9641458793604811
538.5835433417337, 0.9640056601995597
538.6155446217849, 0.9638397075727159
538.6475459018361, 0.9636760991343126
538.6795471818873, 0.963537766370062
538.7115484619385, 0.9634247092799638
538.7435497419897, 0.963280156538902
538.7755510220409, 0.9631019352510806
538.8075523020921, 0.9628900454164998
538.8395535821433, 0.9626391138223843
538.8715548621944, 0.9623148437554067
538.9035561422456, 0.9619172352155669
538.9355574222969, 0.961483607739176
538.9675587023481, 0.9610438645044985
538.9995599823993, 0.9605980055115345
539.0315612624505, 0.9601460307602838
539.0635625425017, 0.9597062226403084
539.0955638225529, 0.9592856596071994
539.1275651026041, 0.9588892489462574
539.1595663826554, 0.9585453241077238
539.1915676627066, 0.9582538850915979
539.2235689427578, 0.9580149318978802
539.255570222809, 0.9578334846961657
539.2875715028601, 0.9577208878762247
539.3195727829113, 0.9576771414380573
539.3515740629625, 0.9576479678469497
539.3835753430137, 0.9576143495826651
539.4155766230649, 0.9575762866452032
539.4475779031161, 0.9575337790345642
539.4795791831673, 0.9574556987943397
539.5115804632185, 0.9573383196394739
539.5435817432697, 0.9571867032318143
539.575583023321, 0.9570109479890415
539.6075843033722, 0.9568110539111556
539.6395855834234, 0.9565870209981567
539.6715868634745, 0.9563438625126128
539.7035881435257, 0.9560870128313806
539.7355894235769, 0.95581647195446
539.7675907036281, 0.955553676614381
539.7995919836794, 0.9553002982874976
539.8315932637306, 0.95505633697381
539.8635945437818, 0.9548217227196685
539.895595823833, 0.9545954820458866
539.9275971038842, 0.9543776149524646
539.9595983839354, 0.9541611332049047
539.9915996639866, 0.9539396349028444
540.0236009440378, 0.9537131200462838
540.055602224089, 0.9534815886352233
540.0876035041401, 0.9532463146483866
540.1196047841913, 0.9530079700759622
540.1516060642425, 0.9527692704301552
540.1836073442938, 0.9525507970002071
540.215608624345, 0.9523525497861178
540.2476099043962, 0.9521745287878873
540.2796111844474, 0.9520158602203188
540.3116124644986, 0.9518738183180299
540.3436137445498, 0.9517484030810205
540.375615024601, 0.9516165467974388
540.4076163046523, 0.9514689036631825
540.4396175847035, 0.9513054736782517
540.4716188647546, 0.9511262568426462
540.5036201448058, 0.950926347155716
540.535621424857, 0.9507047487323379
540.5676227049082, 0.9504614474395192
540.5996239849594, 0.9501964114071453
540.6316252650106, 0.949909640635216
540.6636265450618, 0.9496011351237315
540.695627825113, 0.9492836001996516
540.7276291051642, 0.9489745661826441
540.7596303852154, 0.9486740330727087
540.7916316652666, 0.9484119592042389
540.8236329453179, 0.9481915550615814
540.855634225369, 0.9480128206447359
540.8876355054202, 0.9478754986047921
540.9196367854714, 0.9477530379585677
540.9516380655226, 0.9476454387060622
540.9836393455738, 0.9475334816079451
541.015640625625, 0.9473979195964316
541.0476419056763, 0.9472387526715214
541.0796431857275, 0.9470559808332146
541.1116444657787, 0.9468447759701973
541.1436457458299, 0.9466019116648406
541.1756470258811, 0.9463286319946641
541.2076483059323, 0.9460365835558456
541.2396495859834, 0.9457257663483851
541.2716508660346, 0.9453961803722826
541.3036521460858, 0.9450514234275209
541.335653426137, 0.9447068638513545
541.3676547061882, 0.9443625016437835
541.3996559862394, 0.9440378759340711
541.4316572662907, 0.943741609151334
541.4636585463419, 0.943473701295572
541.4956598263931, 0.9432341523667851
541.5276611064443, 0.9430226192985759
541.5596623864955, 0.94283900555588
541.5916636665467, 0.9426656393835383
541.6236649465978, 0.942459585009841
541.6556662266491, 0.9422208424347882
541.6876675067003, 0.9419494116583799
541.7196687867515, 0.9416422366924831
541.7516700668027, 0.9412941485536102
541.7836713468539, 0.9409051472417609
541.8156726269051, 0.9405243988696105
541.8476739069563, 0.940157994269535
541.8796751870075, 0.9398059334415343
541.9116764670587, 0.9394682163856086
541.9436777471099, 0.9392016144268742
541.975679027161, 0.9390083004611267
542.0076803072122, 0.9388796315530255
542.0396815872634, 0.9388065545640635
542.0716828673147, 0.9387890694942407
542.1036841473659, 0.9388271763435572
542.1356854274171, 0.9388835555757017
542.1676867074683, 0.9389283040124099
542.1996879875195, 0.9389621753943097
542.2316892675707, 0.9389930312723329
542.2636905476219, 0.9390208716464797
542.2956918276732, 0.9390456965167502
542.3276931077244, 0.9390625985978436
542.3596943877756, 0.9390432444395191
542.3916956678268, 0.9389876340417769
542.4236969478779, 0.9388721443298221
542.4556982279291, 0.9386860130074371
542.4876995079803, 0.9384292400746224
542.5197007880315, 0.9381018255313777
542.5517020680827, 0.9377580469124167
542.5837033481339, 0.9374169217379769
542.6157046281851, 0.9370879234567485
542.6477059082363, 0.9367945903556995
542.6797071882876, 0.9365369224348297
542.7117084683388, 0.9363149196941392
542.74370974839, 0.9361235204717807
542.7757110284412, 0.9359526263500735
542.8077123084923, 0.9358022373290174
542.8397135885435, 0.9356703029225256
542.8717148685947, 0.9355565628893567
542.9037161486459, 0.9354610172295102
542.9357174286972, 0.9353836659429863
542.9677187087484, 0.9353030722972545
542.9997199887996, 0.9352175648159613
543.0317212688508, 0.9351269061268472
543.063722548902, 0.9350308474066481
543.0957238289532, 0.9349293886553642
543.1277251090044, 0.9348225298729956
543.1597263890555, 0.9347172592940399
543.1917276691067, 0.9346199788188593
543.2237289491579, 0.9345293552017345
543.2557302292091, 0.9344318272737037
543.2877315092603, 0.9343273950347666
543.3197327893116, 0.9342160584849233
543.3517340693628, 0.9340951021119687
543.383735349414, 0.9339439446266614
543.4157366294652, 0.9337625860290014
543.4477379095164, 0.9335605093076833
543.4797391895676, 0.9333419501859969
543.5117404696188, 0.933106908663942
543.5437417496701, 0.9328553847415189
543.5757430297213, 0.9326104461305794
543.6077443097724, 0.9323814386352258
543.6397455898236, 0.9321677323999304
543.6717468698748, 0.9319678106729086
543.703748149926, 0.9317816734541602
543.7357494299772, 0.9316093207436853
543.7677507100284, 0.9314507666744765
543.7997519900796, 0.9313060431166484
543.8317532701308, 0.9311751500702014
543.863754550182, 0.9310521902210723
543.8957558302332, 0.9309364793239663
543.9277571102845, 0.9308280173788837
543.9597583903357, 0.9307268043858241
543.9917596703868, 0.9306028820103942
544.023760950438, 0.9304530397682476
544.0557622304892, 0.9302847993834749
544.0877635105404, 0.9301057098369545
544.1197647905916, 0.9299157711286866
544.1517660706428, 0.929714983258671
544.1837673506941, 0.9295225654662387
544.2157686307453, 0.9293577648191746
544.2477699107965, 0.9292183370191431
544.2797711908477, 0.9290846517554824
544.3117724708989, 0.9289567090281926
544.34377375095, 0.9288345088372736
544.3757750310012, 0.9287168071052058
544.4077763110524, 0.9285919572358114
544.4397775911036, 0.9284599592290903
544.4717788711548, 0.928331115161612
544.503780151206, 0.9282097038982637
544.5357814312572, 0.9280957254390453
544.5677827113085, 0.9279891797839566
544.5997839913597, 0.9278705278037347
544.6317852714109, 0.9277311470692629
544.6637865514621, 0.9275636637755731
544.6957878315133, 0.9273517366202374
544.7277891115644, 0.9270953656032557
544.7597903916156, 0.926794550724628
544.7917916716669, 0.9264669637395132
544.8237929517181, 0.9261555404196211
544.8557942317693, 0.9258602807649516
544.8877955118205, 0.9256115599911879
544.9197967918717, 0.925412172111457
544.9517980719229, 0.9252621171257589
544.9837993519741, 0.9251613950340933
545.0158006320253, 0.9250608397237858
545.0478019120765, 0.9249543603624601
545.0798031921277, 0.9248319510121042
545.1118044721788, 0.9246844138445498
545.14380575223, 0.9245117488597967
545.1758070322813, 0.924313956057845
545.2078083123325, 0.9240996783740354
545.2398095923837, 0.923877968946875
545.2718108724349, 0.9236525407540035
545.3038121524861, 0.9234489723513609
545.3358134325373, 0.9232672637389472
545.3678147125885, 0.9231074149167624
545.3998159926397, 0.922968672144179
545.431817272691, 0.9228431738702645
545.4638185527422, 0.922730920095019
545.4958198327934, 0.9226075403365633
545.5278211128445, 0.9224641539537688
545.5598223928957, 0.9223007609466353
545.5918236729469, 0.9221173613151626
545.6238249529981, 0.9219375781341459
545.6558262330493, 0.9217721736998022
545.6878275131005, 0.9216253830869475
545.7198287931517, 0.9215054446213555
545.7518300732029, 0.9214123583030259
545.7838313532541, 0.9213461241319587
545.8158326333054, 0.9212972686594634
545.8478339133566, 0.9212422535985724
545.8798351934078, 0.9211810789492856
545.911836473459, 0.9211087170660963
545.9438377535101, 0.9210248842083016
545.9758390335613, 0.9209295803759014
546.0078403136125, 0.9208228055688961
546.0398415936638, 0.9207066102733718
546.071842873715, 0.9205812547305707
546.1038441537662, 0.9204614714677251
546.1358454338174, 0.9203591174591271
546.1678467138686, 0.9202741927047768
546.1998479939198, 0.9202066972046742
546.231849273971, 0.9201568683310786
546.2638505540222, 0.9201249549072541
546.2958518340733, 0.9201054833683007
546.3278531141245, 0.9200701422432301
546.3598543941757, 0.9200189315320424
546.3918556742269, 0.9199518512347375
