405.65278263913194, 2.152917061614421
405.68278413920694, 2.150555546621204
405.71278563928195, 2.1469380936380706
405.74278713935695, 2.141566861082104
405.77278863943195, 2.1295317889535665
405.80279013950695, 2.110832877252458
405.83279163958196, 2.0854701259787793
405.86279313965696, 2.05344353513253
405.89279463973196, 2.0147531047137095
405.922796139807, 1.9694417904829717
405.95279763988196, 1.9187799603213855
405.982799139957, 1.8731238538407697
406.012800640032, 1.832473471041125
406.042802140107, 1.796828811922451
406.07280364018203, 1.7661898764847481
406.10280514025703, 1.7405566647280164
406.13280664033203, 1.7218785043485
406.16280814040704, 1.7116921555590858
406.19280964048204, 1.7010571632514027
406.22281114055704, 1.689948107214347
406.25281264063204, 1.6783649874479187
406.28281414070705, 1.666307803952117
406.31281564078205, 1.6537765567269427
406.34281714085705, 1.6380668387992456
406.37281864093205, 1.6158818282489271
406.40282014100706, 1.594277487898104
406.43282164108206, 1.5741519372842014
406.46282314115706, 1.5555051764072363
406.49282464123206, 1.5383372052671997
406.52282614130706, 1.5226480238640923
406.55282764138207, 1.5097981749515714
406.58282914145707, 1.5023995309586538
406.61283064153207, 1.4973972105239075
406.6428321416071, 1.4939164605318977
406.6728336416821, 1.4919572809826283
406.7028351417571, 1.4915196718760955
406.7328366418321, 1.4926036332123027
406.7628381419071, 1.4951949172165904
406.7928396419821, 1.4992470756032483
406.8228411420571, 1.5047171526116228
406.8528426421321, 1.511583807758185
406.8828441422071, 1.5198470410429357
406.9128456422821, 1.5295068524658741
406.9428471423571, 1.5405632420270008
406.9728486424321, 1.553187742580652
407.0028501425071, 1.5685555668976263
407.03285164258216, 1.5847173872816809
407.0628531426571, 1.6001364435199277
407.09285464273216, 1.6148127356123674
407.1228561428071, 1.628746263559
407.15285764288217, 1.6419370273598253
407.18285914295717, 1.654278370806869
407.2128606430322, 1.6606445446002993
407.2428621431072, 1.6637399557132664
407.2728636431822, 1.6668614260658687
407.3028651432572, 1.6700089556581064
407.3328666433322, 1.6731825444899795
407.3628681434072, 1.676382192561488
407.3928696434822, 1.6796078998726318
407.4228711435572, 1.687395374531342
407.4528726436322, 1.6988119923667728
407.4828741437072, 1.7112458809499091
407.5128756437822, 1.7246970402807482
407.5428771438572, 1.7391654703592945
407.5728786439322, 1.754651171185544
407.6028801440072, 1.7711541427595003
407.6328816440822, 1.7858550110284117
407.6628831441572, 1.798096249242944
407.6928846442322, 1.8079243056888066
407.7228861443072, 1.815339180365997
407.7528876443822, 1.8203408732745214
407.7828891444572, 1.8229293844143732
407.8128906445322, 1.823104713785559
407.8428921446072, 1.8217316926270763
407.8728936446822, 1.819006337767452
407.9028951447572, 1.8137534364358872
407.9328966448322, 1.8059729886323819
407.96289814490723, 1.7956649943569356
407.99289964498223, 1.7828294536095486
408.02290114505723, 1.7674663663902206
408.05290264513224, 1.7507279676377674
408.08290414520724, 1.7335009156951036
408.11290564528224, 1.7209109598620618
408.1429071453573, 1.7129581001386418
408.17290864543224, 1.709642336524844
408.2029101455073, 1.7109636690206682
408.23291164558225, 1.716922097626114
408.2629131456573, 1.725826449658349
408.2929146457323, 1.735925496240712
408.3229161458073, 1.7426835292652716
408.3529176458823, 1.7456726301492147
408.3829191459573, 1.7448927988925416
408.4129206460323, 1.7403440354952524
408.4429221461073, 1.7320263399573468
408.4729236461823, 1.7211897659865723
408.5029251462573, 1.7098175567422262
408.5329266463323, 1.7007290862770577
408.56292814640733, 1.69459612911506
408.59292964648233, 1.6914186852562336
408.62293114655733, 1.691196754700582
408.65293264663234, 1.6939303374480985
408.68293414670734, 1.6987111493158102
408.71293564678234, 1.7032305723814682
408.74293714685734, 1.7066237754060751
408.77293864693235, 1.7085232087067668
408.80294014700735, 1.7089288722835434
408.83294164708235, 1.7078407661364052
408.86294314715735, 1.705258890265352
408.89294464723235, 1.7017144235195667
408.92294614730736, 1.699652545530646
408.95294764738236, 1.6979210213597788
408.98294914745736, 1.6957398488720217
409.01295064753236, 1.6931090280673748
409.04295214760737, 1.6900285589458375
409.07295364768237, 1.6864984415074105
409.10295514775737, 1.6822986572643712
409.1329566478324, 1.6747145183909369
409.1629581479074, 1.6654371975699391
409.1929596479824, 1.65621792367804
409.2229611480574, 1.6470566967152396
409.2529626481324, 1.6379535166815387
409.2829641482074, 1.628908383576936
409.31296564828244, 1.6199212974014325
409.3429671483574, 1.6131484700511343
409.37296864843245, 1.6074022659010554
409.40297014850745, 1.600699441791898
409.43297164858245, 1.5930399977236622
409.46297314865745, 1.584423933696348
409.49297464873246, 1.5748512497099556
409.52297614880746, 1.5643219457644846
409.55297764888246, 1.5522479072168534
409.58297914895746, 1.5394488765532583
409.61298064903247, 1.5282334716959431
409.64298214910747, 1.5186016926449066
409.67298364918247, 1.5105535394001497
409.7029851492575, 1.504089011961672
409.7329866493325, 1.4992081103294732
409.7629881494075, 1.5011797593108787
409.7929896494825, 1.5110749915895774
409.8229911495575, 1.5264486275339735
409.8529926496325, 1.5473006671440621
409.8829941497075, 1.5736311104198457
409.9129956497825, 1.6054399573613245
409.9429971498575, 1.6427272079684982
409.9729986499325, 1.6768743864423754
410.0030001500075, 1.7037575688360351
410.0330016500825, 1.7260914429752845
410.0630031501575, 1.7438760088601
410.0930046502325, 1.7571112664905049
410.1230061503075, 1.7657972158664756
410.1530076503825, 1.7699338569880245
410.1830091504575, 1.7735079512625795
410.2130106505325, 1.7796098677055963
410.2430121506075, 1.7860833944209684
410.2730136506825, 1.7928661133259347
410.3030151507575, 1.799958024420495
410.3330166508325, 1.8073591277046492
410.3630181509075, 1.8150694231783975
410.3930196509825, 1.822138852934135
410.4230211510576, 1.8274618227720816
410.4530226511325, 1.8316264473353194
410.4830241512076, 1.8347212683206309
410.51302565128253, 1.8367462857280161
410.5430271513576, 1.8377014995574747
410.5730286514326, 1.8375869098090067
410.6030301515076, 1.8379400003057942
410.6330316515826, 1.8414775664840044
410.6630331516576, 1.8429306835363126
410.6930346517326, 1.8406971399298464
410.7230361518076, 1.8347769356646058
410.7530376518826, 1.8251700707405905
410.7830391519576, 1.8118765451578007
410.8130406520326, 1.79510568910751
410.8430421521076, 1.7754501667510814
410.8730436521826, 1.7615284538875062
410.9030451522576, 1.7576844929514286
410.9330466523326, 1.7639182839428238
410.9630481524076, 1.780229826861716
410.9930496524826, 1.8066191217080814
411.0230511525576, 1.8418559820736506
411.05305265263263, 1.8795306531434224
411.08305415270763, 1.9156563735099685
411.11305565278263, 1.947142774157826
411.14305715285764, 1.9739898550870096
411.17305865293264, 1.996197616297505
411.20306015300764, 2.013766057789326
411.23306165308264, 2.0268039163246554
411.26306315315765, 2.036972968105465
411.29306465323265, 2.0452232710393607
411.32306615330765, 2.052660419326122
411.35306765338265, 2.0592844129657504
411.38306915345765, 2.0650952519582435
411.41307065353266, 2.0700929363036025
411.44307215360766, 2.0742774660018273
411.47307365368266, 2.0796114749328583
411.50307515375766, 2.0846345804876907
411.5330766538327, 2.086629987230159
411.56307815390767, 2.0855976951602617
411.5930796539827, 2.0815377042779994
411.6230811540577, 2.074450014583372
411.65308265413273, 2.0643346260763793
411.68308415420773, 2.052570189925923
411.71308565428274, 2.0391655403267275
411.74308715435774, 2.023528013117429
411.77308865443274, 2.0056576082980273
411.80309015450774, 1.9855543258685233
411.83309165458274, 1.9632181658289158
411.86309315465775, 1.9386491281792058
411.89309465473275, 1.9095259030956933
411.92309615480775, 1.8763653579733333
411.95309765488275, 1.8455772476271157
411.98309915495776, 1.81716157205704
412.01310065503276, 1.7911183312631138
412.04310215510776, 1.7674475252453226
412.07310365518276, 1.7461491540036802
412.10310515525777, 1.727695899942661
412.13310665533277, 1.7122151245353365
412.16310815540777, 1.6980450515797332
412.1931096554828, 1.685185681075851
412.2231111555578, 1.67363701302369
412.2531126556328, 1.66339904742325
412.2831141557078, 1.6544717842745298
412.3131156557828, 1.6492338490986729
412.3431171558578, 1.6494851898851048
412.3731186559328, 1.653263172753879
412.4031201560078, 1.6604906964908175
412.4331216560828, 1.6711677610959201
412.4631231561578, 1.6852943665691869
412.4931246562328, 1.7028705129106176
412.5231261563078, 1.7208127247767002
412.5531276563828, 1.7356713905741221
412.5831291564578, 1.7460678591339827
412.6131306565328, 1.7517839660702845
412.6431321566078, 1.7528197113830268
412.6731336566828, 1.74917509507221
412.70313515675787, 1.7408501171378339
412.7331366568328, 1.7290098272326981
412.76313815690787, 1.7155951202430657
412.7931396569829, 1.7029273059926366
412.8231411570579, 1.6917197034947484
412.8531426571329, 1.6819723127494013
412.8831441572079, 1.673685133756595
412.9131456572829, 1.6668581665163296
412.9431471573579, 1.661288944051112
412.9731486574329, 1.6564532590236942
413.0031501575079, 1.6518784290295887
413.0331516575829, 1.6473283558335416
413.0631531576579, 1.6428030394355533
413.0931546577329, 1.638302479835624
413.1231561578079, 1.6338266770337533
413.1531576578829, 1.6300054123558791
413.1831591579579, 1.6296592032582502
413.2131606580329, 1.6304094242197227
413.2431621581079, 1.6304561272508709
413.2731636581829, 1.6297993123517016
413.3031651582579, 1.6284389795222147
413.3331666583329, 1.6263751287624102
413.3631681584079, 1.6232422914426161
413.3931696584829, 1.615196808450745
413.4231711585579, 1.6053221551303154
413.4531726586329, 1.5970679430746328
413.4831741587079, 1.5904341722837034
413.5131756587829, 1.5854208427575212
413.54317715885793, 1.582027954496089
413.57317865893293, 1.5802555074994071
413.60318015900793, 1.5816369596270636
413.63318165908294, 1.5850203827818337
413.66318315915794, 1.5884648820774536
413.69318465923294, 1.5919704575139233
413.72318615930794, 1.5955371090912434
413.75318765938295, 1.5991648368094133
413.78318915945795, 1.6028536406684335
413.813190659533, 1.6054748458355017
413.84319215960795, 1.6071007514112245
413.873193659683, 1.6082555647328503
413.90319515975796, 1.6089392858003784
413.933196659833, 1.6091519146138091
413.963198159908, 1.6088934511731425
413.993199659983, 1.6081638954783783
414.023201160058, 1.6087976859503001
414.053202660133, 1.6106177369164758
414.083204160208, 1.6108035309206583
414.11320566028303, 1.6093550679628474
414.14320716035803, 1.6062723480430432
414.17320866043303, 1.601555371161246
414.20321016050804, 1.5952041373174555
414.23321166058304, 1.5856197871828976
414.26321316065804, 1.5725081601301847
414.29321466073304, 1.5597129152714047
414.32321616080804, 1.5472340526065513
414.35321766088305, 1.5350715721356307
414.38321916095805, 1.5232254738586373
414.41322066103305, 1.511695757775576
414.44322216110805, 1.5027776770714631
414.47322366118306, 1.4979130315183904
414.50322516125806, 1.4955683632567793
414.53322666133306, 1.4957305507310459
414.56322816140806, 1.4983995939411998
414.59322966148306, 1.5035754928872311
414.62323116155807, 1.5112582475691494
414.65323266163307, 1.5200471900631274
414.68323416170807, 1.5286537026770655
414.7132356617831, 1.5382064602437657
414.7432371618581, 1.5488356306401145
414.7732386619331, 1.5605412138661119
414.8032401620081, 1.573323209921758
414.8332416620831, 1.5871816188070524
414.86324316215814, 1.60138550519796
414.8932446622331, 1.6149574955696826
414.92324616230815, 1.6260631515014372
414.9532476623831, 1.6342497773397182
414.98324916245815, 1.6395173730845252
415.0132506625331, 1.6418659387358587
415.04325216260816, 1.641295474293718
415.0732536626831, 1.6397048586145995
415.10325516275816, 1.6408584021876436
415.13325666283316, 1.6463549643416246
415.16325816290816, 1.6568541743336023
415.19325966298317, 1.6723560321635766
415.22326116305817, 1.6928605378315469
415.25326266313317, 1.7183676913375139
415.2832641632082, 1.7472479727460684
415.3132656632832, 1.7744284600159805
415.3432671633582, 1.7976138999622313
415.3732686634332, 1.8153624928127294
415.4032701635082, 1.827674238567465
415.4332716635832, 1.8345491372264473
415.4632731636582, 1.835987188789667
415.4932746637332, 1.832746261183939
415.5232761638082, 1.829076272364959
415.5532776638832, 1.8263778902565588
415.5832791639582, 1.8259397325508302
415.6132806640332, 1.8277617992477813
415.6432821641082, 1.8318440903474036
415.6732836641832, 1.838186605849705
415.7032851642582, 1.8465173655364142
415.7332866643332, 1.8525709986763812
415.7632881644082, 1.8570784405936516
415.7932896644832, 1.8610170648130129
415.8232911645582, 1.8643868713344751
415.8532926646332, 1.8671878601580287
415.8832941647082, 1.869420031283678
415.9132956647832, 1.871083384711424
415.9432971648582, 1.8750832826545178
415.9732986649333, 1.8796139782444772
416.0033001650082, 1.8809111609921618
416.0333016650833, 1.8789748308975711
416.06330316515823, 1.8738049879607055
416.0933046652333, 1.8654016321815645
416.12330616530824, 1.8537647635601484
416.1533076653833, 1.8385013259792742
416.18330916545824, 1.8211863924024887
416.2133106655333, 1.806892884871023
416.24331216560824, 1.7956208033848773
416.2733136656833, 1.7873701479440505
416.3033151657583, 1.782140918548543
416.3333166658333, 1.779933115198355
416.3633181659083, 1.7789842652032992
416.3933196659833, 1.7780626625070688
416.4233211660583, 1.7729183891539575
416.4533226661333, 1.7635514451439613
416.4833241662083, 1.7499618304770888
416.5133256662833, 1.7321495451533309
416.5433271663583, 1.7101145891726965
416.5733286664333, 1.6857204170590774
416.60333016650833, 1.6600441361140068
416.63333166658333, 1.6373511170686332
416.66333316665833, 1.6176413599229489
416.69333466673334, 1.6009148646769622
416.72333616680834, 1.5871716313306654
416.75333766688334, 1.5764116598840652
416.78333916695834, 1.5693392820788796
416.81334066703334, 1.5664069668067697
416.84334216710835, 1.5647093518544901
416.87334366718335, 1.5641533052340209
416.90334516725835, 1.5647388269453684
416.93334666733335, 1.566465916988526
416.96334816740836, 1.5693345753635008
416.99334966748336, 1.5716583231879375
417.02335116755836, 1.5718793269482125
417.05335266763336, 1.5703906427615093
417.08335416770836, 1.567246717599689
417.11335566778337, 1.5624475514627516
417.1433571678584, 1.555993144350697
417.17335866793337, 1.5478834962635255
417.20336016800843, 1.5391567018571852
417.2333616680834, 1.5311822291408246
417.26336316815843, 1.5257225508046308
417.2933646682334, 1.523251504978106
417.32336616830844, 1.5237690916612499
417.3533676683834, 1.5272753108540627
417.38336916845844, 1.5337701625565443
417.41337066853345, 1.5426336938335161
417.44337216860845, 1.5526780554120314
417.47337366868345, 1.5620397927681893
417.50337516875845, 1.569913778818729
417.53337666883345, 1.5763000135636498
417.56337816890846, 1.5811984970029522
417.59337966898346, 1.5846092291366363
417.62338116905846, 1.5865617410472042
417.65338266913346, 1.5871422767135228
417.68338416920847, 1.585646504393871
417.71338566928347, 1.5816219551965869
417.74338716935847, 1.5750686291216633
417.7733886694335, 1.565986526169108
417.8033901695085, 1.554375646338913
417.8333916695835, 1.5407032947897843
417.8633931696585, 1.5272902063002942
417.8933946697335, 1.5158228597528058
417.9233961698085, 1.5078590886609349
417.9533976698835, 1.5033988930246884
417.9833991699585, 1.5024422728440594
418.0134006700335, 1.5049892281190553
418.0434021701085, 1.5107863798268124
418.0734036701835, 1.5169410400654093
418.1034051702585, 1.5224151141789009
418.1334066703335, 1.525839134158138
418.1634081704085, 1.5272131000031208
418.1934096704835, 1.526537011713849
418.2234111705585, 1.5238108692903236
418.25341267063357, 1.5190346727325434
418.2834141707085, 1.5126369327050881
418.31341567078357, 1.5052402482833755
418.3434171708585, 1.4980324687403526
418.3734186709336, 1.4910135940760199
418.4034201710085, 1.484183624290377
418.4334216710836, 1.477542559383424
418.4634231711585, 1.4710903993551607
418.4934246712336, 1.467011150120202
418.5234261713086, 1.4654976796757009
418.5534276713836, 1.4664637440427926
418.5834291714586, 1.4699093432214771
418.6134306715336, 1.4758344772117542
418.6434321716086, 1.484239146013624
418.6734336716836, 1.4951233496270866
418.7034351717586, 1.5073392926611222
418.7334366718336, 1.52017059606797
418.7634381719086, 1.5312965250690511
418.7934396719836, 1.5407170796643577
418.8234411720586, 1.548432259853897
418.8534426721336, 1.5544420656376623
418.8834441722086, 1.5587464970156604
418.9134456722836, 1.5618650663875873
418.9434471723586, 1.564237308848984
418.9734486724336, 1.5687559123017676
419.0034501725086, 1.57542087674594
419.0334516725836, 1.5842322021814967
419.0634531726586, 1.5951898886084421
419.0934546727336, 1.6082939360267725
419.12345617280863, 1.6221015251560258
419.15345767288363, 1.6358394917465113
419.18345917295864, 1.6490793251336455
419.21346067303364, 1.6618183791771943
419.24346217310864, 1.6740566538771526
419.27346367318364, 1.6857941492335229
419.30346517325864, 1.6970308652463055
419.33346667333365, 1.7076343714301914
419.3634681734087, 1.717503284973936
419.39346967348365, 1.7244535999629247
419.4234711735587, 1.7282629173175004
419.45347267363366, 1.7289312370376633
419.4834741737087, 1.7264585591234134
419.51347567378366, 1.7208448835747507
419.5434771738587, 1.7142045143206333
419.57347867393366, 1.7088089264801558
419.6034801740087, 1.7058059154443381
419.63348167408367, 1.7054445551022424
419.6634831741587, 1.7077248454538685
419.69348467423373, 1.7126467864992163
419.72348617430873, 1.7202103782382858
419.75348767438373, 1.7301014284952814
419.78348917445874, 1.7418450308682039
419.81349067453374, 1.7549216729573496
419.84349217460874, 1.7691451986900415
419.87349367468374, 1.7845156080662832
419.90349517475875, 1.8010329010860713
419.93349667483375, 1.8186970777494091
419.96349817490875, 1.8357612938288383
419.99349967498375, 1.8484205724651737
420.02350117505875, 1.8581177329388774
420.05350267513376, 1.8656259394996395
420.08350417520876, 1.8709451921474647
420.11350567528376, 1.8740754908823416
420.14350717535876, 1.8750168357042882
420.17350867543377, 1.8745300116333865
420.20351017550877, 1.8751403116399437
420.23351167558377, 1.8769801662092673
420.2635131756588, 1.880150958152603
420.2935146757338, 1.8846526874699503
420.3235161758088, 1.8904853541613096
420.3535176758838, 1.89764895822668
420.3835191759588, 1.9059873641537315
420.4135206760338, 1.9146073282770932
420.4435221761088, 1.9213945466678075
420.4735236761838, 1.924077544206779
420.5035251762588, 1.9226563208940077
420.53352667633385, 1.917130876729494
420.5635281764088, 1.9075012117132373
420.59352967648385, 1.8938879302918337
420.6235311765588, 1.8779853224798249
420.65353267663386, 1.8601075804530076
420.6835341767088, 1.8407296106133804
420.71353567678386, 1.8198514129609435
420.7435371768588, 1.7974729874956965
420.77353867693387, 1.77359433421764
420.80354017700887, 1.7482154531267735
420.8335416770839, 1.7211887502542649
420.8635431771589, 1.6942587476326632
420.8935446772339, 1.6712304221211578
420.9235461773089, 1.6521037737197488
420.9535476773839, 1.6368788024284362
420.9835491774589, 1.6255555082472193
421.0135506775339, 1.6181338911761054
421.0435521776089, 1.6142755342169055
421.0735536776839, 1.61318328619226
421.1035551777589, 1.6123318541318616
421.1335566778339, 1.6117212380357113
421.1635581779089, 1.6113514379038079
421.1935596779839, 1.6112224537361526
421.2235611780589, 1.6113342855327448
421.2535626781339, 1.6104643185952379
421.2835641782089, 1.6085036083147464
421.3135656782839, 1.6063453983566474
421.3435671783589, 1.6039896887209348
421.3735686784339, 1.601436479407614
421.4035701785089, 1.59868577041668
421.4335716785839, 1.595737561748138
421.4635731786589, 1.5940185206557171
421.4935746787339, 1.593906540589245
421.5235761788089, 1.5937073315341785
421.5535776788839, 1.5934208934905183
421.5835791789589, 1.5930472264582638
421.61358067903393, 1.5925863304374153
421.643582179109, 1.5920382054279725
421.67358367918393, 1.5908380691452195
421.703585179259, 1.5886958879274315
421.73358667933394, 1.5857592557434412
421.763588179409, 1.5820304947881536
421.79358967948394, 1.5775096050615685
421.823591179559, 1.572196586563686
421.85359267963395, 1.5660914392945064
421.883594179709, 1.5600682454349137
421.913595679784, 1.554758031255694
421.943597179859, 1.5504992137550218
421.973598679934, 1.5473281590901737
422.003600180009, 1.5452448672611487
422.033601680084, 1.5442493382679476
422.063603180159, 1.5443415721105704
422.093604680234, 1.544767661105022
422.123606180309, 1.544777240577984
422.153607680384, 1.5455929252278042
422.18360918045903, 1.547479795175697
422.21361068053403, 1.5504378504216574
422.24361218060903, 1.554467090965691
422.27361368068404, 1.559567516807792
422.30361518075904, 1.565877127623343
422.33361668083404, 1.5735849307601375
422.36361818090904, 1.581264258964446
422.39361968098405, 1.588416614339846
422.42362118105905, 1.5950419968863374
422.45362268113405, 1.6011404066039205
422.48362418120905, 1.606711843492595
422.51362568128405, 1.6114873081204413
422.54362718135906, 1.614952083293958
422.57362868143406, 1.6176709512978587
422.60363018150906, 1.6199339457938713
422.63363168158406, 1.6217410667819925
422.66363318165907, 1.6230923142622238
422.69363468173407, 1.6239876882345659
422.72363618180907, 1.6243945771955748
422.75363768188413, 1.6242224650992385
422.7836391819591, 1.6225972697646716
422.81364068203413, 1.6188879649210886
422.8436421821091, 1.6130945505684895
422.87364368218414, 1.6052170267068746
422.9036451822591, 1.5952553933362434
422.93364668233414, 1.583597309980408
422.9636481824091, 1.571929492719765
422.99364968248415, 1.5610058492383083
423.0236511825591, 1.5515767442093573
423.05365268263415, 1.5436421776329117
423.08365418270915, 1.5372021495089712
423.11365568278416, 1.532256659837536
423.14365718285916, 1.528631541592436
423.17365868293416, 1.5249074459907366
423.20366018300916, 1.520946373357061
423.23366168308416, 1.51655931634361
423.26366318315917, 1.5117462749503838
423.29366468323417, 1.5065072491773823
423.3236661833092, 1.5008422390246052
423.3536676833842, 1.4947989503553951
423.3836691834592, 1.4898153225086719
423.4136706835342, 1.4861603549163562
423.4436721836092, 1.4843487647719487
423.4736736836842, 1.4843805520754514
423.5036751837592, 1.4862557168268637
423.5336766838342, 1.4899742590261853
423.5636781839092, 1.4955361786734183
423.5936796839842, 1.501060108314517
423.6236811840592, 1.5064906720920275
423.6536826841342, 1.511918386051966
423.6836841842092, 1.5173432501943296
423.7136856842842, 1.5227652645191216
423.7436871843592, 1.5281844290263384
423.7736886844342, 1.5336007437159824
423.8036901845092, 1.539426930443784
423.8336916845842, 1.5453321814830463
423.8636931846592, 1.5496297807533728
423.8936946847342, 1.5523197282547643
423.9236961848093, 1.5534020239872197
423.9536976848842, 1.5528766679507398
423.9836991849593, 1.5507436601453244
424.0137006850342, 1.5466803328149155
424.0437021851093, 1.5407816608994152
424.0737036851842, 1.5344669931817585
424.1037051852593, 1.5277363296619453
424.13370668533423, 1.5205896703399762
424.1637081854093, 1.5130270152158505
424.1937096854843, 1.5050483642895682
424.2237111855593, 1.4980945800010228
424.2537126856343, 1.4926580970635481
424.2837141857093, 1.4873009761382237
424.3137156857843, 1.4820232172250496
424.3437171858593, 1.4768248203240255
424.3737186859343, 1.471705785435152
424.4037201860093, 1.4666661125584268
424.4337216860843, 1.460745762263885
424.4637231861593, 1.4534326376388924
424.4937246862343, 1.4466081061374938
424.5237261863093, 1.4403601551205871
424.5537276863843, 1.4346887845881682
424.5837291864593, 1.4295939945402405
424.6137306865343, 1.4250757849768005
424.6437321866093, 1.4219290908949114
424.67373368668433, 1.4207358758233342
424.70373518675933, 1.4210834179063339
424.73373668683433, 1.4229148653468
424.76373818690934, 1.4262302181447277
424.79373968698434, 1.4310294763001215
424.82374118705934, 1.4373126398129772
424.85374268713434, 1.444483725922625
424.88374418720935, 1.451953706597583
424.91374568728435, 1.4600452495939087
424.94374718735935, 1.4688375469978696
424.97374868743435, 1.4783305988094666
425.00375018750935, 1.4885244050286992
425.0337516875844, 1.4994189656555674
425.06375318765936, 1.5105323341171402
425.0937546877344, 1.5212228502854834
425.12375618780936, 1.5300496517207034
425.1537576878844, 1.5364725978461249
425.18375918795937, 1.5404916886617477
425.2137606880344, 1.542106924167572
425.2437621881094, 1.5413183043635972
425.27376368818443, 1.5391103475100265
425.30376518825943, 1.5372693399813677
425.33376668833444, 1.536755321207589
425.36376818840944, 1.5380803881013214
425.39376968848444, 1.541244540662565
425.42377118855944, 1.5462477788913194
425.45377268863444, 1.553090102787585
425.48377418870945, 1.561079336903265
425.51377568878445, 1.5684540811953742
425.54377718885945, 1.5744194006668526
425.57377868893445, 1.578393331788938
425.60378018900946, 1.5803758745616339
425.63378168908446, 1.5803670289849365
425.66378318915946, 1.5783667950588498
425.69378468923446, 1.5746340886712844
425.72378618930946, 1.5701470549203236
425.75378768938447, 1.5655016765666359
425.78378918945947, 1.5612869816417048
425.81379068953447, 1.5575029701455292
425.8437921896095, 1.55414964207811
425.8737936896845, 1.5512269974394466
425.9037951897595, 1.5485919677765707
425.9337966898345, 1.5453424579581554
425.9637981899095, 1.541960414557129
425.9937996899845, 1.539087497701429
426.0238011900595, 1.536723707391052
426.0538026901345, 1.5348690436259997
426.0838041902095, 1.5335235064062716
426.1138056902845, 1.5328014398221046
426.14380719035955, 1.5343511703752277
426.1738086904345, 1.5371881798054376
426.20381019050956, 1.5395261817382269
426.2338116905845, 1.5413651761735965
426.26381319065956, 1.5427051631115445
426.2938146907345, 1.5435461425520725
426.32381619080957, 1.5438881144951802
426.3538176908845, 1.5422327315889395
426.38381919095957, 1.5392619918672539
426.4138206910345, 1.5367372953731095
426.4438221911096, 1.5346586421065067
426.4738236911846, 1.533026032067445
426.5038251912596, 1.5318394652559244
426.5338266913346, 1.5310989416719447
426.5638281914096, 1.5310781615151088
426.5938296914846, 1.5315413516729453
426.6238311915596, 1.531510367047375
426.6538326916346, 1.530985207638399
426.6838341917096, 1.5299658734460164
426.7138356917846, 1.528452364470228
426.7438371918596, 1.5264446807110326
426.7738386919346, 1.5243058793997903
426.8038401920096, 1.5222424854709047
426.8338416920846, 1.521156594055703
426.8638431921596, 1.5210482051541885
426.8938446922346, 1.5219173187663586
426.9238461923096, 1.5237639348922145
426.9538476923846, 1.526588053531757
426.9838491924596, 1.5299793042875807
427.0138506925346, 1.5337081371251502
427.0438521926096, 1.5361262255427375
427.0738536926846, 1.5372335695403412
427.1038551927596, 1.5370301691179626
427.1338566928346, 1.5355160242756005
427.16385819290963, 1.532691135013256
427.19385969298463, 1.5288792491031846
427.22386119305963, 1.5242121005678126
427.25386269313464, 1.5201880367590677
427.28386419320964, 1.5168172350911426
427.3138656932847, 1.5140996955640378
427.34386719335964, 1.5120354181777527
427.3738686934347, 1.5106244029322877
427.40387019350965, 1.510190538566585
427.4338716935847, 1.510915096032169
427.46387319365965, 1.5125243751294366
427.4938746937347, 1.5149952330829448
427.52387619380966, 1.5183276698926935
427.5538776938847, 1.5225216855586832
427.5838791939597, 1.527577280080913
427.6138806940347, 1.5325698562355905
427.6438821941097, 1.5368074164586158
427.6738836941847, 1.5399269035186305
427.7038851942597, 1.5418648609341985
427.7338866943347, 1.5426212887053194
427.76388819440973, 1.5421961868319933
427.79388969448473, 1.5405895553142201
427.82389119455974, 1.5384213545920888
427.85389269463474, 1.5363038526413184
427.88389419470974, 1.5346474198593134
427.91389569478474, 1.5335672621903733
427.94389719485974, 1.5330633796344975
427.97389869493475, 1.5331357721916865
428.00390019500975, 1.5337844398619402
428.03390169508475, 1.5346598731847574
428.06390319515975, 1.5353075536475982
428.09390469523476, 1.535403733478208
428.12390619530976, 1.5348166786541595
428.15390769538476, 1.5335463891754544
428.18390919545976, 1.5315928650420911
428.21391069553476, 1.5289561062540713
428.24391219560977, 1.52599953790887
428.27391369568477, 1.5233508630348644
428.30391519575977, 1.520686192893113
428.3339166958348, 1.5178242565320912
428.3639181959098, 1.5147650539517987
428.3939196959848, 1.5115085851522359
428.42392119605984, 1.5080548501334028
428.4539226961348, 1.5040397327183035
428.48392419620984, 1.4986098065705018
428.5139256962848, 1.4926896689137916
428.54392719635985, 1.4869713173122714
428.5739286964348, 1.4814547517659413
428.60393019650985, 1.4761399722748014
428.6339316965848, 1.471026978838852
428.66393319665985, 1.466467831200242
428.69393469673486, 1.463629048542294
428.72393619680986, 1.4618906704249204
428.75393769688486, 1.4606404288724004
428.78393919695986, 1.4598783238847342
428.81394069703487, 1.459604355461922
428.84394219710987, 1.4598185236039636
428.87394369718487, 1.4605158156233466
428.9039451972599, 1.4616708670491214
428.9339466973349, 1.46363318734179
428.9639481974099, 1.4668572950138918
428.9939496974849, 1.4713431900654244
429.0239511975599, 1.47709087249639
429.0539526976349, 1.4841003423067867
429.0839541977099, 1.492205650151471
429.1139556977849, 1.4998896042741576
429.1439571978599, 1.5067887795773744
429.1739586979349, 1.5122754730327412
429.2039601980099, 1.5163496846402609
429.2339616980849, 1.5190114143999303
429.2639631981599, 1.5202606623117525
429.2939646982349, 1.5201202766064559
429.3239661983099, 1.5192688126115803
429.3539676983849, 1.518070386504121
429.3839691984599, 1.517378424620515
429.4139706985349, 1.517192926960762
429.4439721986099, 1.5175138935248615
429.4739736986849, 1.5183413243128143
429.5039751987599, 1.51967521932462
429.533976698835, 1.522312257965475
429.5639781989099, 1.5259276064633875
429.593979698985, 1.529354745635034
429.6239811990599, 1.5325936754804146
429.653982699135, 1.5356443959995287
429.68398419920993, 1.5385069071923767
429.713985699285, 1.5411812090589587
429.74398719935994, 1.543693029494421
429.773988699435, 1.5460501848411923
429.80399019950994, 1.5482780395702211
429.833991699585, 1.5503765936815086
429.86399319966, 1.552345847175054
429.893994699735, 1.5541858000508577
429.92399619981, 1.5558964523089198
429.953997699885, 1.555914903274254
429.98399919996, 1.5541025555791552
430.014000700035, 1.5519766009799068
430.04400220011, 1.5495370394765056
430.074003700185, 1.5467838710689545
430.10400520026, 1.5437170957572504
430.134006700335, 1.5403367135413966
430.16400820041, 1.5379735358457376
430.194009700485, 1.536996633080183
430.22401120056, 1.5367274499171926
430.25401270063503, 1.5371659863567673
430.28401420071003, 1.538312242398907
430.31401570078503, 1.5401662180436109
430.34401720086004, 1.5427279132908802
430.37401870093504, 1.545916794322586
430.40402020101004, 1.549699724970692
430.43402170108504, 1.5532800258299995
430.46402320116005, 1.5566304709303538
430.49402470123505, 1.5597510602717541
430.52402620131005, 1.5626417938542017
430.55402770138505, 1.565302671677695
430.58402920146005, 1.5678407831203007
430.61403070153506, 1.5703151011575343
430.64403220161006, 1.5726998978942506
430.67403370168506, 1.5749923696755321
430.7040352017601, 1.5771925165013798
430.73403670183507, 1.5793003383717936
430.7640382019101, 1.5813158352867729
430.79403970198507, 1.5825541983274185
430.82404120206013, 1.5825229030530308
430.8540427021351, 1.5827848501385957
430.88404420221013, 1.5836445862969637
430.9140457022851, 1.585102111528135
430.94404720236014, 1.58715742583211
430.97404870243514, 1.5898105292088878
431.00405020251014, 1.594034522882194
431.03405170258515, 1.600731810874247
431.06405320266015, 1.6085715817607
431.09405470273515, 1.6171619169009144
431.12405620281015, 1.6265028162948911
431.15405770288515, 1.6365942799426292
431.18405920296016, 1.6474363078441283
431.21406070303516, 1.6579480799258768
431.24406220311016, 1.6668424850041745
431.27406370318516, 1.674200056897151
431.30406520326017, 1.6800539317728418
431.33406670333517, 1.684404109631249
431.36406820341017, 1.687250590472371
431.3940697034852, 1.6885933742962074
431.4240712035602, 1.6886083379689099
431.4540727036352, 1.687565501710362
431.4840742037102, 1.6853577761425003
431.5140757037852, 1.6819261882898056
431.5440772038602, 1.6772707381522807
431.5740787039352, 1.671391425729923
431.6040802040102, 1.6642882510227346
431.6340817040852, 1.6563132465446886
431.6640832041602, 1.6481720844139018
431.6940847042352, 1.6405495735492746
431.7240862043102, 1.633938238391506
431.7540877043852, 1.6283380789405961
431.7840892044602, 1.6237490951965452
431.81409070453526, 1.620171287159353
431.8440922046102, 1.617633416286115
431.87409370468527, 1.616212608427274
431.9040952047602, 1.6149357623591054
431.93409670483527, 1.6129004740593893
431.9640982049102, 1.6101067435281262
431.9940997049853, 1.6065545707653157
432.0241012050602, 1.6022439557709578
432.0541027051353, 1.5970169349088186
432.0841042052103, 1.5902822004459856
432.1141057052853, 1.5831205724559727
432.1441072053603, 1.5768191621224776
432.1741087054353, 1.5713779694455
432.2041102055103, 1.5667969944250406
432.2341117055853, 1.5630762370610989
432.2641132056603, 1.560194174590357
432.2941147057353, 1.558029247894158
432.3241162058103, 1.556405580106348
432.3541177058853, 1.5550531510070449
432.3841192059603, 1.5539719605962463
432.4141207060353, 1.553162008873955
432.4441222061103, 1.5526232958401678
432.4741237061853, 1.5524372943045808
432.5041252062603, 1.5534235230116087
432.5341267063353, 1.5552299494472777
432.5641282064103, 1.5571509014934724
432.5941297064853, 1.5591863791501908
432.6241312065603, 1.5613363824174338
432.6541327066353, 1.563600911295201
432.6841342067103, 1.5659341834522469
432.7141357067853, 1.5668970870674888
432.74413720686033, 1.5664608606838275
432.77413870693533, 1.5645483784508243
432.80414020701033, 1.561159640368475
432.83414170708534, 1.5562946464367815
432.86414320716034, 1.5499533966557444
432.89414470723534, 1.5421358910253633
432.9241462073104, 1.5350552258143866
432.95414770738535, 1.5289339560214854
432.9841492074604, 1.5243633893795723
433.01415070753535, 1.5213435258886479
433.0441522076104, 1.5198743655487115
433.07415370768535, 1.5199559083597631
433.1041552077604, 1.521588154321803
433.13415670783536, 1.5224883070657491
433.1641582079104, 1.5224599538697887
433.19415970798536, 1.5216246538525808
433.2241612080604, 1.5199824070141255
433.2541627081354, 1.5175332133544226
433.2841642082104, 1.5142770728734725
433.31416570828543, 1.510213985571275
433.34416720836043, 1.5086145629214607
433.37416870843543, 1.5099543807169056
433.40417020851044, 1.5134139202131915
433.43417170858544, 1.5189931814103206
433.46417320866044, 1.5266921643082902
433.49417470873544, 1.536510868907103
433.52417620881045, 1.5484492952067566
433.55417770888545, 1.55869804211965
433.58417920896045, 1.5663295204529724
433.61418070903545, 1.5727828420278074
433.64418220911045, 1.578058006844158
433.67418370918546, 1.5821550149020167
433.70418520926046, 1.5850738662013957
433.73418670933546, 1.5868145607422843
433.76418820941046, 1.5885537583756897
433.79418970948547, 1.5907072327683058
433.82419120956047, 1.5910618876513865
433.85419270963547, 1.5895531316624916
433.8841942097105, 1.5861809648016234
433.9141957097855, 1.5809453870687797
433.9441972098605, 1.5738463984639621
433.9741987099355, 1.5657534731353924
434.0042002100105, 1.5570725313636176
434.0342017100855, 1.55008636951772
434.0642032101605, 1.5450129230828302
434.09420471023554, 1.541852192058948
434.1242062103105, 1.5406041764460736
434.15420771038555, 1.541268876244207
434.1842092104605, 1.5430497644746752
434.21421071053555, 1.5454688416149327
434.2442122106105, 1.545255496191349
434.27421371068556, 1.5418526796013556
434.3042152107605, 1.5352603918449526
434.33421671083556, 1.52547863292214
434.36421821091056, 1.5125074028329175
434.39421971098557, 1.496662954601817
434.42422121106057, 1.4781852422825916
434.45422271113557, 1.4608836669628447
434.4842242112106, 1.4457316001666312
434.5142257112856, 1.4327290418939511
434.5442272113606, 1.4218759921448045
434.5742287114356, 1.4131724509191954
434.6042302115106, 1.4071097449210497
434.6342317115856, 1.4041550003289252
434.6642332116606, 1.4031315572918155
434.6942347117356, 1.4036236421430266
434.7242362118106, 1.4056312548825565
434.7542377118856, 1.4091543955104067
434.7842392119606, 1.4141930640265779
434.8142407120356, 1.4201402003216446
434.8442422121106, 1.4262746921279135
434.8742437121856, 1.4317270652971634
434.9042452122606, 1.4360913995488462
434.9342467123356, 1.4393676948829635
434.9642482124106, 1.4415559512995129
434.9942497124856, 1.4426561687984971
435.0242512125606, 1.4429827022311361
435.0542527126356, 1.4430033548883914
435.0842542127106, 1.443514653748936
435.1142557127856, 1.4449945983353154
435.1442572128606, 1.447443188647529
435.1742587129356, 1.450860424685577
435.2042602130107, 1.4552463064494596
435.23426171308563, 1.46052132127179
435.2642632131607, 1.466535941949486
435.29426471323563, 1.4729739154580164
435.3242662133107, 1.479595287743627
435.35426771338564, 1.4864000588063182
435.3842692134607, 1.49338822864609
435.41427071353564, 1.5005597972629425
435.4442722136107, 1.5076357409537882
435.4742737136857, 1.5139421526475834
435.5042752137607, 1.5189877056403929
435.5342767138357, 1.5223052737536684
435.5642782139107, 1.5238948569874085
435.5942797139857, 1.5237564553416139
435.6242812140607, 1.5218900688162846
435.6542827141357, 1.5185625002088432
435.6842842142107, 1.5146239218530073
435.7142857142857, 1.5106813938582033
435.7442872143607, 1.5074560284921243
435.7742887144357, 1.5049478257547688
435.80429021451073, 1.5031567856461379
435.83429171458573, 1.5020829081662304
435.86429321466073, 1.5017742733173858
435.89429471473574, 1.5024422378091002
435.92429621481074, 1.5037724467901517
435.95429771488574, 1.5052970969695803
435.98429921496074, 1.507016188347384
436.01430071503574, 1.508929720923565
436.04430221511075, 1.5110376946981214
436.07430371518575, 1.5132434172382512
436.10430521526075, 1.514912100278332
436.13430671533575, 1.5161232564857496
436.16430821541076, 1.5170264130635875
436.19430971548576, 1.5176215700118452
436.22431121556076, 1.5179087273305227
436.25431271563576, 1.5178878850196202
436.28431421571076, 1.517499341659112
436.3143157157858, 1.516051458611009
436.34431721586077, 1.5138232595783994
436.37431871593583, 1.5114886516323267
436.4043202160108, 1.5090476347727915
436.43432171608583, 1.5065002089997936
436.4643232161608, 1.5038463743133332
436.49432471623584, 1.501116516216825
436.5243262163108, 1.4994001402691586
436.55432771638584, 1.4984304436729101
436.5843292164608, 1.4973572540943618
436.61433071653585, 1.4961805715335124
436.64433221661085, 1.4949003959903626
436.67433371668585, 1.493516727464912
436.70433521676085, 1.4920295659571605
436.73433671683586, 1.490476755136049
436.76433821691086, 1.4888111769186374
436.79433971698586, 1.4868214745954278
436.82434121706086, 1.4845076481664221
436.85434271713586, 1.4818696976316181
436.88434421721087, 1.4789076229910183
436.91434571728587, 1.4756214242446202
436.94434721736087, 1.4724085086328735
436.9743487174359, 1.4693983964940087
437.0043502175109, 1.4672258760936479
437.0343517175859, 1.4658909474317914
437.0643532176609, 1.4653936105084397
437.0943547177359, 1.4657338653235916
437.1243562178109, 1.466911711877249
437.1543577178859, 1.4678293334186931
437.1843592179609, 1.4683861356810095
437.2143607180359, 1.4692737573021883
437.2443622181109, 1.4704921982822274
437.2743637181859, 1.472041458621129
437.3043652182609, 1.4739215383188908
437.3343667183359, 1.4761324373755143
437.3643682184109, 1.4801444490717641
437.3943697184859, 1.4862458202031523
437.4243712185609, 1.4933470452107898
437.4543727186359, 1.5014481240946764
437.48437421871097, 1.5105490568548126
437.5143757187859, 1.520649843491198
437.544377218861, 1.531750484003832
437.5743787189359, 1.5419249772357937
437.604380219011, 1.5506031636971616
437.6343817190859, 1.557747199718996
437.664383219161, 1.5633561233818987
437.6943847192359, 1.5674299346858696
437.724386219311, 1.5699686336309089
437.754387719386, 1.5709722202170167
437.784389219461, 1.5714444507868253
437.814390719536, 1.5717724015556476
437.844392219611, 1.571558665283036
437.874393719686, 1.5707704140635619
437.904395219761, 1.5694076478972252
437.934396719836, 1.5674703667840262
437.964398219911, 1.564958570723963
437.994399719986, 1.561854163449398
438.024401220061, 1.5581483205543665
438.054402720136, 1.5549388587895867
438.084404220211, 1.5523860738419997
438.114405720286, 1.5504899657116034
438.144407220361, 1.5492505343984
438.174408720436, 1.5486677799023874
438.204410220511, 1.5487617306229609
438.234411720586, 1.5495444999620336
438.264413220661, 1.5495457946388393
438.29441472073603, 1.5484469823544524
438.32441622081103, 1.5462480631088722
438.35441772088603, 1.542949036902099
438.38441922096104, 1.5385499037341321
438.41442072103604, 1.533100308288123
438.44442222111104, 1.5266370273228427
438.47442372118604, 1.5210860619952133
438.50442522126104, 1.5170175717951557
438.53442672133605, 1.5144315567226696
438.56442822141105, 1.513328016777755
438.5944297214861, 1.513706951960412
438.62443122156105, 1.5152225343688224
438.6544327216361, 1.5175633507092432
438.68443422171106, 1.5197256446390415
438.7144357217861, 1.5213223399429054
438.74443722186106, 1.522353436620835
438.7744387219361, 1.5228189346728302
438.80444022201107, 1.522718834098891
438.8344417220861, 1.522317521417351
438.8644432221611, 1.5219033497293495
438.89444472223613, 1.521494415302528
438.92444622231113, 1.5210995425428484
438.95444772238613, 1.5207187314503106
438.98444922246114, 1.5203519820249143
439.01445072253614, 1.5199992942666596
439.04445222261114, 1.5196525741850164
439.07445372268614, 1.5193011302204422
439.10445522276115, 1.5189249339735436
439.13445672283615, 1.5185118720424067
439.16445822291115, 1.518061944427032
439.19445972298615, 1.5175751511274194
439.22446122306116, 1.517051492143569
439.25446272313616, 1.5163485481837864
439.28446422321116, 1.5152376761501989
439.31446572328616, 1.5136692313596578
439.34446722336116, 1.5116064370533893
439.37446872343617, 1.5090492932313946
439.40447022351117, 1.5059977998936729
439.43447172358617, 1.5024519570402248
439.4644732236612, 1.498606563731026
439.4944747237362, 1.4948445671332797
439.5244762238112, 1.4915117951488055
439.5544777238862, 1.4889196610713449
439.5844792239612, 1.487068164900899
439.6144807240362, 1.4859573066374672
439.6444822241112, 1.485587086281049
439.6744837241862, 1.4857579172589113
439.70448522426125, 1.485983371448894
439.7344867243362, 1.4859990623326635
439.76448822441125, 1.48551663680908
439.7944897244862, 1.4845360948781436
439.82449122456126, 1.483057436539854
439.8544927246362, 1.4810806617942114
439.88449422471126, 1.4787974012829712
439.9144957247862, 1.4767978543191025
439.94449722486127, 1.4750901148931355
439.9744987249362, 1.4736848745646125
440.00450022501127, 1.4725821333335336
440.0345017250863, 1.4717818911998986
440.0645032251613, 1.4712841481637073
440.0945047252363, 1.471062653114982
440.1245062253113, 1.4710121940498775
440.1545077253863, 1.4712751902600871
440.1845092254613, 1.472080284843484
440.2145107255363, 1.4734274778000676
440.2445122256113, 1.4753167691298386
440.2745137256863, 1.4777481588327959
440.3045152257613, 1.48068364861201
440.3345167258363, 1.4839155631395624
440.3645182259113, 1.4872491033554789
440.3945197259863, 1.4903013220925552
440.4245212260613, 1.4930722193507906
440.4545227261363, 1.4955617951301858
440.4845242262113, 1.4977700494307404
440.5145257262863, 1.4996729539376787
440.5445272263613, 1.5010762209392576
440.5745287264363, 1.5021794370082093
440.6045302265113, 1.5034690302666953
440.6345317265863, 1.5049450007147145
440.6645332266613, 1.506607348352268
440.6945347267363, 1.5084560731793544
440.7245362268113, 1.5105045140352202
440.7545377268863, 1.5129418520928348
440.78453922696133, 1.5155764567104426
440.81454072703633, 1.5178181285750747
440.84454222711133, 1.5196668676867309
440.8745437271864, 1.5211226740454118
440.90454522726134, 1.5221855476511168
440.9345467273364, 1.5228564113453469
440.96454822741134, 1.523176150565908
440.9945497274864, 1.523171016422779
441.02455122756135, 1.522946220919805
441.0545527276364, 1.5225017640569862
441.08455422771135, 1.5218376458343226
441.1145557277864, 1.5209538662518138
441.1445572278614, 1.5198504253094602
441.1745587279364, 1.519097289125397
441.2045602280114, 1.5187448672170605
441.2345617280864, 1.519000834912368
441.2645632281614, 1.5198651922113193
441.2945647282364, 1.5213379391139148
441.3245662283114, 1.523419075620154
441.3545677283864, 1.5261086017300365
441.38456922846143, 1.5285763328958375
441.41457072853643, 1.530789258606901
441.44457222861143, 1.5329416665749707
441.47457372868644, 1.5350335568000475
441.50457522876144, 1.5370649292821308
441.53457672883644, 1.5390357840212212
441.56457822891144, 1.5409461210173172
441.59457972898645, 1.5428810191387285
441.62458122906145, 1.5448373185117503
441.65458272913645, 1.546625837963413
441.68458422921145, 1.5482465774937164
441.71458572928645, 1.5496995371026614
441.74458722936146, 1.5509847167902469
441.77458872943646, 1.5521021165564735
441.80459022951146, 1.5527459498002636
441.83459172958646, 1.5528617463908843
441.86459322966147, 1.5524086208905281
441.89459472973647, 1.5513865732991956
441.92459622981147, 1.549795603616887
441.9545977298865, 1.5476357118436017
441.98459922996153, 1.5449068979793403
442.0146007300365, 1.5421782835914737
442.04460223011154, 1.5395840343914287
442.0746037301865, 1.5365541842610697
442.10460523026154, 1.5330763219798906
442.1346067303365, 1.529150447547892
442.16460823041155, 1.5247765609650736
442.1946097304865, 1.519954662231435
442.22461123056155, 1.514668420207383
442.25461273063655, 1.5089128983706592
442.28461423071155, 1.5035182812689898
442.31461573078656, 1.4985416077278053
442.34461723086156, 1.4939828777471065
442.37461873093656, 1.489842091326892
442.40462023101156, 1.4861192484671633
442.43462173108657, 1.4830224268078511
442.46462323116157, 1.4806297819334515
442.49462473123657, 1.4788562349756564
442.5246262313116, 1.477691606968924
442.5546277313866, 1.4771358979132543
442.5846292314616, 1.4771891078086472
442.6146307315366, 1.4778512366551027
442.6446322316116, 1.4790048765091455
442.6746337316866, 1.4805963931152157
442.7046352317616, 1.4829315730743915
442.7346367318366, 1.4860639636759059
442.7646382319116, 1.4899935649197578
442.7946397319866, 1.4947203768059487
442.8246412320616, 1.500244399334477
442.8546427321366, 1.5061844459714362
442.8846442322116, 1.512331913137561
442.9146457322866, 1.5181176792654791
442.9446472323616, 1.523407578643765
442.9746487324366, 1.5282016112724182
443.0046502325116, 1.5324997771514388
443.0346517325866, 1.5363020762808268
443.0646532326616, 1.539666771490871
443.09465473273667, 1.5426316480129416
443.1246562328116, 1.5452130369866324
443.1546577328867, 1.5474158749342022
443.1846592329616, 1.5492401618556497
443.2146607330367, 1.5506858977509754
443.2446622331116, 1.5517530826201797
443.2746637331867, 1.5526049792850074
443.30466523326163, 1.5533661144221707
443.3346667333367, 1.553828410391739
443.36466823341163, 1.553913711609216
443.3946697334867, 1.553622018074603
443.4246712335617, 1.5529533297878986
443.4546727336367, 1.5519076467491033
443.4846742337117, 1.5504929137639516
443.5146757337867, 1.5487162212921899
443.5446772338617, 1.5466949772772935
443.5746787339367, 1.5444828159748207
443.6046802340117, 1.5420797373847728
443.6346817340867, 1.5394857415071486
443.6646832341617, 1.5367008283419497
443.6946847342367, 1.5335700335906952
443.7246862343117, 1.529932022703588
443.7546877343867, 1.526167982214535
443.7846892344617, 1.5224865157028014
443.8146907345367, 1.5188876231683877
443.8446922346117, 1.5153713046112929
443.87469373468673, 1.5119375600315186
443.90469523476173, 1.5087877503065004
443.93469673483673, 1.5061661426326816
443.96469823491174, 1.504014474179774
443.99469973498674, 1.502294959716407
444.02470123506174, 1.5010075992425813
444.05470273513674, 1.5001523927582958
444.08470423521175, 1.4997293402635516
444.11470573528675, 1.4996047527730594
444.14470723536175, 1.499589552734961
444.17470873543675, 1.4995204773275117
444.20471023551175, 1.4992729998739978
444.23471173558676, 1.4988471203744196
444.2647132356618, 1.4982428388287772
444.29471473573676, 1.4974601552370703
444.3247162358118, 1.4965961367810487
444.35471773588677, 1.4958112282668092
444.3847192359618, 1.4950974848886174
444.41472073603677, 1.4944478161867274
444.44472223611183, 1.493862222161139
444.4747237361868, 1.4933407028118526
444.50472523626183, 1.492883258138868
444.53472673633684, 1.4924411300294496
444.56472823641184, 1.4919197129306312
444.59472973648684, 1.4914739711408929
444.62473123656184, 1.4912652392100327
444.65473273663684, 1.4912935171380506
444.68473423671185, 1.4915588049249464
444.71473573678685, 1.4920611025707207
444.74473723686185, 1.492831797945551
444.77473873693685, 1.4939428651539952
444.80474023701186, 1.4951929433186182
444.83474173708686, 1.496337765242976
444.86474323716186, 1.4973773309270673
444.89474473723686, 1.4983116403708938
444.92474623731187, 1.499140693574454
444.95474773738687, 1.4997942012899035
444.98474923746187, 1.5000798344208899
445.0147507375369, 1.5001312819527
445.0447522376119, 1.5001376214371942
445.0747537376869, 1.5000988528743715
445.1047552377619, 1.500014976264233
445.1347567378369, 1.4998859916067764
445.1647582379119, 1.4997073119463111
445.1947597379869, 1.499463755692228
445.2247612380619, 1.4990582556627792
445.2547627381369, 1.498330367051867
445.2847642382119, 1.497280089859492
445.3147657382869, 1.4959074240856534
445.3447672383619, 1.4942123697303515
445.37476873843696, 1.4923740431817838
445.4047702385119, 1.4911233267648896
445.43477173858696, 1.4905089785924048
445.4647732386619, 1.490625604217295
445.49477473873696, 1.4914732036395602
445.5247762388119, 1.4930517768592
445.55477773888697, 1.4953613238762147
445.5847792389619, 1.4982060110790054
445.614780739037, 1.5005731202717727
445.644782239112, 1.5024312635843384
445.674783739187, 1.5037084669121443
445.704785239262, 1.5044047302551902
445.734786739337, 1.5045200536134764
445.764788239412, 1.5040544369870021
445.794789739487, 1.5031034136630201
445.824791239562, 1.5023197823619836
445.854792739637, 1.5017738323317364
445.884794239712, 1.5016578926686324
445.914795739787, 1.5019719633726718
445.944797239862, 1.5027160444438539
445.974798739937, 1.5038901358821795
446.004800240012, 1.505427114941774
446.034801740087, 1.5066776700270124
446.064803240162, 1.5076463880935866
446.094804740237, 1.5083484507321059
446.124806240312, 1.5087838579425674
446.154807740387, 1.5089526097249735
446.184809240462, 1.5088547060793218
446.214810740537, 1.5085601827359059
446.244812240612, 1.5091637093585257
446.274813740687, 1.5104861695589824
446.304815240762, 1.5117966810123378
446.334816740837, 1.5130952437185898
446.36481824091203, 1.5143818576777408
446.39481974098703, 1.5156565228897896
446.42482124106203, 1.5168914977407
446.45482274113704, 1.5170864241037603
446.4848242412121, 1.516437135590569
446.51482574128704, 1.5159563503969253
446.5448272413621, 1.51564406852283
446.57482874143705, 1.5155002899682826
446.6048302415121, 1.5155250147332833
446.63483174158705, 1.5157182428178322
446.6648332416621, 1.5167074890480434
446.69483474173705, 1.518400852361223
446.7248362418121, 1.5201455340369174
446.75483774188706, 1.5219415340751272
446.7848392419621, 1.523788852475852
446.8148407420371, 1.5256874892390924
446.8448422421121, 1.5276374443648477
446.8748437421871, 1.5289459035028634
446.9048452422621, 1.5296525626237976
446.93484674233713, 1.530406733323276
446.96484824241213, 1.5312084156013002
446.99484974248713, 1.5320576094578677
447.02485124256214, 1.5329543148929807
447.05485274263714, 1.5338985319066374
447.08485424271214, 1.535214647634779
447.11485574278714, 1.536857040724314
447.14485724286214, 1.537731041511442
447.17485874293715, 1.537836649996166
447.20486024301215, 1.5371738661784826
447.23486174308715, 1.5357426900583946
447.26486324316215, 1.5335431216358997
447.29486474323716, 1.530881616683271
447.32486624331216, 1.5278205346934122
447.35486774338716, 1.5253602337930363
447.38486924346216, 1.5235007139821428
447.41487074353716, 1.5222419752607326
447.44487224361217, 1.5215840176288042
447.47487374368717, 1.5215268410863592
447.50487524376217, 1.5221718669779825
447.5348767438372, 1.5235345981063069
447.5648782439122, 1.524987519645218
447.5948797439872, 1.526526999370158
447.6248812440622, 1.5281530372811272
447.65488274413724, 1.5298656333781253
447.6848842442122, 1.5316647876611527
447.71488574428724, 1.5330735955463823
447.7448872443622, 1.533998999060551
447.77488874443725, 1.5351338125539127
447.8048902445122, 1.5365054628016834
447.83489174458725, 1.5381139498038627
447.8648932446622, 1.539959273560451
447.89489474473726, 1.5420414340714481
447.92489624481226, 1.5440409867372762
447.95489774488726, 1.5458812712018846
447.98489924496226, 1.5472379003293335
448.01490074503727, 1.5480864597424222
448.04490224511227, 1.5484269494411502
448.07490374518727, 1.5482593694255176
448.1049052452623, 1.5475837196955249
448.1349067453373, 1.5472664246238668
448.1649082454123, 1.547556709988943
448.1949097454873, 1.5481481200184815
448.2249112455623, 1.549006036833615
448.2549127456373, 1.5501304604343424
448.2849142457123, 1.5515213908206646
448.3149157457873, 1.5531788279925804
448.3449172458623, 1.5546359083311727
448.3749187459373, 1.5557346480434668
448.4049202460123, 1.5563736257848781
448.4349217460873, 1.5565373387527737
448.4649232461623, 1.5562257869471532
448.4949247462373, 1.5554389703680171
448.5249262463123, 1.554176889015365
448.5549277463873, 1.5519621060714908
448.5849292464623, 1.5486072271085933
448.6149307465373, 1.544589156710501
448.6449322466123, 1.5400009528504774
448.6749337466873, 1.5348426155285229
448.7049352467623, 1.5291141447446372
448.7349367468373, 1.5228155404988208
448.7649382469124, 1.5167944258407193
448.7949397469873, 1.5114324831593842
448.8249412470624, 1.507049157054394
448.85494274713733, 1.5037211078817985
448.8849442472124, 1.5014483356415982
448.91494574728733, 1.5002308403337925
448.9449472473624, 1.5000686219583816
448.97494874743734, 1.500635263259807
449.0049502475124, 1.5017635885165355
449.0349517475874, 1.5025871733558722
449.0649532476624, 1.502856791999418
449.0949547477374, 1.5025724444471722
449.1249562478124, 1.5017341306991352
449.1549577478874, 1.5003418507553066
449.1849592479624, 1.4987281884897292
449.2149607480374, 1.497085543291348
449.2449622481124, 1.495880778779082
449.2749637481874, 1.4952718787459034
449.3049652482624, 1.4952588431918132
449.3349667483374, 1.4958416721168102
449.3649682484124, 1.4970203655208956
449.3949697484874, 1.498296000153598
449.42497124856243, 1.4993443765008416
449.45497274863743, 1.5006429313803318
449.48497424871243, 1.5023790592198705
449.51497574878744, 1.5045527600194553
449.54497724886244, 1.5071640337790875
449.57497874893744, 1.5102128804987656
449.60498024901244, 1.5137003570313992
449.63498174908744, 1.5176272313080466
449.66498324916245, 1.5211458802790614
449.69498474923745, 1.523874621555392
449.72498624931245, 1.5258134551370397
449.75498774938745, 1.5269623810240032
449.78498924946246, 1.5273213992162826
449.81499074953746, 1.5271059657125166
449.84499224961246, 1.5264905119890122
449.8749937496875, 1.5258014553013282
449.90499524976246, 1.5252059713709973
449.9349967498375, 1.5247040601980193
449.96499824991247, 1.5242957217823945
449.9949997499875, 1.5239809561241222
450.0250012500625, 1.523811379794661
450.05500275013753, 1.5238334192215932
450.0850042502125, 1.5237144905308755
450.11500575028754, 1.5232621943335638
450.1450072503625, 1.5224765306296575
450.17500875043754, 1.521357499419157
450.20501025051254, 1.5199051007020623
450.23501175058755, 1.517893142381573
450.26501325066255, 1.5150961009147923
450.29501475073755, 1.5120128995521909
450.32501625081255, 1.5089677378078454
450.35501775088755, 1.505960615681756
450.38501925096256, 1.5029915331739216
450.41502075103756, 1.5000604902843444
450.44502225111256, 1.4978035301705066
450.47502375118756, 1.4969224519181255
450.50502525126257, 1.4974161986742907
450.53502675133757, 1.499284002507946
450.56502825141257, 1.502525863419089
450.5950297514876, 1.5071417814077217
450.6250312515626, 1.5131317564738445
450.6550327516376, 1.5196225084933452
450.6850342517126, 1.5255489603663999
450.7150357517876, 1.5306956560943743
450.7450372518626, 1.5348881642009577
450.7750387519376, 1.5381264846861535
450.8050402520126, 1.5404106175499586
450.8350417520876, 1.541740562792376
450.8650432521626, 1.5425322446952883
450.8950447522376, 1.5433460019484537
450.9250462523126, 1.5441302179804144
450.9550477523876, 1.5448384663635877
450.9850492524626, 1.5454707470979738
451.0150507525376, 1.546027060183573
451.04505225261266, 1.5465074056203851
451.0750537526876, 1.546814385469251
451.10505525276267, 1.5468030911484438
451.1350567528376, 1.5466997147547628
451.1650582529127, 1.5467297798311048
451.1950597529876, 1.5468932863774703
451.2250612530627, 1.547190234393859
451.2550627531376, 1.5476206238802712
451.2850642532127, 1.5482504043549425
451.3150657532877, 1.5491879562334394
451.3450672533627, 1.5497972363582775
451.3750687534377, 1.5493764456437413
451.4050702535127, 1.547925584089831
451.4350717535877, 1.5454446516965465
451.4650732536627, 1.5419336484638875
451.4950747537377, 1.5373501796040607
451.5250762538127, 1.5316172372756003
451.5550777538877, 1.5256081016026193
451.5850792539627, 1.5203878496849408
451.6150807540377, 1.5159564815225617
451.6450822541127, 1.5123139971154849
451.6750837541877, 1.5094603964637074
451.7050852542627, 1.5074345907401965
451.7350867543377, 1.506314791643022
451.7650882544127, 1.5056850748903017
451.7950897544877, 1.5049851017922773
451.8250912545627, 1.504214872348949
451.8550927546377, 1.5033743865603169
451.8850942547127, 1.5024636444263806
451.9150957547877, 1.5014222590796755
451.94509725486273, 1.5001157013898294
451.97509875493773, 1.498641369296
452.00510025501274, 1.4971441713799154
452.03510175508774, 1.4956241076415757
452.06510325516274, 1.4940811780809813
452.09510475523774, 1.4925153826981319
452.12510625531274, 1.491087863997192
452.1551077553878, 1.4901973763184828
452.18510925546275, 1.4897779701437688
452.2151107555378, 1.4897212650574823
452.24511225561275, 1.490027261059624
452.2751137556878, 1.4906959581501937
452.30511525576276, 1.4917273563291915
452.3351167558378, 1.493005194660768
452.36511825591276, 1.494209021760351
452.3951197559878, 1.4953812324157334
452.4251212560628, 1.49659883446838
452.4551227561378, 1.4978618279182907
452.4851242562128, 1.4991702127654651
452.51512575628783, 1.5005239890099036
452.54512725636283, 1.5018972962598018
452.57512875643783, 1.5032104608072259
452.60513025651284, 1.504424571479212
452.63513175658784, 1.5054614165776863
452.66513325666284, 1.506320996102649
452.69513475673784, 1.5070033100541
452.72513625681285, 1.5075083584320395
452.75513775688785, 1.5078807413222275
452.78513925696285, 1.5082747110449735
452.81514075703785, 1.5087506544677418
452.84514225711285, 1.5094431007209055
452.87514375718786, 1.5103520498044642
452.90514525726286, 1.5114775017184185
452.93514675733786, 1.5128194564627677
452.96514825741286, 1.5143548198417087
452.99514975748787, 1.5159934468752925
453.02515125756287, 1.5175741950593535
453.05515275763787, 1.5186983100535718
453.0851542577129, 1.519365791857947
453.1151557577879, 1.519576640472479
453.1451572578629, 1.5193308558971679
453.1751587579379, 1.5186400664324335
453.2051602580129, 1.517555836678681
453.2351617580879, 1.51619442757176
453.26516325816294, 1.5148762904962427
453.2951647582379, 1.513601425452129
453.32516625831295, 1.512369832439419
453.3551677583879, 1.5111815114581129
453.38516925846295, 1.5100429487137366
453.4151707585379, 1.5089870877197236
453.44517225861296, 1.5080397888678772
453.4751737586879, 1.5072807258661325
453.50517525876296, 1.5067098987144882
453.53517675883796, 1.5063273074129455
453.56517825891297, 1.5061329519615037
453.59517975898797, 1.5060604577383658
453.62518125906297, 1.5057197070417467
453.655182759138, 1.505066099785886
453.685184259213, 1.5039453836504744
453.715185759288, 1.5023575586355125
453.745187259363, 1.5003026247409996
453.775188759438, 1.4977805819669363
453.805190259513, 1.494884340258869
453.835191759588, 1.4922541862237668
453.865193259663, 1.4899132140574325
453.895194759738, 1.487951568739815
453.925196259813, 1.4863692502709145
453.955197759888, 1.4851662586507315
453.985199259963, 1.4843425938792654
454.015200760038, 1.483892078722099
454.045202260113, 1.4837639328516614
454.075203760188, 1.4839465279675343
454.105205260263, 1.4843882994693107
454.135206760338, 1.4850892473569919
454.165208260413, 1.4860493716305774
454.195209760488, 1.4872686722900677
454.225211260563, 1.4886902308344736
454.255212760638, 1.489742755292516
454.285214260713, 1.4904197594586697
454.315215760788, 1.4906882998195017
454.345217260863, 1.4905483763750118
454.375218760938, 1.4899999891252005
454.405220261013, 1.489043138070067
454.4352217610881, 1.4877446821878597
454.46522326116303, 1.4869515308302819
454.4952247612381, 1.486730058619131
454.52522626131304, 1.487470383256193
454.5552277613881, 1.489172504741467
454.58522926146304, 1.4918364230749532
454.6152307615381, 1.4954621382566518
454.64523226161305, 1.4999975680347122
454.6752337616881, 1.504567227098788
454.7052352617631, 1.5090782055033318
454.7352367618381, 1.512890216641376
454.7652382619131, 1.5160032605129201
454.7952397619881, 1.5184173371179641
454.8252412620631, 1.5201324464565085
454.8552427621381, 1.521157519491417
454.8852442622131, 1.5217094580422625
454.9152457622881, 1.5217944393434635
454.9452472623631, 1.5214632437225892
454.9752487624381, 1.5207158711796394
455.00525026251313, 1.5195523217146145
455.03525176258813, 1.5179725953275138
455.06525326266313, 1.5159898289466396
455.09525476273814, 1.5141532311439772
455.12525626281314, 1.5125197204205163
455.15525776288814, 1.5116605887475343
455.18525926296314, 1.5115758361250315
455.21526076303815, 1.5122654625530076
455.24526226311315, 1.513729468031463
455.27526376318815, 1.5159646285205124
455.30526526326315, 1.518549305404495
455.33526676333815, 1.5214166397051625
455.36526826341316, 1.523719722070812
455.39526976348816, 1.5254585525014421
455.42527126356316, 1.5266331309970538
455.45527276363816, 1.527243457557646
455.48527426371317, 1.5272895321832192
455.51527576378817, 1.526975189050739
455.5452772638632, 1.526354105388587
455.5752787639382, 1.526301766507109
455.60528026401323, 1.5268181724063057
455.6352817640882, 1.5279033230861765
455.66528326416324, 1.5295572185467219
455.6952847642382, 1.5317798587879417
455.72528626431324, 1.534122646170121
455.7552877643882, 1.5365662300266
455.78528926446324, 1.5388937085378063
455.81529076453825, 1.5411050817037395
455.84529226461325, 1.5432003495243998
455.87529376468825, 1.5451795119997866
455.90529526476325, 1.547042569129901
455.93529676483826, 1.5489803296001254
455.96529826491326, 1.550987033470531
455.99529976498826, 1.5525134721691318
456.02530126506326, 1.5535596456959275
456.05530276513826, 1.5541255540509191
456.08530426521327, 1.554211197234105
456.11530576528827, 1.553816575245487
456.1453072653633, 1.553081008466497
456.1753087654383, 1.5520152584511615
456.2053102655133, 1.5510409638151426
456.2353117655883, 1.55015812455844
456.2653132656633, 1.5493667406810536
456.2953147657383, 1.5486668121829839
456.3253162658133, 1.5480583390642304
456.3553177658883, 1.547589432415243
456.3853192659633, 1.5472634374729517
456.4153207660383, 1.5468765200603916
456.4453222661133, 1.5464270852010311
456.4753237661883, 1.5459151328948713
456.5053252662633, 1.5453406631419109
456.5353267663383, 1.5447036759421513
456.5653282664133, 1.5434115057780309
456.5953297664883, 1.5414138182940194
456.6253312665633, 1.5391592111298316
456.65533276663837, 1.5366581039892633
456.6853342667133, 1.5339104968723143
456.71533576678837, 1.5309163897789848
456.7453372668633, 1.5276757827092746
456.7753387669384, 1.5250530087140213
456.8053402670133, 1.5231347355173994
456.8353417670884, 1.5217301544340256
456.8653432671633, 1.5208318884755276
456.8953447672384, 1.5204399376419055
456.9253462673134, 1.5205543019331593
456.9553477673884, 1.5211749813492887
456.9853492674634, 1.521915054936295
457.0153507675384, 1.522729821354289
457.0453522676134, 1.523479960221838
457.0753537676884, 1.5241579340247997
457.1053552677634, 1.5247637427631748
457.1353567678384, 1.525297386436963
457.1653582679134, 1.5257588650461644
457.1953597679884, 1.5263044755984307
457.2253612680634, 1.5269546440766404
457.2553627681384, 1.5276612593903434
457.2853642682134, 1.5284209763026095
457.3153657682884, 1.529233794813439
457.3453672683634, 1.530099714922832
457.3753687684384, 1.5310187366307877
457.4053702685134, 1.5316838649337474
457.4353717685884, 1.532050366564419
457.4653732686634, 1.5327109070403626
457.49537476873843, 1.5337158207171095
457.52537626881343, 1.5350651075946589
457.55537776888843, 1.5367587676730114
457.58537926896344, 1.5387968009521666
457.61538076903844, 1.5408002620147032
457.64538226911344, 1.5427082986685567
457.67538376918844, 1.5436565778628906
457.70538526926345, 1.5435584318735307
457.73538676933845, 1.5424138607004767
457.76538826941345, 1.5402228643437292
457.79538976948845, 1.5369854428032874
457.8253912695635, 1.533801195208431
457.85539276963846, 1.5308628409622946
457.8853942697135, 1.528557301018877
457.91539576978846, 1.5269292767180676
457.9453972698635, 1.5259787680598658
457.97539876993847, 1.5257057750442713
458.0054002700135, 1.526110297671285
458.03540177008847, 1.5263011960641548
458.06540327016353, 1.5261093986694
458.09540477023853, 1.5253786084793692
458.12540627031353, 1.5240883995111834
458.15540777038854, 1.5222387717648431
458.18540927046354, 1.5198297252403485
458.21541077053854, 1.5168612599376994
458.24541227061354, 1.5137886026853955
458.27541377068854, 1.5107045959530194
458.30541527076355, 1.5079162347441304
458.33541677083855, 1.5054682523260203
458.36541827091355, 1.50336064869869
458.39541977098855, 1.5015934238621385
458.42542127106356, 1.5001665778163666
458.45542277113856, 1.4990584307034538
458.48542427121356, 1.4982642587784563
458.51542577128856, 1.498163007458795
458.54542727136356, 1.498815528936534
458.57542877143857, 1.5002218232116726
458.60543027151357, 1.5023818902842105
458.63543177158857, 1.505295730154148
458.6654332716636, 1.5088451782704315
458.6954347717386, 1.5130028772618087
458.7254362718136, 1.5166692279990004
458.7554377718886, 1.5196515110788718
458.7854392719636, 1.5219497265014232
458.8154407720386, 1.5235638742666548
458.8454422721136, 1.524493954374566
458.8754437721886, 1.524605797410101
458.9054452722636, 1.5238665566984357
458.93544677233865, 1.5231673721163212
458.9654482724136, 1.5226773152172381
458.99544977248866, 1.5223963860011867
459.0254512725636, 1.5223245844681663
459.05545277263866, 1.5224619106181776
459.0854542727136, 1.5231865419976767
459.11545577278866, 1.5245959486005196
459.1454572728636, 1.526234903598207
459.17545877293867, 1.528010564521156
459.20546027301367, 1.529922931369367
459.2354617730887, 1.5319720041428395
459.2654632731637, 1.5341577828415742
459.2954647732387, 1.5362156428591731
459.3254662733137, 1.538074069327584
459.3554677733887, 1.539754742104726
459.3854692734637, 1.5412623849355445
459.4154707735387, 1.5425969978200391
459.4454722736137, 1.54375858075821
459.4754737736887, 1.5447471337500565
459.5054752737637, 1.5453883382087437
459.5354767738387, 1.5456329786822696
459.5654782739137, 1.5455992197216881
459.5954797739887, 1.5453144186982515
459.6254812740637, 1.544778575611959
459.6554827741387, 1.5439916904628117
459.6854842742137, 1.5429537632508088
459.7154857742887, 1.5419666883267509
459.7454872743637, 1.5411192042603532
459.7754887744387, 1.5405454804666712
459.8054902745137, 1.54027836362053
459.8354917745887, 1.5403178537219286
459.8654932746637, 1.5406639507708684
459.8954947747387, 1.5413166547673485
459.9254962748137, 1.5420445351238814
459.9554977748887, 1.5427769952723416
459.98549927496373, 1.5431358576662735
460.01550077503873, 1.5430236523118204
460.0455022751138, 1.5424403792089825
460.07550377518874, 1.5413860383577593
460.1055052752638, 1.5398606297581514
460.13550677533874, 1.53805892662532
460.1655082754138, 1.5360424021671117
460.19550977548874, 1.5340756809899236
460.2255112755638, 1.5322302779618089
460.25551277563875, 1.5305061930827673
460.2855142757138, 1.528903426352799
460.3155157757888, 1.5274219777719034
460.3455172758638, 1.5261858088105247
460.3755187759388, 1.5252352836179563
460.4055202760138, 1.5247447207810347
460.4355217760888, 1.5247633357517607
460.4655232761638, 1.5252911285301336
460.4955247762388, 1.526328099116154
460.5255262763138, 1.5278742475098224
460.55552777638883, 1.529748417919417
460.58552927646383, 1.5318899171676843
460.61553077653883, 1.5339968509038235
460.64553227661384, 1.5359804805581194
460.67553377668884, 1.5378408061305728
460.70553527676384, 1.539577827621183
460.73553677683884, 1.5411915450299498
460.76553827691384, 1.5424636197599155
460.79553977698885, 1.5433189832029206
460.82554127706385, 1.5439890659464535
460.85554277713885, 1.5445444645586386
460.88554427721385, 1.5449851790394766
460.91554577728886, 1.5453112093889665
460.94554727736386, 1.5455225556071093
460.97554877743886, 1.54584347122184
461.00555027751386, 1.546352883639869
461.03555177758886, 1.5468560196460355
461.06555327766387, 1.5472914060324932
461.09555477773887, 1.5476590427992412
461.12555627781387, 1.5479589299462801
461.1555577778889, 1.5481910674736101
461.1855592779639, 1.548407201308703
461.21556077803893, 1.548625929524774
461.2455622781139, 1.5487232906513797
461.27556377818894, 1.5486589205392265
461.3055652782639, 1.5484328191883145
461.33556677833894, 1.5480449865986436
461.3655682784139, 1.5474954227702142
461.39556977848895, 1.546851083151685
461.4255712785639, 1.5461364848958463
461.45557277863895, 1.5455327837944184
461.48557427871395, 1.545100673024656
461.51557577878896, 1.544840152586559
461.54557727886396, 1.5447512224801274
461.57557877893896, 1.5448338827053614
461.60558027901396, 1.5446075934180141
461.63558177908897, 1.5438934972249363
461.66558327916397, 1.542909932723086
461.69558477923897, 1.5417319685206237
461.725586279314, 1.540359604617548
461.755587779389, 1.5387928410138605
461.785589279464, 1.5370316777095592
461.815590779539, 1.5355788540139197
461.845592279614, 1.534624150607171
461.875593779689, 1.5339433139613785
461.905595279764, 1.5334574166698314
461.935596779839, 1.5331664587325287
461.965598279914, 1.533070440149471
461.995599779989, 1.5331693609206583
462.025601280064, 1.533340264326246
462.055602780139, 1.5335361787516064
462.085604280214, 1.533705358269268
462.115605780289, 1.5338292048060145
462.145607280364, 1.5339077183618466
462.175608780439, 1.5339408989367642
462.205610280514, 1.5339287465307674
462.235611780589, 1.534209805305192
462.265613280664, 1.5349146735986603
462.295614780739, 1.5359763959625121
462.3256162808141, 1.5373704552439587
462.355617780889, 1.539096851443
462.3856192809641, 1.5411555845596354
462.415620781039, 1.5435466545938656
462.4456222811141, 1.5456065752586572
462.47562378118903, 1.5470774393674844
462.5056252812641, 1.5484397867645945
462.53562678133903, 1.5498724748431358
462.5656282814141, 1.551375503603109
462.5956297814891, 1.5529488730445133
462.6256312815641, 1.554592583167349
462.6556327816391, 1.5563077849681162
462.6856342817141, 1.5580949283390042
462.7156357817891, 1.559451273970739
462.7456372818641, 1.5601870411830903
462.7756387819391, 1.560302229976058
462.8056402820141, 1.5597968403496418
462.8356417820891, 1.558670872303843
462.8656432821641, 1.5575225175147427
462.8956447822391, 1.5565863953503358
462.9256462823141, 1.555985462530466
462.9556477823891, 1.5557666906697616
462.9856492824641, 1.5559300797682218
463.0156507825391, 1.5564756298258475
463.0456522826141, 1.5574033408426378
463.07565378268913, 1.55832304267387
463.10565528276413, 1.5590815007430152
463.13565678283913, 1.5593401708887364
463.16565828291414, 1.5589684547724123
463.19565978298914, 1.5579663523940421
463.22566128306414, 1.5563338637536264
463.25566278313914, 1.5540709888511648
463.28566428321415, 1.551216243944205
463.31566578328915, 1.5477847448681195
463.34566728336415, 1.5444399779099418
463.37566878343915, 1.5414398502561975
463.40567028351416, 1.5387843619068864
463.4356717835892, 1.5364735128620084
463.46567328366416, 1.5345073031215637
463.4956747837392, 1.5330305725955975
463.52567628381416, 1.53210000331616
463.5556777838892, 1.53171444428675
463.58567928396417, 1.5318734456151792
463.6156807840392, 1.5325770073014475
463.6456822841142, 1.5338251293455545
463.67568378418923, 1.5356178117475006
463.70568528426423, 1.5379984867431882
463.73568678433924, 1.5409840680985998
463.76568828441424, 1.5439763641376532
463.79568978448924, 1.546740755492355
463.82569128456424, 1.549277242162705
463.85569278463925, 1.5515858241487033
463.88569428471425, 1.5536665014503497
463.91569578478925, 1.5553926967724085
463.94569728486425, 1.556715461934475
463.97569878493925, 1.5580249670812714
464.00570028501426, 1.559474446789327
464.03570178508926, 1.5610639010586425
464.06570328516426, 1.5627933298892172
464.09570478523926, 1.5646627332810514
464.12570628531427, 1.566329637366053
464.15570778538927, 1.5676628119321985
464.18570928546427, 1.5686237407219394
464.2157107855393, 1.5691973078999044
464.2457122856143, 1.569383513466092
464.2757137856893, 1.5691823574205037
464.3057152857643, 1.5685938397631383
464.3357167858393, 1.5681033861587097
464.3657182859143, 1.5678949143484338
464.3957197859893, 1.5678235844222637
464.4257212860643, 1.5678327143481512
464.4557227861393, 1.5679223041260957
464.4857242862143, 1.5680923537560971
464.5157257862893, 1.5683428632381553
464.5457272863643, 1.5685520221745304
464.5757287864393, 1.568674297499274
464.60573028651436, 1.5686662569764835
464.6357317865893, 1.5685109868401759
464.66573328666436, 1.5682084870903517
464.6957347867393, 1.5677587577270102
464.72573628681437, 1.5671617987501518
464.7557377868893, 1.566560191479527
464.7857392869644, 1.5660064016889401
464.8157407870393, 1.5656270066736258
464.8457422871144, 1.56547095461399
464.8757437871894, 1.5655382455100333
464.9057452872644, 1.5658288793617554
464.9357467873394, 1.5663428561691564
464.9657482874144, 1.5666790283374974
464.9957497874894, 1.566692417342675
465.0257512875644, 1.5667254970527815
465.0557527876394, 1.5669094976798406
465.0857542877144, 1.5672444192238533
465.1157557877894, 1.5677302616848174
465.1457572878644, 1.5683670250627353
465.1757587879394, 1.5695437964733199
465.2057602880144, 1.5713983648782441
465.2357617880894, 1.5734453046127928
465.2657632881644, 1.5755006979357509
465.2957647882394, 1.5775645448471196
465.3257662883144, 1.5796368453468976
465.3557677883894, 1.581717599435086
465.3857692884644, 1.5831890823886812
465.4157707885394, 1.583837457497229
465.4457722886144, 1.5837845351584716
465.4757737886894, 1.5830758484383556
465.5057752887644, 1.581711397336883
465.5357767888394, 1.5796911818540513
465.56577828891443, 1.5770152019898618
465.59577978898943, 1.5741482688128852
465.62578128906443, 1.5712472737431833
465.65578278913944, 1.568169635461006
465.68578428921444, 1.564862888192549
465.7157857892895, 1.561327031937813
465.74578728936444, 1.5575620666967978
465.7757887894395, 1.5535679924695023
465.80579028951445, 1.5497967288397263
465.8357917895895, 1.5463966303258487
465.86579328966445, 1.543768844522609
465.8957947897395, 1.5420583499541096
465.92579628981446, 1.5412651466203513
465.9557977898895, 1.5413892345213336
465.9857992899645, 1.5424306136570565
466.0158007900395, 1.5436540567893506
466.0458022901145, 1.5448254675196205
466.0758037901895, 1.545555758732151
466.1058052902645, 1.5457071414652712
466.13580679033953, 1.5452796157189814
466.16580829041453, 1.5442731814932815
466.19580979048953, 1.542687838788171
466.22581129056454, 1.5406826005877927
466.25581279063954, 1.5383064350482902
466.28581429071454, 1.5361770668926673
466.31581579078954, 1.5345083328313778
466.34581729086455, 1.5333002328644194
466.37581879093955, 1.5325527669917947
466.40582029101455, 1.532265935213501
466.43582179108955, 1.5329001565884643
466.46582329116455, 1.5345921514434098
466.49582479123956, 1.5368771087097655
466.52582629131456, 1.5395981369674705
466.55582779138956, 1.5427552362165229
466.58582929146456, 1.5463484064569244
466.61583079153957, 1.5503776476886737
466.64583229161457, 1.554152770404538
466.67583379168957, 1.557476771226659
466.7058352917646, 1.559897730571238
466.7358367918396, 1.5612672939198962
466.7658382919146, 1.5615854612726328
466.7958397919896, 1.560852232629448
466.82584129206464, 1.559067607990342
466.8558427921396, 1.5566313260285014
466.88584429221464, 1.5536526874135266
466.9158457922896, 1.5508669193835876
466.94584729236465, 1.548508118337279
466.9758487924396, 1.5465762842746011
467.00585029251465, 1.5450714171955542
467.0358517925896, 1.5439935171001382
467.06585329266466, 1.543108087559671
467.09585479273966, 1.5423539295025774
467.12585629281466, 1.5415720299447155
467.15585779288966, 1.5407134207299413
467.18585929296466, 1.5397781018582537
467.21586079303967, 1.538766073329654
467.24586229311467, 1.5376773351441413
467.27586379318967, 1.5369186368862264
467.3058652932647, 1.5365908961517547
467.3358667933397, 1.5362336938818022
467.3658682934147, 1.535710309749643
467.3958697934897, 1.5350207437552783
467.4258712935647, 1.5341649958987065
467.4558727936397, 1.5331430661799301
467.4858742937147, 1.5315425075435902
467.5158757937897, 1.529266457454105
467.5458772938647, 1.5270051054187073
467.5758787939397, 1.5249554548152544
467.6058802940147, 1.5231175056437478
467.6358817940897, 1.5214912579041866
467.6658832941647, 1.5200767115965714
467.6958847942397, 1.519378906247673
467.7258862943147, 1.5195095750213943
467.7558877943897, 1.5200689792445499
467.7858892944647, 1.5209478182475376
467.8158907945397, 1.5221460920303593
467.8458922946147, 1.5236638005930139
467.8758937946897, 1.5255009439355014
467.9058952947647, 1.5273791936359264
467.9358967948397, 1.529240851090965
467.9658982949147, 1.531320412729298
467.9958997949898, 1.533679077622501
468.0259012950647, 1.5363168457705745
468.0559027951398, 1.5392337171735182
468.08590429521473, 1.542429691831332
468.1159057952898, 1.5457406554663506
468.14590729536474, 1.5491349211755348
468.1759087954398, 1.5522057393743733
468.20591029551474, 1.5548521924670218
468.2359117955898, 1.55707428045348
468.2659132956648, 1.5588720033337478
468.2959147957398, 1.5602453611078253
468.3259162958148, 1.561328465415376
468.3559177958898, 1.5621452680009036
468.3859192959648, 1.563108215919764
468.4159207960398, 1.5643141717075406
468.4459222961148, 1.5657631353642334
468.4759237961898, 1.5674551068898432
468.5059252962648, 1.569390086284369
468.5359267963398, 1.5714928227886844
468.5659282964148, 1.5737509838169113
468.5959297964898, 1.5756595298422786
468.62593129656483, 1.5771067277008834
468.65593279663983, 1.5780925773927241
468.68593429671483, 1.578617078917803
468.71593579678984, 1.578680232276118
468.74593729686484, 1.5786818010655383
468.77593879693984, 1.5786813407073679
468.80594029701484, 1.5789571796235042
468.83594179708984, 1.57956701641727
468.86594329716485, 1.5805108510886667
468.89594479723985, 1.5817886836376929
468.92594629731485, 1.5834005140643501
468.95594779738985, 1.5847868664483689
468.98594929746486, 1.58587282734646
469.01595079753986, 1.5868225110362884
469.04595229761486, 1.5876676044208942
469.07595379768986, 1.5884081075002774
469.1059552977649, 1.5890440202744376
469.13595679783987, 1.589575342743375
469.1659582979149, 1.5900254399562173
469.1959597979899, 1.590397084840331
469.22596129806493, 1.5905561657560527
469.2559627981399, 1.5904787309588793
469.28596429821494, 1.5901647804488106
469.3159657982899, 1.5896143142258465
469.34596729836494, 1.5888273322899875
469.37596879843994, 1.5880654060006658
469.40597029851494, 1.5873555675020137
469.43597179858995, 1.586773067553158
469.46597329866495, 1.5863302387399763
469.49597479873995, 1.586027081062469
469.52597629881495, 1.5858635945206363
469.55597779888996, 1.5858397791144778
469.58597929896496, 1.585723518549592
469.61598079903996, 1.5854944048330197
469.64598229911496, 1.5847526743668927
469.67598379918996, 1.5834387717299068
469.70598529926497, 1.58155269692206
469.73598679933997, 1.5790944499433548
469.76598829941497, 1.5760640307937888
469.79598979949, 1.572741723614359
469.825991299565, 1.5691478310185298
469.85599279964, 1.565841828926572
469.885994299715, 1.562898630781774
469.91599579979, 1.5603182365841368
469.945997299865, 1.5581006463336593
469.97599879994, 1.556245860030342
470.006000300015, 1.5548388845735102
470.03600180009, 1.5538845575440883
470.066003300165, 1.5533595138929477
470.09600480024, 1.5532609806927222
470.126006300315, 1.553588957943412
470.15600780039, 1.5543434456450165
470.186009300465, 1.5555244437975357
470.21601080054006, 1.55691816207559
470.246012300615, 1.5585157579558189
470.27601380069007, 1.56005566007879
470.306015300765, 1.561510836300371
470.33601680084007, 1.562881286620562
470.366018300915, 1.564167011039363
470.3960198009901, 1.5653680095567744
470.426021301065, 1.5663580649877282
470.4560228011401, 1.5671339185950104
470.4860243012151, 1.5679276866730236
470.5160258012901, 1.5687597772147264
470.5460273013651, 1.5696301902201182
470.5760288014401, 1.5705389256891995
470.6060303015151, 1.5714859836219706
470.6360318015901, 1.5728763379664357
470.6660333016651, 1.5747141590227893
470.6960348017401, 1.5767191626500368
470.7260363018151, 1.578871046234711
470.7560378018901, 1.5811698097768114
470.7860393019651, 1.5836154532763387
470.8160408020401, 1.5862050275897692
470.8460423021151, 1.5883754103290144
470.8760438021901, 1.5901266014940747
470.9060453022651, 1.5913735941856242
470.9360468023401, 1.592111550822739
470.9660483024151, 1.5923404714054181
470.9960498024901, 1.5920603559336641
471.0260513025651, 1.5912706468786926
471.0560528026401, 1.5899454020798103
471.0860543027151, 1.588084621537016
471.11605580279013, 1.5859020955756908
471.14605730286513, 1.5834066667191944
471.17605880294013, 1.5805983349675274
471.20606030301514, 1.5774771003206887
471.23606180309014, 1.5740738111502959
471.26606330316514, 1.5711848393193708
471.29606480324014, 1.5688101848279132
471.32606630331514, 1.5670760648609903
471.35606780339015, 1.5659857381558162
471.3860693034652, 1.5655392047123906
471.41607080354015, 1.565736464530714
471.4460723036152, 1.5665232946440408
471.47607380369016, 1.5669493075985064
471.5060753037652, 1.567014503394111
471.53607680384016, 1.5663139080828496
471.5660783039152, 1.564843351364528
471.59607980399016, 1.5626028332391464
471.6260813040652, 1.5595923537067045
471.6560828041402, 1.555891635393783
471.6860843042152, 1.552542493968037
471.71608580429023, 1.5495478785729895
471.74608730436523, 1.5474709115967291
471.77608880444023, 1.546311593039256
471.80609030451524, 1.5460699229005699
471.83609180459024, 1.546745901180671
471.86609330466524, 1.5482344548756877
471.89609480474024, 1.5494549423438684
471.92609630481525, 1.5504079211139965
471.95609780489025, 1.551119333346765
471.98609930496525, 1.5515891790421759
472.01610080504025, 1.5518174582002275
472.04610230511526, 1.5518041708209207
472.07610380519026, 1.551648943968343
472.10610530526526, 1.5521869294798685
472.13610680534026, 1.5533872789838807
472.16610830541526, 1.5544536206173574
472.19610980549027, 1.5553859543802993
472.22611130556527, 1.5561842802727053
472.25611280564027, 1.5568485982945768
472.2861143057153, 1.5572930347960816
472.3161158057903, 1.5569162761920357
472.3461173058653, 1.5557725454491844
472.3761188059403, 1.5548122300213933
472.4061203060153, 1.554035329908662
472.4361218060903, 1.5534418451109901
472.4661233061653, 1.5530317756283782
472.49612480624035, 1.552851470098871
472.5261263063153, 1.553176938544862
472.55612780639035, 1.5539284583397708
472.5861293064653, 1.5540642138159424
472.61613080654035, 1.553584204973377
472.6461323066153, 1.5524884318120749
472.67613380669036, 1.5507768943320355
472.7061353067653, 1.5486096172298962
472.73613680684036, 1.546808189270038
472.76613830691537, 1.545477683456333
472.79613980699037, 1.5456987414305317
472.82614130706537, 1.5474713631926342
472.8561428071404, 1.5507955487426412
472.8861443072154, 1.5556712980805514
472.9161458072904, 1.5617650375546237
472.9461473073654, 1.5675844523456732
472.9761488074404, 1.5730299153896112
473.0061503075154, 1.5772662748490651
473.0361518075904, 1.5802935307240336
473.0661533076654, 1.5821116830145179
473.0961548077404, 1.5827207317205167
473.1261563078154, 1.58230950072644
473.1561578078904, 1.5816203108950389
473.1861593079654, 1.5807390358761453
473.2161608080404, 1.580266989254943
473.2461623081154, 1.5802041710314323
473.2761638081904, 1.5805505812056122
473.3061653082654, 1.5813062197774834
473.3361668083404, 1.5824381193376995
473.3661683084154, 1.5838316182454013
473.3961698084904, 1.5854403678625437
473.4261713085654, 1.5869883581667328
473.4561728086404, 1.5884755891579685
473.4861743087154, 1.5899020608362513
473.5161758087904, 1.5912677732015812
473.5461773088654, 1.5924588401950113
473.5761788089404, 1.5931229013234067
473.6061803090155, 1.5930999318901313
473.63618180909043, 1.5915683431308032
473.6661833091655, 1.5885281350454226
473.69618480924044, 1.5839793076339894
473.7261863093155, 1.5779218608965038
473.75618780939044, 1.5707271120520663
473.7861893094655, 1.5634215454277958
473.81619080954044, 1.5563387346754345
473.8461923096155, 1.5509709946141668
473.8761938096905, 1.5473183252439924
473.9061953097655, 1.545380726564912
473.9361968098405, 1.5451581985769252
473.9661983099155, 1.5463092709480757
473.9961998099905, 1.547987481733335
474.0262013100655, 1.550004007048294
474.0562028101405, 1.5516165260302004
474.0862043102155, 1.552825038679054
474.1162058102905, 1.5536295449948558
474.1462073103655, 1.5540300449776052
474.1762088104405, 1.5541487752841774
474.20621031051553, 1.5542582122632858
474.23621181059053, 1.5543913233242763
474.26621331066553, 1.5546627701080091
474.29621481074054, 1.555072552614484
474.32621631081554, 1.5556206708437004
474.35621781089054, 1.5563071247956588
474.38621931096554, 1.556934533549772
474.41622081104055, 1.5571063781211243
474.44622231111555, 1.5569365445686643
474.47622381119055, 1.5567773933855247
474.50622531126555, 1.556628924571708
474.53622681134055, 1.5564911381272113
474.56622831141556, 1.556364034052037
474.59622981149056, 1.556651074083845
474.62623131156556, 1.5580839037289664
474.65623281164056, 1.5602912057683005
474.68623431171557, 1.5622464958747286
474.71623581179057, 1.5639497740482506
474.74623731186557, 1.5654010402888665
474.77623881194063, 1.5666002945965762
474.8062403120156, 1.5672589766231275
474.83624181209063, 1.5669041963886208
474.8662433121656, 1.5658774242250126
474.89624481224064, 1.5650251220773321
474.9262463123156, 1.5643472899455793
474.95624781239064, 1.5638439278297536
474.9862493124656, 1.5635150357298555
475.01625081254065, 1.5634420024008104
475.04625231261565, 1.5637454412544607
475.07625381269065, 1.5643031156339302
475.10625531276565, 1.564842549190506
475.13625681284066, 1.5653637419241875
475.16625831291566, 1.5658666938349755
475.19625981299066, 1.566351404922869
475.22626131306566, 1.566896499176073
475.25626281314067, 1.5676073605780678
475.28626431321567, 1.5686813700494402
475.31626581329067, 1.5705150465751057
475.3462673133657, 1.5731083901550622
475.3762688134407, 1.576461400789312
475.4062703135157, 1.580574078477853
475.4362718135907, 1.5850801471126035
475.4662733136657, 1.5895357069014282
475.4962748137407, 1.5935372961066698
475.5262763138157, 1.596353269221995
475.5562778138907, 1.5979836262474059
475.5862793139657, 1.5984283671828998
475.6162808140407, 1.5976874920284796
475.6462823141157, 1.5961277449290865
475.6762838141907, 1.5941507112561866
475.7062853142657, 1.5920449513580335
475.7362868143407, 1.5902833552145255
475.7662883144157, 1.5888659228256623
475.7962898144907, 1.5877926541914444
475.8262913145657, 1.5870635493118719
475.8562928146407, 1.5864921308608095
475.88629431471577, 1.58589414002597
475.9162958147907, 1.5851881880524274
475.9462973148658, 1.58425366152834
475.9762988149407, 1.5830905604537082
476.0063003150158, 1.5816988848285318
476.0363018150907, 1.5800786346528104
476.0663033151658, 1.5785880179640637
476.0963048152407, 1.5775458566922587
476.1263063153158, 1.5768735268491911
476.1563078153908, 1.5764656444513805
476.1863093154658, 1.5763222094988276
476.2163108155408, 1.5764432219915316
476.2463123156158, 1.5768286819294934
476.2763138156908, 1.5768667515025192
476.3063153157658, 1.576068067275782
476.3363168158408, 1.5747989053573666
476.3663183159158, 1.5735031655394047
476.3963198159908, 1.572180847821895
476.4263213160658, 1.570831952204839
476.4563228161408, 1.569456478688235
476.4863243162158, 1.568430427028484
476.5163258162908, 1.5680232225294624
476.5463273163658, 1.5678681210462282
476.5763288164408, 1.5675635372073162
476.6063303165158, 1.5671094710127247
476.6363318165908, 1.5665059224624547
476.6663333166658, 1.565752891556506
476.69633481674083, 1.5648286408943088
476.72633631681583, 1.5637192694883726
476.75633781689083, 1.5626112546648327
476.78633931696584, 1.5616888552359764
476.81634081704084, 1.5609520712018037
476.84634231711584, 1.560400902562315
476.87634381719084, 1.5600353493175096
476.90634531726585, 1.5599076063751534
476.93634681734085, 1.560047320406181
476.96634831741585, 1.5600962833730743
476.9963498174909, 1.5597356733458654
477.02635131756585, 1.5589654903245544
477.0563528176409, 1.5577857343091412
477.08635431771586, 1.5561964052996256
477.1163558177909, 1.5541212372396367
477.14635731786586, 1.5515219815545813
477.1763588179409, 1.5490104760546526
477.20636031801587, 1.5470760841746776
477.2363618180909, 1.5457188059146558
477.26636331816593, 1.5449386412745878
477.29636481824093, 1.5447355902544733
477.32636631831593, 1.5448985597738472
477.35636781839094, 1.545334765787099
477.38636931846594, 1.5456682085378302
477.41637081854094, 1.5456294627221616
477.44637231861594, 1.545218528340094
477.47637381869094, 1.5444354053916274
477.50637531876595, 1.543280093876761
477.53637681884095, 1.5422685385070223
477.56637831891595, 1.5415976540088576
477.59637981899095, 1.541289177782837
477.62638131906596, 1.541357010816451
477.65638281914096, 1.541801153109699
477.68638431921596, 1.5426216046625814
477.71638581929096, 1.5438183654750972
477.74638731936597, 1.5451639342082841
477.77638881944097, 1.5465838057820087
477.80639031951597, 1.5480257852885062
477.836391819591, 1.5494602260568406
477.866393319666, 1.5508871280870131
477.896394819741, 1.5523064913790223
477.926396319816, 1.553718315932869
477.956397819891, 1.5550862608634626
477.986399319966, 1.5564002701838924
478.016400820041, 1.5577366099505292
478.04640232011604, 1.5591335287379664
478.076403820191, 1.560591026546204
478.10640532026605, 1.562109103375242
478.136406820341, 1.5636877592250797
478.16640832041605, 1.565071683139509
478.196409820491, 1.5662024026290433
478.22641132056606, 1.5672910107741482
478.256412820641, 1.5684302916204336
478.28641432071606, 1.5696202451678996
478.316415820791, 1.5708608714165464
478.34641732086607, 1.5721521703663743
478.376418820941, 1.5736677211283907
478.40642032101607, 1.5754394905108384
478.436421821091, 1.57695153380219
478.4664233211661, 1.578006936275999
478.496424821241, 1.5786056979322654
478.5264263213161, 1.578747818770989
478.5564278213911, 1.5784332987921708
478.5864293214661, 1.577937411026038
478.6164308215411, 1.5772992178396295
478.6464323216161, 1.576746220571908
478.6764338216911, 1.5763529243030066
478.7064353217661, 1.5761193290329243
478.7364368218411, 1.5760454347616626
478.7664383219161, 1.57613124148922
478.7964398219911, 1.5760632622556185
478.8264413220661, 1.5758095116366286
478.8564428221411, 1.57540633051734
478.8864443222161, 1.5748637748846643
478.9164458222911, 1.5741818447386007
478.9464473223661, 1.5733605400791497
478.9764488224411, 1.5723998609063112
479.0064503225161, 1.5714381968923947
479.0364518225911, 1.5704844549948835
479.0664533226661, 1.5697939461699875
479.0964548227411, 1.5694251429071917
479.1264563228161, 1.569378045206496
479.1564578228912, 1.5696526530679007
479.18645932296613, 1.5702489664914057
479.2164608230412, 1.5710258012210552
479.24646232311613, 1.5719791020046936
479.2764638231912, 1.5729352897313131
479.30646532326614, 1.5738623975926715
479.3364668233412, 1.574760425588769
479.36646832341614, 1.5756293737196048
479.3964698234912, 1.5764686276405278
479.42647132356615, 1.577157323252577
479.4564728236412, 1.5776954605557518
479.48647432371615, 1.5778077665198245
479.5164758237912, 1.577455178777757
479.54647732386616, 1.5766376973295502
479.5764788239412, 1.5753553221752032
479.60648032401616, 1.573630587199388
479.6364818240912, 1.5720267779787658
479.6664833241662, 1.5705438945133368
479.6964848242412, 1.569495423763079
479.7264863243162, 1.5689133511522229
479.75648782439123, 1.5687976766807685
479.78648932446623, 1.5691484003487155
479.81649082454123, 1.5699299823018154
479.84649232461624, 1.5706864506801592
479.87649382469124, 1.5714178054837475
479.90649532476624, 1.5719856570402704
479.93649682484124, 1.5723810983922446
479.96649832491624, 1.5726041295396704
479.99649982499125, 1.5726547504825474
480.02650132506625, 1.5725236991636893
480.05650282514125, 1.5721333343283874
480.08650432521625, 1.5714836559766416
480.11650582529126, 1.570715848364408
480.14650732536626, 1.5698339667438412
480.17650882544126, 1.568838011114943
480.20651032551626, 1.5677279814777114
480.23651182559126, 1.5665410710497258
480.2665133256663, 1.5655033383902728
480.29651482574127, 1.564615397844004
480.3265163258163, 1.5639981135098806
480.3565178258913, 1.563651485387902
480.38651932596633, 1.5635755134780687
480.4165208260413, 1.5637701977803802
480.44652232611634, 1.564257743127814
480.4765238261913, 1.565141809046322
480.50652532626634, 1.566399861651233
480.5365268263413, 1.5674686153658859
480.56652832641635, 1.568348070190281
480.5965298264913, 1.5690382261244173
480.62653132656635, 1.5695390831682958
480.6565328266413, 1.5698143685807502
480.68653432671636, 1.5697292467665593
480.7165358267913, 1.569319257579973
480.74653732686636, 1.569040372880899
480.7765388269413, 1.5688925926693373
480.80654032701636, 1.5688759169452888
480.83654182709137, 1.5689903457087526
480.86654332716637, 1.5692342829127717
480.89654482724137, 1.5696028886336966
480.9265463273164, 1.5701054249287139
480.9565478273914, 1.5708195330525319
480.9865493274664, 1.571745213005151
481.0165508275414, 1.5728824647865707
481.0465523276164, 1.574231288396792
481.0765538276914, 1.5756939940885841
481.1065553277664, 1.5770248016587491
481.1365568278414, 1.5781865178897068
481.1665583279164, 1.5789530842221715
481.1965598279914, 1.5793245006561425
481.2265613280664, 1.579300767191621
481.2565628281414, 1.5788818838286063
481.2865643282164, 1.5781849577584193
481.3165658282914, 1.57745737818373
481.3465673283664, 1.5766769402715615
481.37656882844146, 1.5757399844959612
481.4065703285164, 1.574646510856929
481.43657182859147, 1.5733965193544646
481.4665733286664, 1.5719900099885682
481.4965748287415, 1.570501991931287
481.5265763288164, 1.5690666381493492
481.5565778288915, 1.5677202213839203
481.5865793289664, 1.5665975772302212
481.6165808290415, 1.5656987056882519
481.6465823291164, 1.5650236067580126
481.6765838291915, 1.564572280439503
481.70658532926643, 1.5642475004656193
481.7365868293415, 1.5639011670797167
481.76658832941644, 1.563534876328753
481.7965898294915, 1.5631534681363766
481.82659132956644, 1.5627569425025882
481.8565928296415, 1.5623452994273879
481.88659432971644, 1.5619185389107753
481.9165958297915, 1.561481701592798
481.9465973298665, 1.5610413484878103
481.9765988299415, 1.5606951693430413
482.0066003300165, 1.5606889443616903
482.0366018300915, 1.561022673543758
482.0666033301665, 1.5616963568892437
482.0966048302415, 1.5627099943981488
482.1266063303165, 1.5640092501028215
482.1566078303915, 1.5655336027581637
482.1866093304665, 1.5671659451728523
482.2166108305415, 1.5686588881442185
482.24661233061653, 1.5700124316722626
482.27661383069153, 1.5712265757569837
482.30661533076653, 1.5723013203983827
482.33661683084154, 1.573527552486144
482.36661833091654, 1.5751824102889096
482.39661983099154, 1.5771908846346296
482.42662133106654, 1.5794188025565785
482.45662283114154, 1.5818661640547542
482.48662433121655, 1.5845329691291585
482.51662583129155, 1.5874192177797897
482.5466273313666, 1.5899220763939266
482.57662883144155, 1.5915514244427857
482.6066303315166, 1.5924044881934687
482.63663183159156, 1.5926293674026213
482.6666333316666, 1.5922260620702442
482.69663483174156, 1.5911945721963368
482.7266363318166, 1.5895348977808992
482.75663783189157, 1.5877700195863502
482.7866393319666, 1.5862611745747373
482.81664083204157, 1.5850033221060122
482.84664233211663, 1.5839899011658218
482.8766438321916, 1.5832209117541656
482.90664533226663, 1.582696353871044
482.9366468323416, 1.5824162275164573
482.96664833241664, 1.5820037132342093
482.9966498324916, 1.5812391985334893
483.02665133256664, 1.580177019381947
483.05665283264165, 1.578877697024683
483.08665433271665, 1.5773412314616975
483.11665583279165, 1.5755676226929896
483.14665733286665, 1.5735568707185603
483.17665883294165, 1.5715442061112959
483.20666033301666, 1.5696441553636333
483.23666183309166, 1.5675658315858867
483.26666333316666, 1.5650320965094155
483.29666483324166, 1.5620429501342217
483.32666633331667, 1.5585983924603033
483.35666783339167, 1.554698423487662
483.38666933346667, 1.550889381234874
483.4166708335417, 1.5473903762874976
483.4466723336167, 1.5448042422582513
483.4766738336917, 1.543621099675921
483.5066753337667, 1.5438409485405062
483.5366768338417, 1.5454637888520086
483.5666783339167, 1.5484896206104255
483.5966798339917, 1.5519562777683902
483.6266813340667, 1.5555521754584194
483.65668283414175, 1.558754332918094
483.6866843342167, 1.561201513185367
483.71668583429175, 1.562893716260237
483.7466873343667, 1.5638309421427061
483.77668883444176, 1.5640131908327728
483.8066903345167, 1.5638043760194091
483.83669183459176, 1.563296933794666
483.8666933346667, 1.5628676836147395
483.89669483474177, 1.5627362379704408
483.9266963348167, 1.5629025968617696
483.95669783489177, 1.563366760288726
483.9866993349667, 1.56412872825131
484.0167008350418, 1.565217778967555
484.0467023351167, 1.5666394916254263
484.0767038351918, 1.568158635652037
484.1067053352667, 1.5696606845549506
484.1367068353418, 1.5711456383341666
484.16670833541673, 1.5726134969896852
484.1967098354918, 1.5740642605215067
484.2267113355668, 1.575615798349662
484.2567128356418, 1.577283747595897
484.2867143357168, 1.5785217702416334
484.3167158357918, 1.5791107557013153
484.3467173358668, 1.5790507039749455
484.3767188359418, 1.578341615062521
484.4067203360168, 1.5769834889640444
484.4367218360918, 1.574704379001031
484.4667233361668, 1.571482629533391
484.4967248362418, 1.5682804066084917
484.5267263363168, 1.5654092950938148
484.5567278363918, 1.5628692949893628
484.5867293364668, 1.5606604062951337
484.6167308365418, 1.5587826290111293
484.6467323366168, 1.5575182459780117
484.6767338366918, 1.5568759747675984
484.7067353367668, 1.556491901690917
484.7367368368418, 1.5562735906559155
484.7667383369169, 1.5562210416625948
484.79673983699183, 1.5563342547109544
484.8267413370669, 1.5566061446236479
484.85674283714184, 1.5565475392049466
484.8867443372169, 1.5561584384548495
484.91674583729184, 1.5554095641553236
484.9467473373669, 1.5542953371184036
484.97674883744185, 1.55281575734409
485.0067503375169, 1.5509708248323824
485.03675183759185, 1.5487999307404792
485.0667533376669, 1.546931915736944
485.09675483774186, 1.545366779821777
485.1267563378169, 1.543986653574947
485.15675783789186, 1.5427758998747074
485.1867593379669, 1.5417345187210592
485.21676083804186, 1.5408625101140023
485.2467623381169, 1.5401503697920012
485.27676383819187, 1.5395162641583922
485.3067653382669, 1.538960193213176
485.33676683834193, 1.5387541036348342
485.36676833841693, 1.5389196510634604
485.39676983849193, 1.5394568354990525
485.42677133856694, 1.5403656569416126
485.45677283864194, 1.54163359348829
485.48677433871694, 1.5431894629027867
485.51677583879194, 1.5450332651851029
485.54677733886695, 1.5468827174945745
485.57677883894195, 1.5487291022593865
485.60678033901695, 1.550572419479538
485.63678183909195, 1.55241266915503
485.66678333916695, 1.5541357788209487
485.69678483924196, 1.5552725435779613
485.72678633931696, 1.5558300486034167
485.75678783939196, 1.5562974660930413
485.78678933946696, 1.5566747960468381
485.81679083954197, 1.5569620384648049
485.84679233961697, 1.5571591933469433
485.87679383969197, 1.557409260012376
485.906795339767, 1.5581601879294056
485.93679683984203, 1.5593725859408343
485.966798339917, 1.5604176133780983
485.99679983999204, 1.561295270241198
486.026801340067, 1.5620055565301334
486.05680284014204, 1.5625484722449048
486.086804340217, 1.5629496561085428
486.11680584029205, 1.5632722368368561
486.146807340367, 1.563525718691379
486.17680884044205, 1.5637919352687752
486.206810340517, 1.564070886569045
486.23681184059205, 1.5643625725921881
486.266813340667, 1.5646669933382051
486.29681484074206, 1.5648141825171658
486.326816340817, 1.5644684218034313
486.35681784089206, 1.563642233099852
486.386819340967, 1.5624067986427261
486.41682084104207, 1.560762118432053
486.44682234111707, 1.558708192467833
486.4768238411921, 1.5562450207500658
486.5068253412671, 1.5535378355763196
486.5368268413421, 1.5508518889197445
486.5668283414171, 1.5483012532452531
486.5968298414921, 1.5463551334521792
486.6268313415671, 1.5450135295405203
486.6568328416421, 1.5442764415102777
486.6868343417171, 1.5441438693614509
486.7168358417921, 1.5447858226396731
486.7468373418671, 1.54642585079122
486.7768388419421, 1.5489209544969684
486.8068403420171, 1.5518231842886165
486.8368418420921, 1.5551325401661618
486.8668433421671, 1.5588490221296067
486.8968448422421, 1.562972630178949
486.9268463423171, 1.5669600841576425
486.9568478423921, 1.5702241747833974
486.9868493424671, 1.5727392633331803
487.0168508425421, 1.5744422210911855
487.04685234261717, 1.5753330480574108
487.0768538426921, 1.5754117442318585
487.1068553427672, 1.5746783096145263
487.1368568428421, 1.573724334847327
487.1668583429172, 1.5730752916889006
487.1968598429921, 1.5729011464291767
487.2268613430672, 1.5735376173937925
487.25686284314213, 1.5749847045827485
487.2868643432172, 1.577242407996045
487.31686584329213, 1.5803107276336812
487.3468673433672, 1.5835938161118315
487.37686884344214, 1.586658522706664
487.4068703435172, 1.5893396151206098
487.43687184359214, 1.59137184138052
487.4668733436672, 1.5927552014863937
487.49687484374215, 1.5934896954382314
487.5268763438172, 1.5935753232360326
487.55687784389215, 1.5932744684087992
487.5868793439672, 1.5927419200605655
487.6168808440422, 1.5918076686457001
487.6468823441172, 1.5902481647179243
487.6768838441922, 1.5880634082772411
487.7068853442672, 1.585253399323648
487.7368868443422, 1.5818181378571463
487.7668883444172, 1.5778497463867074
487.7968898444922, 1.5733917187694184
487.82689134456723, 1.5689873351618266
487.85689284464223, 1.5652238048462213
487.88689434471723, 1.562101127822604
487.91689584479224, 1.559619304090973
487.94689734486724, 1.557778333651331
487.97689884494224, 1.5566965530950763
488.00690034501724, 1.5564177177916925
488.03690184509225, 1.5563502370992675
488.06690334516725, 1.5559686392591603
488.09690484524225, 1.5552729242713728
488.12690634531725, 1.5542630921359042
488.1569078453923, 1.5529391428527546
488.18690934546726, 1.551231905423255
488.2169108455423, 1.5491220137604675
488.24691234561726, 1.5472053152482177
488.2769138456923, 1.5459149606103382
488.30691534576727, 1.5452509498468283
488.3369168458423, 1.5452132829576888
488.36691834591727, 1.5458019599429191
488.39691984599233, 1.5466485820016398
488.4269213460673, 1.5476792446414065
488.45692284614233, 1.548631564333218
488.4869243462173, 1.549350751973039
488.51692584629234, 1.54983680756087
488.5469273463673, 1.550089731096711
488.57692884644234, 1.5501095225805612
488.6069303465173, 1.550073902448298
488.63693184659235, 1.5500059656772673
488.6669333466673, 1.5498135897584977
488.69693484674235, 1.5494532808349029
488.72693634681735, 1.5489250389064817
488.75693784689236, 1.5482288639732353
488.78693934696736, 1.5473647560351629
488.81694084704236, 1.546751866930269
488.84694234711736, 1.5464181346817014
488.87694384719236, 1.5462452226980594
488.90694534726737, 1.5461893756098628
488.93694684734237, 1.5462505934171091
488.9669483474174, 1.5464288761198008
488.9969498474924, 1.546724223717936
489.0269513475674, 1.5465166021939576
489.0569528476424, 1.545800042880297
489.0869543477174, 1.5446437167756228
489.1169558477924, 1.5430669899668739
489.1469573478674, 1.5410698624540498
489.1769588479424, 1.5386523342371505
489.2069603480174, 1.5358294292386767
489.2369618480924, 1.5329286705828815
489.2669633481674, 1.5299500582697654
489.2969648482424, 1.5272619911002077
489.32696634831746, 1.5249383735666528
489.3569678483924, 1.5229792056691007
489.38696934846746, 1.5213844874075517
489.4169708485424, 1.5201609615993499
489.44697234861746, 1.5193709079507158
489.4769738486924, 1.51901432646165
489.50697534876747, 1.5189134966962754
489.5369768488424, 1.5190453236772452
489.5669783489175, 1.5194098074045603
489.5969798489924, 1.520006947878221
489.6269813490675, 1.5208381304349565
489.6569828491424, 1.5219110863501846
489.6869843492175, 1.5232258156239054
489.7169858492924, 1.5243631664181152
489.7469873493675, 1.5252952007096652
489.77698884944243, 1.526021918498555
489.8069903495175, 1.5265433197847846
489.8369918495925, 1.5267867029289346
489.8669933496675, 1.5264729784017441
489.8969948497425, 1.525602146203215
489.9269963498175, 1.5247942403509043
489.9569978498925, 1.5240552295123808
489.9869993499675, 1.523385113687645
490.0170008500425, 1.522783892876696
490.0470023501175, 1.522453353285316
490.0770038501925, 1.52296245788724
490.1070053502675, 1.5242961827599668
490.1370068503425, 1.5261270047792452
490.1670083504175, 1.5284549239450729
490.1970098504925, 1.5312799402574515
490.2270113505675, 1.5346020537163791
490.2570128506425, 1.5381840238862792
490.2870143507175, 1.5415156084988364
490.31701585079253, 1.5445900647367052
490.34701735086753, 1.5473451128936662
490.37701885094253, 1.549780752969718
490.40702035101754, 1.551896984964862
490.4370218510926, 1.5536938088790968
490.46702335116754, 1.555207661492051
490.4970248512426, 1.5564996854425726
490.52702635131755, 1.5575684953939322
490.5570278513926, 1.558406360070712
490.58702935146755, 1.559013279472912
490.6170308515426, 1.5593892536005325
490.64703235161755, 1.5595342824535732
490.6770338516926, 1.5594862897309587
490.70703535176756, 1.5592955743680468
490.7370368518426, 1.559034838004258
490.76703835191756, 1.5589831701688517
490.7970398519926, 1.5591405708618278
490.82704135206757, 1.5595070400831863
490.8570428521426, 1.5600825778329273
490.8870443522176, 1.5609086672370838
490.91704585229263, 1.5620290479908074
490.9470473523676, 1.5632419338883181
490.97704885244264, 1.5639783619558787
491.00705035251764, 1.5642383321934907
491.03705185259264, 1.5640218446011527
491.06705335266764, 1.5633288991788667
491.09705485274264, 1.5620246410305432
491.12705635281765, 1.5599960731174973
491.15705785289265, 1.5574804358753065
491.18705935296765, 1.5549879715722856
491.21706085304265, 1.5525186802084359
491.24706235311766, 1.550072561783756
491.27706385319266, 1.5476496162982476
491.30706535326766, 1.545447150489219
491.33706685334266, 1.5435956831636135
491.36706835341766, 1.5420587775418033
491.39706985349267, 1.540775290984939
491.42707135356767, 1.5397452234930211
491.45707285364267, 1.5389685750660498
491.4870743537177, 1.538445345704025
491.5170758537927, 1.5380848616111522
491.54707735386773, 1.5378404284497493
491.5770788539427, 1.537674122520892
491.60708035401774, 1.5375356448892221
491.6370818540927, 1.5374249955547392
491.66708335416774, 1.5373421745174436
491.6970848542427, 1.5372871817773355
491.72708635431775, 1.5371514166754099
491.7570878543927, 1.5368923789374411
491.78708935446775, 1.5364685854373963
491.8170908545427, 1.535836296480123
491.84709235461776, 1.5349955120656216
491.8770938546927, 1.5339462321938917
491.90709535476776, 1.5326884568649337
491.9370968548427, 1.5314372503803295
491.96709835491777, 1.5302540448026893
491.9970998549927, 1.5292736950281016
492.02710135506777, 1.5286091980952519
492.0571028551427, 1.5282605540041403
492.0871043552178, 1.5282277627547667
492.1171058552928, 1.5285108243471313
492.1471073553678, 1.5288074377366412
492.1771088554428, 1.5290588814038835
492.2071103555178, 1.5290678486115488
492.2371118555928, 1.528703820552695
492.2671133556678, 1.5279667972273208
492.2971148557428, 1.5268567786354272
492.3271163558178, 1.525373764777014
492.3571178558928, 1.523834600507548
492.3871193559678, 1.5222755434368822
492.4171208560428, 1.5207872673608118
492.4471223561178, 1.5194164666170182
492.4771238561928, 1.5181631412055019
492.5071253562678, 1.5170272911262628
492.5371268563428, 1.5160089163793011
492.5671283564178, 1.5148483617757698
492.5971298564928, 1.5135341655840588
492.6271313565678, 1.5121749284631738
492.6571328566428, 1.5108131506873403
492.6871343567178, 1.5094488322565585
492.7171358567929, 1.5080819731708277
492.7471373568678, 1.5067163198659734
492.7771388569429, 1.5055498616996805
492.80714035701783, 1.504582598671949
492.8371418570929, 1.503599466481197
492.86714335716783, 1.5025390330648136
492.8971448572429, 1.5014012984227991
492.92714635731784, 1.5001862625551534
492.9571478573929, 1.4989136800414073
492.98714935746784, 1.4978111677696662
493.0171508575429, 1.4968787257399296
493.04715235761785, 1.496418654996791
493.0771538576929, 1.4964896770596625
493.10715535776785, 1.4970917919285445
493.1371568578429, 1.4982249996034367
493.16715835791786, 1.49981617625068
493.1971598579929, 1.501421967164209
493.2271613580679, 1.5030423723440223
493.2571628581429, 1.5043605469346542
493.2871643582179, 1.505340233326251
493.3171658582929, 1.5059814315188125
493.3471673583679, 1.5062841415123391
493.37716885844293, 1.5063672467454106
493.40717035851793, 1.5066953451834841
493.43717185859293, 1.5072684368265583
493.46717335866794, 1.5083461768634814
493.49717485874294, 1.5099400270258616
493.52717635881794, 1.5120499873136999
493.55717785889294, 1.5146760577269949
493.58717935896794, 1.5176375535826891
493.61718085904295, 1.5204368000570798
493.64718235911795, 1.5230700507143402
493.67718385919295, 1.5253393161967865
493.70718535926795, 1.5272445965044177
493.73718685934296, 1.5287858916372343
493.76718835941796, 1.5299632015952358
493.79718985949296, 1.5308725617395516
493.827191359568, 1.5317094810797198
493.85719285964296, 1.5324542050362102
493.887194359718, 1.5328791167209168
493.91719585979297, 1.53298421613384
493.947197359868, 1.53276950327498
493.977198859943, 1.5322349781443363
494.00720036001803, 1.5313269090572406
494.037201860093, 1.5299622672472009
494.06720336016804, 1.5282141765478765
494.097204860243, 1.5265259916653338
494.12720636031804, 1.5248977125995726
494.157207860393, 1.5233293393505922
494.18720936046805, 1.5218208719183939
494.217210860543, 1.5204356574772595
494.24721236061805, 1.5192490199835682
494.277213860693, 1.5181420759987394
494.30721536076805, 1.516650227557316
494.337216860843, 1.5147734746592991
494.36721836091806, 1.512511817304688
494.39721986099306, 1.509865255493484
494.42722136106806, 1.5069427544923961
494.45722286114307, 1.5038444221132243
494.48722436121807, 1.5007509430390253
494.51722586129307, 1.498159992093503
494.5472273613681, 1.4960715692766582
494.5772288614431, 1.4944856745884902
494.6072303615181, 1.4934023080289998
494.6372318615931, 1.4924689653097296
494.6672333616681, 1.4914366001603678
494.6972348617431, 1.490209177219783
494.7272363618181, 1.488591187478438
494.7572378618931, 1.4865826309363315
494.7872393619681, 1.4841835075934653
494.8172408620431, 1.4813938174498371
494.8472423621181, 1.4789402601234294
494.8772438621931, 1.477212007455402
494.9072453622681, 1.4762627911304207
494.93724686234316, 1.4761756399149797
494.9672483624181, 1.4769505538090768
494.99724986249316, 1.478587532812714
495.0272513625681, 1.4810865769258896
495.05725286264317, 1.4838453766974258
495.0872543627181, 1.4866261180233866
495.1172558627932, 1.4893654537294885
495.1472573628681, 1.4919880598593531
495.1772588629432, 1.4944939364129806
495.2072603630181, 1.4968830833903712
495.2372618630932, 1.4991555007915252
495.2672633631681, 1.5013441643424479
495.2972648632432, 1.5034582095222568
495.32726636331813, 1.50538867106424
495.3572678633932, 1.5070354411566005
495.38726936346814, 1.5083985197993375
495.4172708635432, 1.5094779069924515
495.44727236361814, 1.510273602735943
495.4772738636932, 1.5107883256114805
495.5072753637682, 1.5110225567377131
495.5372768638432, 1.5113288004030967
495.5672783639182, 1.5119561028779447
495.5972798639932, 1.5129044641622589
495.6272813640682, 1.5141738842560377
495.6572828641432, 1.5157643631592825
495.6872843642182, 1.5176809039345787
495.7172858642932, 1.5199239615069762
495.7472873643682, 1.5217668362584926
495.7772888644432, 1.5228203563479688
495.8072903645182, 1.5230845217754068
495.8372918645932, 1.522559332540804
495.8672933646682, 1.521244788644163
495.89729486474323, 1.5189802623031945
495.92729636481823, 1.5157631587669227
495.95729786489323, 1.5121957874865255
495.98729936496824, 1.5085159625659383
496.01730086504324, 1.5047236840051623
496.04730236511824, 1.500818951804196
496.07730386519324, 1.4968215261792328
496.1073053652683, 1.4930916539362977
496.13730686534325, 1.48962933507539
496.1673083654183, 1.4864015938705042
496.19730986549325, 1.4833992948425236
496.2273113655683, 1.4806224379914485
496.25731286564326, 1.478071023317278
496.2873143657183, 1.475701612906366
496.31731586579326, 1.473196683403558
496.3473173658683, 1.4705562348088534
496.37731886594327, 1.4677775485405824
496.4073203660183, 1.4648601434800974
496.43732186609327, 1.4618040196273983
496.46732336616833, 1.4586091769824847
496.4973248662433, 1.4553381292320686
496.52732636631833, 1.4522589140188231
496.5573278663933, 1.449371531342748
496.58732936646834, 1.4466709781412561
496.61733086654334, 1.4441567994892992
496.64733236661834, 1.441828995386878
496.67733386669335, 1.439687565833992
496.70733536676835, 1.4377451369317575
496.73733686684335, 1.436037956041635
496.76733836691835, 1.4345660231636257
496.79733986699335, 1.433489966080016
496.82734136706836, 1.4328123795417838
496.85734286714336, 1.4325332635489285
496.88734436721836, 1.4326526181014512
496.91734586729336, 1.4330887166385577
496.94734736736837, 1.4336741238415636
496.97734886744337, 1.434389079494275
497.00735036751837, 1.4348733367906674
497.0373518675934, 1.435126895730741
497.0673533676684, 1.4351497563144955
497.0973548677434, 1.4349419185419308
497.1273563678184, 1.434569440990513
497.1573578678934, 1.4341321945521697
497.1873593679684, 1.433673617140548
497.21736086804344, 1.4335112321108023
497.2473623681184, 1.4336450394629325
497.27736386819345, 1.4340750391969388
497.3073653682684, 1.4348012313128211
497.33736686834345, 1.4358613350371738
497.3673683684184, 1.4372981138996719
497.39736986849346, 1.4390490542136036
497.4273713685684, 1.4408461183362964
497.45737286864346, 1.4426893062677497
497.4873743687184, 1.4445786180079636
497.51737586879347, 1.4465140535569385
497.5473773688684, 1.4483335885233721
497.57737886894347, 1.4498990086497727
497.6073803690184, 1.4511976878350241
497.6373818690935, 1.4521933787176655
497.6673833691684, 1.452886081297697
497.6973848692435, 1.4532757955751174
497.7273863693184, 1.4533625215499284
497.7573878693935, 1.4533736246745164
497.7873893694685, 1.453453805846466
497.8173908695435, 1.4536847916265707
497.8473923696185, 1.4542340173335153
497.8773938696935, 1.4551014829673008
497.9073953697685, 1.4562871885279276
497.9373968698435, 1.4577911340153942
497.9673983699185, 1.4593019471172763
497.9973998699935, 1.4606750875207983
498.0274013700685, 1.4618444966484934
498.0574028701435, 1.4627103036084348
498.0874043702185, 1.4632725084006215
498.1174058702935, 1.4635311110250546
498.1474073703685, 1.463486111481733
498.1774088704435, 1.4632406895240688
498.2074103705185, 1.4628282758248246
498.2374118705935, 1.4622111511574063
498.2674133706685, 1.4613465519921385
498.2974148707435, 1.460234478329022
498.3274163708186, 1.458874930168056
498.3574178708935, 1.4572679075092407
498.3874193709686, 1.455651248160162
498.41742087104353, 1.45407434150831
498.4474223711186, 1.4526992119449875
498.47742387119354, 1.4516640737276862
498.5074253712686, 1.4509689268564063
498.53742687134354, 1.4506137713311473
498.5674283714186, 1.4505986071519092
498.59742987149355, 1.4503774830920484
498.6274313715686, 1.4498905797144839
498.65743287164355, 1.4489105315668283
498.6874343717186, 1.4472926377514976
498.71743587179355, 1.4450368982684918
498.7474373718686, 1.442143313117811
498.77743887194356, 1.4386118822994547
498.8074403720186, 1.4350406050843931
498.83744187209356, 1.4314448774763686
498.8674433721686, 1.4281360717878055
498.8974448722436, 1.42525872833148
498.9274463723186, 1.4228128471073926
498.95744787239363, 1.4207984281155426
498.98744937246863, 1.4192169717714025
499.01745087254363, 1.4180976025495347
499.04745237261864, 1.4174403204499402
499.07745387269364, 1.4171419457192074
499.10745537276864, 1.4171690476845729
499.13745687284364, 1.417521626346037
499.16745837291865, 1.4181996817035998
499.19745987299365, 1.4191366460346289
499.22746137306865, 1.4198602064263544
499.25746287314365, 1.420370362878775
499.28746437321865, 1.420429277584306
499.31746587329366, 1.419987561155456
499.34746737336866, 1.4190452135922254
499.37746887344366, 1.4176022348946136
499.40747037351866, 1.4157699462374382
499.43747187359367, 1.41399781234422
499.46747337366867, 1.412285833214957
499.4974748737437, 1.4111799600762949
499.5274763738187, 1.4107400123653129
499.55747787389373, 1.410965990082012
499.5874793739687, 1.411857893226392
499.61748087404374, 1.4133150669990378
499.6474823741187, 1.4150707219129046
499.67748387419374, 1.4171248579679927
499.7074853742687, 1.4188794758933325
499.73748687434374, 1.4203191796851815
499.7674883744187, 1.4214439693435403
499.79748987449375, 1.4222538448684083
499.8274913745687, 1.4228251614162013
499.85749287464375, 1.4232998450944754
499.8874943747187, 1.4236763954877596
499.91749587479376, 1.4239256881214895
499.9474973748687, 1.4240477229956652
499.97749887494376, 1.424042500110287
500.00750037501876, 1.4239100194653551
500.03750187509377, 1.423515414456333
500.06750337516877, 1.4226770460559728
500.09750487524377, 1.4214614819869067
500.1275063753188, 1.420341035161905
500.1575078753938, 1.419315705580969
500.1875093754688, 1.4183854932440971
500.2175108755438, 1.417550398151291
500.2475123756188, 1.4169961009071974
500.2775138756938, 1.4169061645697862
500.3075153757688, 1.4171692679642398
500.3375168758438, 1.4173359463670376
500.3675183759188, 1.4174061997781813
500.3975198759938, 1.4173800281976696
500.4275213760688, 1.4172574316255035
500.4575228761438, 1.417038342398692
500.4875243762188, 1.4167227115333536
500.5175258762938, 1.4164111938289021
500.5475273763688, 1.4163705787723826
500.5775288764438, 1.416600866363795
500.60753037651887, 1.4171020566031398
500.6375318765938, 1.4178741494904161
500.66753337666887, 1.4186820485428069
500.6975348767438, 1.4194034048684583
500.7275363768189, 1.4199618633109552
500.7575378768938, 1.4202154977627406
500.7875393769689, 1.4201643082238151
500.8175408770438, 1.4198082946941781
500.8475423771189, 1.419147457173831
500.87754387719383, 1.4184373103811403
500.9075453772689, 1.4177696011003964
500.93754687734383, 1.4172791959361362
500.9675483774189, 1.4171477339156073
500.99754987749384, 1.4173752150388097
501.0275513775689, 1.4179616393057435
501.05755287764384, 1.418907006716409
501.0875543777189, 1.4200041575047582
501.11755587779385, 1.4212058601789996
501.1475573778689, 1.4223264341344866
501.1775588779439, 1.4231823163132495
501.2075603780189, 1.4237735067152881
501.2375618780939, 1.4241000053406032
501.2675633781689, 1.4241618121891944
501.2975648782439, 1.4238835499562803
501.3275663783189, 1.4232562162863271
501.3575678783939, 1.4222798788423243
501.3875693784689, 1.4209545866081552
501.4175708785439, 1.4192803395838194
501.44757237861893, 1.4172571377693166
501.47757387869393, 1.414884981164647
501.50757537876893, 1.4124188690562276
501.53757687884394, 1.409865949137989
501.56757837891894, 1.4074613178927484
501.59757987899394, 1.4053273242123596
501.62758137906894, 1.4034639680968228
501.65758287914394, 1.401871249546138
501.68758437921895, 1.4005562650742291
501.717585879294, 1.3996468242151114
501.74758737936895, 1.399142926968785
501.777588879444, 1.3987890586168816
501.80759037951896, 1.3984934723751112
501.837591879594, 1.3982561682434735
501.86759337966896, 1.398077146221969
501.897594879744, 1.3979201347394534
501.92759637981897, 1.3975485145313735
501.957597879894, 1.39696228559773
501.98759937996897, 1.3963686077045703
502.01760088004403, 1.3958147123436841
502.047602380119, 1.3953005995150725
502.07760388019403, 1.3948262692187345
502.107605380269, 1.3943695748439933
502.13760688034404, 1.3938490169343678
502.167608380419, 1.3932645954898584
502.19760988049404, 1.392691687815246
502.227611380569, 1.3921392962660646
502.25761288064405, 1.391607420842315
502.28761438071905, 1.391096061543996
502.31761588079405, 1.3907160155702756
502.34761738086905, 1.3907322206122792
502.37761888094406, 1.3911446766700073
502.40762038101906, 1.391698384457042
502.43762188109406, 1.3923861962794537
502.46762338116906, 1.3932081121372433
502.49762488124406, 1.3941641320304092
502.52762638131907, 1.3951116838368758
502.55762788139407, 1.3958146928228745
502.58762938146907, 1.3962660624744812
502.6176308815441, 1.3963379832576803
502.6476323816191, 1.3960304551724725
502.6776338816941, 1.3953434782188578
502.7076353817691, 1.3942770523968355
502.7376368818441, 1.3929159082766724
502.7676383819191, 1.391360063816064
502.7976398819941, 1.3896457905861535
502.8276413820691, 1.3880097078514946
502.8576428821441, 1.3864518156120873
502.88764438221915, 1.3849721138679314
502.9176458822941, 1.383570602619027
502.94764738236915, 1.3822745035199957
502.9776488824441, 1.3811068967989204
503.00765038251916, 1.3800899290664796
503.0376518825941, 1.3793050997791532
503.06765338266916, 1.3787524089369407
503.0976548827441, 1.3784318565398426
503.12765638281917, 1.378343442587859
503.1576578828941, 1.378495959314641
503.1876593829692, 1.378894701107245
503.2176608830441, 1.3794288707665041
503.2476623831192, 1.379833530601292
503.2776638831941, 1.3801086806116094
503.3076653832692, 1.3802543207974558
503.3376668833441, 1.380270451158831
503.3676683834192, 1.3800028653762701
503.3976698834942, 1.379387837239707
503.4276713835692, 1.3785679388712189
503.4576728836442, 1.3777792450045732
503.4876743837192, 1.3770217556397704
503.5176758837942, 1.3762954707768102
503.5476773838692, 1.375600390415693
503.5776788839442, 1.3752436818701061
503.6076803840192, 1.3753062767267017
503.6376818840942, 1.3757034444152132
503.6676833841692, 1.3763351669779451
503.6976848842442, 1.3772014444148981
503.7276863843192, 1.3783022767260713
503.7576878843942, 1.3796376639114656
503.7876893844692, 1.3808306477878587
503.8176908845442, 1.3818277669703265
503.8476923846192, 1.3826017998042486
503.8776938846942, 1.3831296660615406
503.9076953847692, 1.3834113657422036
503.93769688484423, 1.383446898846237
503.96769838491923, 1.383236265373641
503.9976998849943, 1.3831076236495625
504.02770138506924, 1.3830744447460892
504.0577028851443, 1.3831279364295699
504.08770438521924, 1.3832628043129473
504.1177058852943, 1.3834790483962225
504.14770738536924, 1.3837766686793949
504.1777088854443, 1.3841427633088985
504.20771038551925, 1.3843084558997263
504.2377118855943, 1.3842737464518782
504.26771338566925, 1.3841928412848192
504.2977148857443, 1.384129466608616
504.32771638581926, 1.3840836224232678
504.3577178858943, 1.3840553087287748
504.38771938596926, 1.3840363955750437
504.4177208860443, 1.3839731660890158
504.44772238611927, 1.3838656202706905
504.4777238861943, 1.3834065908063802
504.50772538626927, 1.382515146109434
504.53772688634433, 1.3811912861798505
504.56772838641933, 1.3794350110176306
504.59772988649434, 1.3773121973279152
504.62773138656934, 1.375059758800626
504.65773288664434, 1.3726776954357616
504.68773438671934, 1.3705429654165446
504.71773588679434, 1.3687090301278995
504.74773738686935, 1.3671758895698247
504.77773888694435, 1.3659435437423215
504.80774038701935, 1.3649308908014186
504.83774188709435, 1.3639523593310183
504.86774338716936, 1.3630079493311196
504.89774488724436, 1.361769502476576
504.92774638731936, 1.3602235476953
504.95774788739436, 1.3583700849872917
504.98774938746936, 1.3562091143525508
505.01775088754437, 1.35383807521756
505.04775238761937, 1.35140865098189
505.07775388769437, 1.348933743499106
505.10775538776943, 1.3466822291542162
505.1377568878444, 1.3446541079472198
505.16775838791943, 1.3428493798781174
505.1977598879944, 1.3412680449469088
505.22776138806944, 1.3399474397721283
505.2577628881444, 1.3389282422225135
505.28776438821944, 1.3382185822481583
505.3177658882944, 1.3378721767221213
505.34776738836945, 1.3378890256444032
505.3777688884444, 1.3382691290150033
505.40777038851945, 1.3390124868339217
505.4377718885944, 1.339933107179157
505.46777338866946, 1.3408886574125705
505.4977748887444, 1.3418132608290212
505.52777638881946, 1.342470003738588
505.5577778888944, 1.3428588861412714
505.58777938896947, 1.3429799080370706
505.6177808890444, 1.342833069425986
505.64778238911947, 1.342491132274588
505.6777838891945, 1.3419924492516713
505.7077853892695, 1.3414181222012058
505.7377868893445, 1.3409537225392896
505.7677883894195, 1.3405992502659234
505.7977898894945, 1.3403547053811065
505.8277913895695, 1.34022008788484
505.8577928896445, 1.3401978180294996
505.8877943897195, 1.340288730197702
505.9177958897945, 1.3403953849629642
505.9477973898695, 1.3403660989257158
505.9777988899445, 1.3402008720859575
506.0078003900195, 1.3398997044436887
506.0378018900945, 1.3394625959989095
506.0678033901695, 1.3391230064976334
506.0978048902445, 1.3389277810269937
506.1278063903195, 1.338839582968455
506.1578078903945, 1.3388177344532808
506.1878093904695, 1.3388622354814697
506.2178108905445, 1.3389730860530227
506.2478123906195, 1.3391502861679394
506.2778138906946, 1.3391025154167044
506.3078153907695, 1.338805323777099
506.3378168908446, 1.3384447031711255
506.3678183909195, 1.3381629862369215
506.3978198909946, 1.3379601729744872
506.42782139106953, 1.3378362633838226
506.4578228911446, 1.3377917891252986
506.48782439121953, 1.3378680406022585
506.5178258912946, 1.3380650178147022
506.54782739136954, 1.3383099587960594
506.5778288914446, 1.338564510877535
506.60783039151954, 1.3388286740591304
506.6378318915946, 1.3391024483408445
506.66783339166955, 1.3393705031602725
506.6978348917446, 1.3394997627331455
506.72783639181955, 1.3394902270594642
506.7578378918946, 1.339339475886851
506.7878393919696, 1.3390466748326906
506.8178408920446, 1.3386118238969826
506.8478423921196, 1.338034923079727
506.8778438921946, 1.337370854702928
506.9078453922696, 1.3368471448377424
506.9378468923446, 1.33646379348417
506.9678483924196, 1.3359873408961984
506.9978498924946, 1.3353709419866928
507.02785139256963, 1.334614596755655
507.05785289264463, 1.3337183052030834
507.08785439271963, 1.3326361821179264
507.11785589279464, 1.33125357508916
507.14785739286964, 1.3295704841167855
507.17785889294464, 1.3278782296103182
507.20786039301964, 1.3262012615919758
507.23786189309465, 1.324539580061759
507.26786339316965, 1.3228931850196677
507.29786489324465, 1.321272504217949
507.32786639331965, 1.3196947142532487
507.35786789339465, 1.3181592834651965
507.3878693934697, 1.316624921450449
507.41787089354466, 1.3150916282090062
507.4478723936197, 1.313559403740868
507.47787389369466, 1.3120282480460346
507.5078753937697, 1.3106589905426895
507.53787689384467, 1.3096328904182966
507.5678783939197, 1.308965278235262
507.5978798939947, 1.3087892297778536
507.62788139406973, 1.3091047450460713
507.6578828941447, 1.3099118240399157
507.68788439421974, 1.3112104667593862
507.7178858942947, 1.3126954432958937
507.74788739436974, 1.314129807261439
507.7778888944447, 1.3154586763340181
507.80789039451975, 1.316454524442474
507.8378918945947, 1.3171173515868069
507.86789339466975, 1.3174471577670162
507.8978948947447, 1.3174439429831022
507.92789639481975, 1.317271317684156
507.95789789489476, 1.317014982436673
507.98789939496976, 1.316720822451707
508.01790089504476, 1.3165034901402801
508.04790239511976, 1.3163629855023926
508.07790389519477, 1.3162993085380439
508.10790539526977, 1.3163124592472346
508.13790689534477, 1.3163875297733219
508.1679083954198, 1.3165195502753928
508.1979098954948, 1.3166980930012002
508.2279113955698, 1.3169059813540986
508.2579128956448, 1.3171432153340872
508.2879143957198, 1.3174097949411665
508.3179158957948, 1.3177057201753362
508.3479173958698, 1.3180335316039689
508.3779188959448, 1.318393698248316
508.4079203960198, 1.3186253906901937
508.4379218960948, 1.318547349742138
508.4679233961698, 1.3181595754041493
508.49792489624485, 1.3174620676762268
508.5279263963198, 1.3164548265583706
508.55792789639486, 1.3149835205207452
508.5879293964698, 1.3130380863541835
508.61793089654486, 1.3109237539672751
508.6479323966198, 1.3088774697480192
508.67793389669487, 1.3068992336964158
508.7079353967698, 1.3049890458124649
508.7379368968449, 1.30315543961562
508.7679383969198, 1.3016418687074645
508.7979398969949, 1.3004483330879981
508.8279413970698, 1.2994112223081302
508.8579428971449, 1.2984448358013652
508.8879443972198, 1.2975491735677027
508.9179458972949, 1.296724235607143
508.94794739736983, 1.2959630115843268
508.9779488974449, 1.2952183320096793
509.00795039751983, 1.2944901968832003
509.0379518975949, 1.2937935140615322
509.0679533976699, 1.2931332533855882
509.0979548977449, 1.292509414855368
509.1279563978199, 1.2919219984708714
509.1579578978949, 1.2913609555936603
509.1879593979699, 1.290791747310201
509.2179608980449, 1.2902143736204936
509.2479623981199, 1.2896262939571654
509.2779638981949, 1.2890270392989647
509.3079653982699, 1.2884166096458924
509.3379668983449, 1.2877950049979476
509.3679683984199, 1.2871734034034061
509.3979698984949, 1.286575363484137
509.4279713985699, 1.2860008852401403
509.4579728986449, 1.2856043002012525
509.4879743987199, 1.2853956715766395
509.51797589879493, 1.2853749993663017
509.54797739886993, 1.2855422835702393
509.57797889894493, 1.2858147878960948
509.60798039901994, 1.286077632809021
509.63798189909494, 1.2863222847895652
509.66798339917, 1.286305290236143
509.69798489924494, 1.286026649148755
509.72798639932, 1.2854863615274008
509.75798789939495, 1.2846844273720806
509.78798939947, 1.2837664649217944
509.81799089954495, 1.282869063167287
509.84799239962, 1.2819992324439187
509.87799389969496, 1.2812041422412639
509.90799539977, 1.2804837925593229
509.93799689984496, 1.2798381833980954
509.96799839992, 1.2792673147575815
509.99799989999497, 1.278719356906166
510.02800140007, 1.278161695526377
510.05800290014497, 1.2776043792566532
510.08800440022003, 1.2770819470105277
510.118005900295, 1.2765943987880013
510.14800740037003, 1.2761417345890735
510.17800890044504, 1.2757239544137444
510.20801040052004, 1.2753546347131715
510.23801190059504, 1.275039267055657
510.26801340067004, 1.2747666733929257
510.29801490074504, 1.2745132951031084
510.32801640082005, 1.2742791321862046
510.35801790089505, 1.2740641846422147
510.38801940097005, 1.2738684524711386
510.41802090104505, 1.2736406453584115
510.44802240112006, 1.2733687853203068
510.47802390119506, 1.2731356086491818
510.50802540127006, 1.2730559948798845
510.53802690134506, 1.2731299440124142
510.56802840142007, 1.273357456046771
510.59802990149507, 1.2737385309829545
510.62803140157007, 1.2742690008564503
510.6580329016451, 1.2749484524840529
510.6880344017201, 1.275631267626762
510.7180359017951, 1.2761808572938325
510.7480374018701, 1.2765972214852643
510.77803890194514, 1.2768803602010572
510.8080404020201, 1.2770299908220961
510.83804190209514, 1.2770162969082268
510.8680434021701, 1.27683927845945
510.89804490224515, 1.2765507652073806
510.9280464023201, 1.2761833714694903
510.95804790239515, 1.2757370972457793
510.9880494024701, 1.275211942536247
511.01805090254516, 1.2746093650261787
511.0480524026201, 1.2739412292032806
511.07805390269516, 1.2732075350675527
511.1080554027701, 1.2723947061678373
511.13805690284516, 1.2714972509358329
511.1680584029201, 1.2705151693715386
511.19805990299517, 1.2694484614749553
511.2280614030701, 1.2683261514609954
511.2580629031452, 1.2672574917438038
511.2880644032201, 1.2662424823233807
511.3180659032952, 1.2653324135142905
511.3480674033702, 1.26453926330026
511.3780689034452, 1.2638630316812887
511.4080704035202, 1.2633037186573763
511.4380719035952, 1.2628383075737375
511.4680734036702, 1.2624157663766498
511.4980749037452, 1.2620360950661131
511.5280764038202, 1.2617034616066427
511.5580779038952, 1.2614182791814437
511.5880794039702, 1.2611805477905162
511.6180809040452, 1.2609902674338602
511.6480824041202, 1.2607736407301389
511.6780839041952, 1.2604254391600265
511.7080854042702, 1.259945945342637
511.7380869043452, 1.2593649757181256
511.7680884044202, 1.2586825302864912
511.7980899044952, 1.2578986090477344
511.8280914045702, 1.257013212001855
511.8580929046452, 1.2561127852590674
511.8880944047203, 1.2552790490672447
511.9180959047952, 1.2545105457411023
511.9480974048703, 1.2537954107929337
511.9780989049452, 1.2531336442227392
512.0081004050203, 1.252525246030518
512.0381019050952, 1.251970216216271
512.0681034051703, 1.2515301748562153
512.0981049052452, 1.251243479922879
512.1281064053203, 1.2510811072013495
512.1581079053952, 1.2509338042774816
512.1881094054703, 1.250801571151276
512.2181109055452, 1.2506844078227326
512.2481124056203, 1.2505823142918506
512.2781139056952, 1.250366982517164
512.3081154057703, 1.2499882855064584
512.3381169058453, 1.2494692399145209
512.3681184059203, 1.2488608777950734
512.3981199059953, 1.2481631991481161
512.4281214060703, 1.2473762039736485
512.4581229061453, 1.2464998922716708
512.4881244062203, 1.245565907070555
512.5181259062954, 1.2445810882228732
512.5481274063703, 1.2436192331099623
512.5781289064453, 1.242785570251148
512.6081304065203, 1.2420800996464312
512.6381319065954, 1.2415028212958112
512.6681334066703, 1.2410537351992887
512.6981349067453, 1.2408625823615014
512.7281364068203, 1.2409397453866478
512.7581379068954, 1.2411987781645135
512.7881394069703, 1.241557960447225
512.8181409070453, 1.242017292234783
512.8481424071203, 1.242576773527187
512.8781439071954, 1.2432302434806572
512.9081454072704, 1.2437784930925833
512.9381469073453, 1.2442215223629645
512.9681484074204, 1.244497711215584
512.9981499074954, 1.2445687016779123
513.0281514075704, 1.2444344937499503
513.0581529076454, 1.2440950874316978
513.0881544077204, 1.2435756658513357
513.1181559077954, 1.2430382157712967
513.1481574078704, 1.242482737191581
513.1781589079454, 1.2420375381536548
513.2081604080204, 1.2417527456497328
513.2381619080954, 1.2416283596798139
513.2681634081704, 1.2416643802438976
513.2981649082454, 1.241808027073257
513.3281664083204, 1.2418917449296325
513.3581679083954, 1.2419155338130239
513.3881694084704, 1.241847750695059
513.4181709085454, 1.2416815557231657
513.4481724086204, 1.2414169488973443
513.4781739086955, 1.2410539302175951
513.5081754087704, 1.2406329081981902
513.5381769088455, 1.2402306028036183
513.5681784089204, 1.2398470140338798
513.5981799089955, 1.2393524008843364
513.6281814090705, 1.2387363807507898
513.6581829091455, 1.2379989536332399
513.6881844092204, 1.2371401195316871
513.7181859092955, 1.2361609829997715
513.7481874093705, 1.2350628891601283
513.7781889094455, 1.2338519988565373
513.8081904095204, 1.2327275210916089
513.8381919095955, 1.2316894558653437
513.8681934096705, 1.2307378031777416
513.8981949097455, 1.229872563028803
513.9281964098204, 1.2291297137584825
513.9581979098955, 1.2285378408288055
513.9881994099705, 1.2280717611115906
514.0182009100455, 1.2275694878444052
514.0482024101204, 1.2270310210272497
514.0782039101955, 1.2264563606601235
514.1082054102706, 1.2258455067430274
514.1382069103455, 1.2251884441158398
514.1682084104206, 1.2244801062405641
514.1982099104955, 1.2237732733859281
514.2282114105706, 1.2232355007901918
514.2582129106455, 1.2228667884533544
514.2882144107206, 1.222667136375416
514.3182159107955, 1.2226365445563772
514.3482174108706, 1.222698624564312
514.3782189109455, 1.2228307295142136
514.4082204110206, 1.2229924508918095
514.4382219110955, 1.2231070687326107
514.4682234111706, 1.2231745830366176
514.4982249112455, 1.2231949938038302
514.5282264113206, 1.2231683010342485
514.5582279113955, 1.2231646329994676
514.5882294114706, 1.2231936396951266
514.6182309115455, 1.2232542165675848
514.6482324116206, 1.2233450184942076
514.6782339116955, 1.2234660454749946
514.7082354117706, 1.223617297509946
514.7382369118457, 1.2237987745990613
514.7682384119206, 1.2240653996427833
514.7982399119956, 1.2244178843335018
514.8282414120706, 1.2248202503312606
514.8582429121457, 1.225243912174036
514.8882444122206, 1.2256888698618271
514.9182459122956, 1.2261551233946346
514.9482474123706, 1.2266147355780463
514.9782489124457, 1.2268041118403212
515.0082504125206, 1.2267232521814595
515.0382519125956, 1.226382171761582
515.0682534126706, 1.2257859371186859
515.0982549127457, 1.2249345482527707
515.1282564128206, 1.223828005163837
515.1582579128956, 1.2225164021011663
515.1882594129706, 1.221194122027659
515.2182609130457, 1.2198611649433158
515.2482624131206, 1.2185939192800617
515.2782639131957, 1.217415031922903
515.3082654132706, 1.2163245028718406
515.3382669133457, 1.2153223321268745
515.3682684134207, 1.2143624448141903
515.3982699134957, 1.2133443818739493
515.4282714135707, 1.2122681433061513
515.4582729136457, 1.2110636008392013
515.4882744137207, 1.2097211044774605
515.5182759137957, 1.2082406542209283
515.5482774138707, 1.2066222500696044
515.5782789139457, 1.2049384584226934
515.6082804140207, 1.203287693660632
515.6382819140957, 1.2016699557834203
515.6682834141707, 1.2000303218906156
515.6982849142457, 1.1983680802898287
515.7282864143207, 1.1966832309810589
515.7582879143957, 1.1949757739643068
515.7882894144707, 1.1932310500550547
515.8182909145457, 1.1914363102601828
515.8482924146208, 1.189619491774103
515.8782939146957, 1.1880441891685563
515.9082954147707, 1.1867104024435424
515.9382969148458, 1.1856181315990617
515.9682984149208, 1.1847673766351137
515.9982999149958, 1.1842678970448441
516.0283014150707, 1.184179908543744
516.0583029151458, 1.1844533168825317
516.0883044152208, 1.1848937390983065
516.1183059152958, 1.185501175191068
516.1483074153707, 1.1862756251608166
516.1783089154458, 1.1872170890075517
516.2083104155208, 1.1879803120359345
516.2383119155958, 1.1884545159385544
516.2683134156707, 1.1886857755892235
516.2983149157458, 1.1887745500477829
516.3283164158208, 1.1887208393142314
516.3583179158958, 1.1885246433885694
516.3883194159707, 1.188185962270796
516.4183209160458, 1.1879689502930728
516.4483224161208, 1.1879134700107552
516.4783239161958, 1.187946955024639
516.5083254162708, 1.1879709909542884
516.5383269163458, 1.1879855777997026
516.5683284164209, 1.1879907155608813
516.5983299164958, 1.187986404237825
516.6283314165709, 1.187942606705186
516.6583329166458, 1.1878587453088658
516.6883344167209, 1.1877494792333816
516.7183359167958, 1.1876275574718538
516.7483374168709, 1.1874929800242817
516.7783389169458, 1.1873457468906656
516.8083404170209, 1.1871893680936016
516.8383419170958, 1.1870577382449004
516.8683434171709, 1.1869508573445615
516.8983449172458, 1.1867589658994402
516.9283464173209, 1.1864218481940447
516.9583479173959, 1.1859395042283754
516.9883494174709, 1.1853119340024318
517.0183509175458, 1.1845365171953999
517.0483524176209, 1.1836032155899008
517.078353917696, 1.1825120291859357
517.1083554177709, 1.1816082126788436
517.1383569178458, 1.1810025443760348
517.1683584179209, 1.1806950242775107
517.198359917996, 1.1806856523832698
517.2283614180709, 1.180923534404691
517.2583629181458, 1.181300826511182
517.2883644182209, 1.1818175287027441
517.318365918296, 1.182209486647216
517.3483674183709, 1.1824368377892425
517.3783689184459, 1.1824995821288231
517.4083704185209, 1.1823977196659583
517.438371918596, 1.182166873578747
517.4683734186709, 1.1818533716579667
517.4983749187459, 1.181457213903617
517.5283764188209, 1.1810084374410454
517.558377918896, 1.1805076199243505
517.5883794189709, 1.1799547613535328
517.618380919046, 1.1793498617285918
517.6483824191209, 1.178725533945704
517.678383919196, 1.1781085458694542
517.7083854192709, 1.177495387477247
517.738386919346, 1.1768521641572713
517.768388419421, 1.176178875909528
517.798389919496, 1.175475522734016
517.828391419571, 1.1747421046307358
517.858392919646, 1.1739354559216286
517.888394419721, 1.1730337530617179
517.918395919796, 1.172039616371819
517.948397419871, 1.1709630840693095
517.978398919946, 1.169804156154189
518.008400420021, 1.1685628326264577
518.038401920096, 1.1672391134861153
518.068403420171, 1.165913471246423
518.098404920246, 1.1646086515761893
518.128406420321, 1.1633755487640371
518.158407920396, 1.162322006640557
518.1884094204711, 1.1614480252057486
518.218410920546, 1.1607536044596127
518.248412420621, 1.160238744402148
518.278413920696, 1.1598398961236716
518.3084154207711, 1.1595496458666827
518.338416920846, 1.1593323704530825
518.368418420921, 1.159141742092094
518.398419920996, 1.1589777607837168
518.4284214210711, 1.158840426527951
518.458422921146, 1.1587287754545224
518.488424421221, 1.158562593016288
518.5184259212961, 1.158341879213249
518.5484274213711, 1.1580340211492288
518.5784289214461, 1.1576122509596423
518.608430421521, 1.157076568644489
518.6384319215961, 1.1564269742037696
518.6684334216711, 1.1556964010784077
518.6984349217461, 1.1551078533524515
518.7284364218211, 1.154661331025902
518.7584379218961, 1.154399999776817
518.7884394219711, 1.154345683150174
518.8184409220461, 1.154498381145972
518.8484424221211, 1.1548580937642114
518.8784439221961, 1.1553635732209777
518.9084454222711, 1.15582702691142
518.9384469223461, 1.156248454835538
518.9684484224211, 1.1565473844800702
518.9984499224961, 1.1567010701762084
519.0284514225712, 1.1567095119239528
519.0584529226461, 1.1565727097233034
519.0884544227212, 1.156350628410099
519.1184559227961, 1.1561481990804487
519.1484574228712, 1.1559654217343527
519.1784589229461, 1.1558658452814952
519.2084604230212, 1.1558568834793763
519.2384619230961, 1.1559385363279957
519.2684634231712, 1.1561108038273538
519.2984649232462, 1.1563055972833813
519.3284664233212, 1.1564496907584656
519.3584679233961, 1.1565440481228813
519.3884694234712, 1.1566688839237704
519.4184709235462, 1.1568241981611327
519.4484724236212, 1.1570099908349687
519.4784739236961, 1.157226261945278
519.5084754237712, 1.1575223259028025
519.5384769238462, 1.157930997274675
519.5684784239212, 1.1584193426199714
519.5984799239961, 1.1587643578546438
519.6284814240712, 1.1589660429786912
519.6584829241463, 1.1590243979921147
519.6884844242212, 1.1589394228949133
519.7184859242961, 1.1586178915730019
519.7484874243712, 1.1580234651251913
519.7784889244463, 1.157217391335396
519.8084904245212, 1.1563874628084672
519.8384919245963, 1.1555336795444047
519.8684934246712, 1.1546560415432088
519.8984949247463, 1.1537545488048795
519.9284964248212, 1.152916486689254
519.9584979248963, 1.1521585958734397
519.9884994249712, 1.1514209115215979
520.0185009250463, 1.1505985025376189
520.0485024251212, 1.1496913689215034
520.0785039251963, 1.148699510673251
520.1085054252712, 1.1476229277928616
520.1385069253463, 1.1464499382062425
520.1685084254212, 1.1451800433551254
520.1985099254963, 1.1438813319335785
520.2285114255712, 1.1426270298792154
520.2585129256463, 1.1414171371920359
520.2885144257212, 1.1402516538720397
520.3185159257963, 1.1391355438075292
520.3485174258713, 1.1381262634386076
520.3785189259463, 1.1372238127652743
520.4085204260214, 1.1363788773767878
520.4385219260963, 1.1355586427060151
520.4685234261713, 1.1347631087529566
520.4985249262463, 1.1339922755176115
520.5285264263214, 1.1332296584751804
520.5585279263963, 1.1324094980879873
520.5885294264713, 1.131531794356032
520.6185309265463, 1.1306897733933998
520.6485324266214, 1.12991977410128
520.6785339266963, 1.1292217964796731
520.7085354267713, 1.1285958405285788
520.7385369268463, 1.1280475109596058
520.7685384269214, 1.127588619914588
520.7985399269963, 1.127219167393526
520.8285414270713, 1.126851868036581
520.8585429271463, 1.1264699811666476
520.8885444272214, 1.1260735067837246
520.9185459272963, 1.1256624448878125
520.9485474273714, 1.1252760088274574
520.9785489274464, 1.1249633788410844
521.0085504275214, 1.124724554928694
521.0385519275964, 1.1245712191643784
521.0685534276714, 1.1245038701064067
521.0985549277464, 1.1245225077547791
521.1285564278214, 1.124627132109495
521.1585579278964, 1.1247320184849983
521.1885594279714, 1.124771409367807
521.2185609280464, 1.1247403408696188
521.2485624281214, 1.1245813565503309
521.2785639281964, 1.1242944564099435
521.3085654282714, 1.1238796404484563
521.3385669283464, 1.1233369086658689
521.3685684284214, 1.1227349207938606
521.3985699284964, 1.1221047200095533
521.4285714285714, 1.1214627908377477
521.4585729286464, 1.1208748928161196
521.4885744287214, 1.1203410259446691
521.5185759287965, 1.119861190223396
521.5485774288715, 1.1194353856522998
521.5785789289464, 1.1190373977419914
521.6085804290215, 1.1186611507814692
521.6385819290965, 1.1183010400591245
521.6685834291715, 1.1179452534331236
521.6985849292464, 1.1175937909034657
521.7285864293215, 1.1172466524701514
521.7585879293965, 1.11690383813318
521.7885894294715, 1.116622869965711
521.8185909295464, 1.1164077143257052
521.8485924296215, 1.1162191578646148
521.8785939296965, 1.1160080203440153
521.9085954297715, 1.1157743017639064
521.9385969298464, 1.1155180021242885
521.9685984299215, 1.1152362329162029
521.9985999299965, 1.1148834215699803
522.0286014300715, 1.1144595680856206
522.0586029301465, 1.1140503971486801
522.0886044302215, 1.1137216662726408
522.1186059302966, 1.1134733754575026
522.1486074303715, 1.1133055247032655
522.1786089304466, 1.1131933617836094
522.2086104305215, 1.1130272439041664
522.2386119305966, 1.112807171064937
522.2686134306715, 1.1124644835342419
522.2986149307466, 1.1119681381349584
522.3286164308215, 1.1113181348670862
522.3586179308966, 1.110514473730626
522.3886194309715, 1.1096161147903438
522.4186209310466, 1.1087547824294302
522.4486224311215, 1.1079304766478857
522.4786239311966, 1.1071694119350999
522.5086254312715, 1.1064776640020741
522.5386269313466, 1.1058552328488085
522.5686284314215, 1.1053021184753031
522.5986299314966, 1.1047835939859552
522.6286314315716, 1.1042544966679808
522.6586329316466, 1.1037148265213799
522.6886344317215, 1.1031070614729934
522.7186359317966, 1.1024272351648612
522.7486374318717, 1.1016753475969834
522.7786389319466, 1.1008513987693598
522.8086404320215, 1.0999663253612035
522.8386419320966, 1.0990286985404727
522.8686434321717, 1.0980414068161255
522.8986449322466, 1.0970500227578317
522.9286464323216, 1.0960545463655913
522.9586479323966, 1.0950549776394043
522.9886494324717, 1.0940513165792705
523.0186509325466, 1.093161849411378
523.0486524326216, 1.0924404602790583
523.0786539326966, 1.0919119014086307
523.1086554327717, 1.0916858155944642
523.1386569328466, 1.0917622028365577
523.1686584329216, 1.0921410631349118
523.1986599329966, 1.0928223964895265
523.2286614330717, 1.0935796638636095
523.2586629331466, 1.094361063346048
523.2886644332217, 1.0951076348720767
523.3186659332966, 1.095687654058503
523.3486674333717, 1.0961011209053277
523.3786689334466, 1.0963480354125519
523.4086704335217, 1.096428397580174
523.4386719335967, 1.0964555328042795
523.4686734336717, 1.0964365195356802
523.4986749337467, 1.096406084669979
523.5286764338217, 1.0964093909199601
523.5586779338967, 1.0964464382856234
523.5886794339717, 1.0965172267669692
523.6186809340467, 1.096624823094456
523.6486824341217, 1.0968106138177791
523.6786839341967, 1.0970745989369388
523.7086854342717, 1.0974058417727222
523.7386869343468, 1.09779577115717
523.7686884344217, 1.098244387090283
523.7986899344967, 1.0987516895720615
523.8286914345717, 1.0993092529284791
523.8586929346468, 1.0998827816339496
523.8886944347217, 1.100472275688473
523.9186959347967, 1.1009594488658612
523.9486974348717, 1.1012904170227826
523.9786989349468, 1.1014651801592383
524.0087004350218, 1.1014837382752276
524.0387019350967, 1.1012807267245457
524.0687034351718, 1.1007209568568812
524.0987049352468, 1.0998044286722342
524.1287064353218, 1.0987576812073976
524.1587079353967, 1.097632516373483
524.1887094354718, 1.0964289341704914
524.2187109355468, 1.0951469345984224
524.2487124356218, 1.093926609292757
524.2787139356967, 1.0929357094882666
524.3087154357718, 1.0921742351849504
524.3387169358468, 1.0915288609867244
524.3687184359218, 1.0909925084427758
524.3987199359968, 1.0905651775531051
524.4287214360718, 1.0902468683177118
524.4587229361468, 1.0899858356261196
524.4887244362218, 1.0897453243098152
524.5187259362968, 1.0895222676383391
524.5487274363718, 1.0892752790619966
524.5787289364469, 1.0890043585807878
524.6087304365218, 1.0887095061947123
524.6387319365969, 1.0883907219037707
524.6687334366718, 1.087988797862835
524.6987349367469, 1.087480106190076
524.7287364368218, 1.0868730725595193
524.7587379368969, 1.0862019924967512
524.7887394369718, 1.0854668660017721
524.8187409370469, 1.0846676930745818
524.8487424371218, 1.08380447371518
524.8787439371969, 1.082892079851932
524.9087454372718, 1.0819332333154503
524.9387469373469, 1.0809932987519406
524.9687484374219, 1.080207464811713
524.9987499374969, 1.0795757314947683
525.0287514375718, 1.0790980988011059
525.0587529376469, 1.0787745667307267
525.088754437722, 1.078574497946243
525.1187559377969, 1.0784971483673216
525.1487574378718, 1.0784024263584804
525.1787589379469, 1.0781225806849486
525.208760438022, 1.0776576113467269
525.2387619380969, 1.0770075183438148
525.2687634381718, 1.0761932300820798
525.2987649382469, 1.0753880626648553
525.328766438322, 1.0745920160921432
525.3587679383969, 1.0738568354744185
525.3887694384719, 1.0732192759801946
525.4187709385469, 1.0726793376094719
525.448772438622, 1.0722370203622504
525.4787739386969, 1.0718570860126861
525.508775438772, 1.0714277340529872
525.5387769388469, 1.0709489644831538
525.568778438922, 1.0704799851483129
525.5987799389969, 1.0700444239302944
525.628781439072, 1.0696422808290986
525.6587829391469, 1.0692735558447253
525.688784439222, 1.0689341929539353
525.7187859392969, 1.0686173456558492
525.748787439372, 1.0683230139504662
525.7787889394469, 1.0680363259094219
525.808790439522, 1.0677545597021034
525.838791939597, 1.0674777153285113
525.868793439672, 1.067205792788645
525.898794939747, 1.0669622985325864
525.928796439822, 1.0667702864947897
525.958797939897, 1.0666297566752554
525.988799439972, 1.0665713464113693
526.018800940047, 1.066595799783466
526.048802440122, 1.0667031167915457
526.0788039401971, 1.066893297435608
526.108805440272, 1.0671473829711031
526.138806940347, 1.0674546233573086
526.168808440422, 1.0677940901883585
526.1988099404971, 1.0679924673609178
526.228811440572, 1.0680497548749865
526.258812940647, 1.067965952730565
526.288814440722, 1.067741060927653
526.3188159407971, 1.0673756206178184
526.348817440872, 1.0668697917082692
526.378818940947, 1.0662588124248504
526.408820441022, 1.0656544832753536
526.4388219410971, 1.0650568042597781
526.468823441172, 1.0644657753781246
526.498824941247, 1.0638813966303928
526.528826441322, 1.0633243904252843
526.5588279413971, 1.062796903755022
526.5888294414721, 1.0623029926428447
526.6188309415471, 1.0618495035896323
526.6488324416221, 1.0614364365953852
526.6788339416971, 1.0610637916601031
526.7088354417721, 1.0607301234238629
526.7388369418471, 1.0604014454369974
526.7688384419221, 1.060077757699507
526.7988399419971, 1.0597355537613098
526.8288414420721, 1.0593517796879515
526.8588429421471, 1.0589264354794323
526.8888444422221, 1.0584595211357524
526.9188459422971, 1.0579722916184977
526.9488474423721, 1.057564307315288
526.9788489424471, 1.0572355682261234
527.0088504425221, 1.0570050330955536
527.0388519425971, 1.0568834519643004
527.0688534426721, 1.0568708248323633
527.0988549427472, 1.0569671516997428
527.1288564428221, 1.0571323182088082
527.1588579428972, 1.0572776713834964
527.1888594429722, 1.0574032112238076
527.2188609430472, 1.0575083965781737
527.2488624431221, 1.057593067539386
527.2788639431972, 1.057657224107445
527.3088654432722, 1.0577008662823502
527.3388669433472, 1.057723004932437
527.3688684434221, 1.0577224192463706
527.3988699434972, 1.0576991092241512
527.4288714435722, 1.0576323524570768
527.4588729436472, 1.057520001952925
527.4888744437221, 1.0573620577116951
527.5188759437972, 1.057158519733388
527.5488774438722, 1.056953164126775
527.5788789439472, 1.0567771607462475
527.6088804440221, 1.0566319549517276
527.6388819440972, 1.0565515331928834
527.6688834441723, 1.0565358954697144
527.6988849442472, 1.0565850417822202
527.7288864443223, 1.0566989721304014
527.7588879443972, 1.056796024692522
527.7888894444723, 1.0568446123012933
527.8188909445472, 1.0568234799951288
527.8488924446223, 1.056633067386409
527.8788939446972, 1.0562733744751338
527.9088954447723, 1.0557444012613033
527.9388969448472, 1.0550461477449182
527.9688984449223, 1.0542564136857675
527.9988999449972, 1.0533880199085692
528.0289014450723, 1.0524810807709553
528.0589029451472, 1.0516242492489876
528.0889044452223, 1.0508175253426661
528.1189059452972, 1.050060909051992
528.1489074453723, 1.0493544003769644
528.1789089454472, 1.0486847993154647
528.2089104455223, 1.0480520585089665
528.2389119455972, 1.0474571670891348
528.2689134456723, 1.0469013458673047
528.2989149457474, 1.046384594843476
528.3289164458223, 1.045906914017649
528.3589179458972, 1.0454609425234023
528.3889194459723, 1.0449994305959098
528.4189209460474, 1.044522378235171
528.4489224461223, 1.043986009332414
528.4789239461973, 1.0433591540332479
528.5089254462723, 1.0426418123376728
528.5389269463474, 1.0418339842456887
528.5689284464223, 1.0409555576666254
528.5989299464973, 1.040059329662675
528.6289314465723, 1.0391453002338373
528.6589329466474, 1.0382951312018482
528.6889344467223, 1.0375404097339964
528.7189359467973, 1.0368811358302816
528.7489374468723, 1.0363173094907046
528.7789389469474, 1.035845034101435
528.8089404470223, 1.0354587691889359
528.8389419470974, 1.0351585147532076
528.8689434471723, 1.0348664710344617
528.8989449472474, 1.0345698172079785
528.9289464473223, 1.034268553273758
528.9589479473974, 1.033962679231801
528.9889494474724, 1.0336132110329226
529.0189509475474, 1.0331885930208866
529.0489524476224, 1.0326888251956932
529.0789539476974, 1.0321271075594607
529.1089554477724, 1.0315034874707156
529.1389569478474, 1.030817964929458
529.1689584479224, 1.0300705399356878
529.1989599479974, 1.0293520415297939
529.2289614480724, 1.028702732268652
529.2589629481474, 1.028129973018682
529.2889644482224, 1.027681013544711
529.3189659482974, 1.0273558538467396
529.3489674483724, 1.0271544939247677
529.3789689484474, 1.027076933778795
529.4089704485225, 1.0270636756531917
529.4389719485974, 1.027102837982123
529.4689734486724, 1.0271745328562578
529.4989749487474, 1.0272259632134049
529.5289764488225, 1.0272571290535641
529.5589779488975, 1.0272680303767356
529.5889794489724, 1.0272586671829194
529.6189809490475, 1.0272660076031508
529.6489824491225, 1.0272910118724012
529.6789839491975, 1.0273375766045008
529.7089854492724, 1.0274112422729853
529.7389869493475, 1.0275120088778549
529.7689884494225, 1.02763987641911
529.7989899494975, 1.027782460991395
529.8289914495724, 1.0278456480897606
529.8589929496475, 1.0278294377142065
529.8889944497225, 1.0277728139139166
529.9189959497975, 1.0277073323451276
529.9489974498724, 1.027632993007839
529.9789989499475, 1.0275497959020514
530.0090004500225, 1.0274839056303013
530.0390019500975, 1.0275104351717501
530.0690034501725, 1.0276293845263975
530.0990049502475, 1.0277499246538546
530.1290064503225, 1.027831792997246
530.1590079503975, 1.027874989556572
530.1890094504726, 1.0278795143318327
530.2190109505475, 1.0278305555679086
530.2490124506226, 1.0277059761506664
530.2790139506975, 1.0275057760801058
530.3090154507726, 1.0272894531118573
530.3390169508475, 1.0270688888117558
530.3690184509226, 1.0268440831798011
530.3990199509975, 1.026615036215994
530.4290214510726, 1.0264264818235367
530.4590229511475, 1.0263159385239404
530.4890244512226, 1.0262834063172044
530.5190259512976, 1.0262919170722935
530.5490274513726, 1.0263405105542367
530.5790289514475, 1.0264291867630344
530.6090304515226, 1.026557945698686
530.6390319515976, 1.026654659050818
530.6690334516726, 1.0266865123314894
530.6990349517475, 1.0266658894460545
530.7290364518226, 1.026686904899464
530.7590379518977, 1.0267495586917172
530.7890394519726, 1.0268538508228149
530.8190409520475, 1.0269997812927565
530.8490424521226, 1.027144700465887
530.8790439521977, 1.0272799487181343
530.9090454522726, 1.0273793614469624
530.9390469523476, 1.0273678256732102
530.9690484524226, 1.0272453413968772
530.9990499524977, 1.0270119086179632
531.0290514525726, 1.0266675273364687
531.0590529526476, 1.0264024804223675
531.0890544527226, 1.0262215256302427
531.1190559527977, 1.026139474715214
531.1490574528726, 1.0261784647914145
531.1790589529477, 1.0263384958588448
531.2090604530226, 1.0266195679175043
531.2390619530977, 1.0270085532417366
531.2690634531726, 1.0274095897518123
531.2990649532477, 1.027822677447732
531.3290664533226, 1.028203082426292
531.3590679533977, 1.0285132861659823
531.3890694534726, 1.028753288666803
531.4190709535477, 1.0289230899287534
531.4490724536226, 1.0289823848975472
531.4790739536977, 1.0288198162924167
531.5090754537727, 1.028435384113361
531.5390769538477, 1.0279012166707537
531.5690784539227, 1.0272501284525362
531.5990799539977, 1.0264821194587088
531.6290814540727, 1.0255971896892717
531.6590829541477, 1.024659680768528
531.6890844542227, 1.0237616004737138
531.7190859542977, 1.0229029488048296
531.7490874543728, 1.0221263753975303
531.7790889544477, 1.021440539875888
531.8090904545227, 1.020845442239902
531.8390919545977, 1.020341082489573
531.8690934546728, 1.0199265797605646
531.8990949547477, 1.0196012356203872
531.9290964548227, 1.0193650500690412
531.9590979548977, 1.0190277402365524
531.9890994549728, 1.0185845483683378
532.0191009550477, 1.0180354744643962
532.0491024551227, 1.0173805185247284
532.0791039551978, 1.0166111920705885
532.1091054552728, 1.015723933898544
532.1391069553478, 1.014731871734251
532.1691084554227, 1.0137308676574388
532.1991099554978, 1.0127209216681072
532.2291114555728, 1.0117020337662563
532.2591129556478, 1.0106742039518861
532.2891144557228, 1.0096087440893735
532.3191159557978, 1.0085006557418223
532.3491174558728, 1.0073902439635183
532.3791189559478, 1.00638886603523
532.4091204560228, 1.0054965219569578
532.4391219560978, 1.0047132117287014
532.4691234561728, 1.0040389353504615
532.4991249562478, 1.003486978120463
532.5291264563228, 1.003057350072978
532.5591279563978, 1.002685709583704
532.5891294564728, 1.0022800488754047
532.6191309565478, 1.00184036794808
532.6491324566229, 1.0013666668017296
532.6791339566978, 1.000869519549129
532.7091354567729, 1.0004101214772352
532.7391369568478, 0.9999884725860482
532.7691384569229, 0.9996054537399034
532.7991399569978, 0.9992617633712908
532.8291414570729, 0.9989574014802103
532.8591429571479, 0.998692368066662
532.8891444572229, 0.9984431405765751
532.9191459572978, 0.9981537440620022
532.9491474573729, 0.9978241785229431
532.9791489574479, 0.9974629324381432
533.0091504575229, 0.9970735670110361
533.0391519575978, 0.9966560822416214
533.0691534576729, 0.9962104781298996
533.0991549577479, 0.9957709928635825
533.1291564578229, 0.9953803436162051
533.1591579578978, 0.9950385303877675
533.1891594579729, 0.9947742413138926
533.219160958048, 0.9945924748314772
533.2491624581229, 0.9944932309405213
533.2791639581978, 0.9944765096410249
533.3091654582729, 0.9945367212145366
533.339166958348, 0.9946700513419444
533.3691684584229, 0.994876500023248
533.399169958498, 0.9951427819602225
533.4291714585729, 0.9954688871185943
533.459172958648, 0.9958548154983641
533.4891744587229, 0.9963005670995311
533.519175958798, 0.99675707568526
533.5491774588729, 0.9972074887966034
533.579178958948, 0.9976412323207859
533.6091804590229, 0.9979971109708513
533.639181959098, 0.9982751247467989
533.6691834591729, 0.998475273648629
533.699184959248, 0.9985975576763416
533.7291864593229, 0.9986651240225269
533.759187959398, 0.9986806951992373
533.7891894594729, 0.9986677937605432
533.819190959548, 0.9986823946543928
533.8491924596229, 0.9987244978807854
533.879193959698, 0.9987941034397215
533.909195459773, 0.9988909751837823
533.939196959848, 0.9990101750987724
533.9691984599231, 0.9991517031846916
533.999199959998, 0.9992813212538276
534.029201460073, 0.9993563121326455
534.059202960148, 0.9993766758211453
534.0892044602231, 0.9993424123193271
534.119205960298, 0.9992597803310038
534.149207460373, 0.999154293556462
534.179208960448, 0.9990259519957014
534.2092104605231, 0.9988803453671736
534.239211960598, 0.9987212879899904
534.269213460673, 0.9985487798641522
534.299214960748, 0.9983628209896587
534.3292164608231, 0.9981437927198021
534.359217960898, 0.997855066713866
534.389219460973, 0.99749664297185
534.419220961048, 0.9971175877305903
534.4492224611231, 0.9967347534490341
534.479223961198, 0.996348140127181
534.5092254612731, 0.9959577477650309
534.539226961348, 0.9955598176124053
534.5692284614231, 0.9951506070274893
534.599229961498, 0.9947301160102828
534.6292314615731, 0.9942751973681957
534.6592329616481, 0.9937831285891754
534.6892344617231, 0.993253909673222
534.7192359617981, 0.9926875406203357
534.7492374618731, 0.992098351854288
534.7792389619481, 0.9914939311901664
534.8092404620231, 0.9908745147753897
534.8392419620981, 0.9902450406241536
534.8692434621731, 0.9896055087364583
534.8992449622481, 0.9889559191123032
534.9292464623231, 0.988296271751689
534.9592479623981, 0.9877437994579612
534.9892494624731, 0.9873265354031047
535.0192509625481, 0.9870382208833065
535.0492524626231, 0.9868533421982797
535.0792539626982, 0.9867718993480247
535.1092554627731, 0.9867938923325417
535.1392569628481, 0.9869193211518306
535.1692584629232, 0.9869127189553661
535.1992599629982, 0.9867644526865225
535.2292614630732, 0.9864941409920078
535.2592629631481, 0.9861384122125388
535.2892644632232, 0.9856972663481154
535.3192659632982, 0.9851707033987376
535.3492674633732, 0.9845761814127829
535.3792689634481, 0.9840482677237768
535.4092704635232, 0.9835869623317198
535.4392719635982, 0.9831960239867906
535.4692734636732, 0.9828791953308038
535.4992749637481, 0.9826364763637597
535.5292764638232, 0.982467867085658
535.5592779638982, 0.9823692900970334
535.5892794639732, 0.9823296900449224
535.6192809640482, 0.9823490669293251
535.6492824641232, 0.9824130903264697
535.6792839641982, 0.9825141724212687
535.7092854642732, 0.9826523132137222
535.7392869643483, 0.9828275127038297
535.7692884644232, 0.9829832506348037
535.7992899644983, 0.9830429062638188
535.8292914645732, 0.9830064795908746
535.8592929646483, 0.9827567378126251
535.8892944647232, 0.9822656477570852
535.9192959647983, 0.9815332094242549
535.9492974648732, 0.9805594228141356
535.9792989649483, 0.9794250556065547
536.0093004650232, 0.9781885819712399
536.0393019650983, 0.9768500019081909
536.0693034651732, 0.9756447822679333
536.0993049652483, 0.9745825561070927
536.1293064653232, 0.9736633234256687
536.1593079653983, 0.9728870842236615
536.1893094654733, 0.9722339980433724
536.2193109655483, 0.9716969503503797
536.2493124656232, 0.9712584830963057
536.2793139656983, 0.9707840289476244
536.3093154657734, 0.9702735879043363
536.3393169658483, 0.969727159966441
536.3693184659232, 0.9691447451339386
536.3993199659983, 0.9686134790508507
536.4293214660734, 0.9681438532978911
536.4593229661483, 0.9677399452745253
536.4893244662233, 0.9674128103337167
536.5193259662983, 0.967162448475465
536.5493274663734, 0.9669888596997702
536.5793289664483, 0.9668841577387199
536.6093304665233, 0.9666968237209015
536.6393319665983, 0.9664268576463146
536.6693334666734, 0.9661307797717471
536.6993349667483, 0.9658852108400249
536.7293364668233, 0.9656901508511477
536.7593379668983, 0.9655455998051162
536.7893394669734, 0.9654772043913985
536.8193409670483, 0.9655832876822557
536.8493424671234, 0.9658638496776882
536.8793439671983, 0.9662381226978674
536.9093454672734, 0.9666476325730657
536.9393469673483, 0.9670923793032833
536.9693484674234, 0.9675723628885202
536.9993499674983, 0.9680586753161462
537.0293514675734, 0.9685009711596021
537.0593529676484, 0.9688992504188876
537.0893544677234, 0.9692733535517017
537.1193559677984, 0.9696303950924663
537.1493574678734, 0.9699703750411812
537.1793589679484, 0.9702932933978461
537.2093604680234, 0.970572399314705
537.2393619680984, 0.970783303866451
537.2693634681734, 0.9709260070530837
537.2993649682485, 0.9709133732305826
537.3293664683234, 0.9707349108182326
537.3593679683984, 0.9703906198160345
537.3893694684734, 0.9698805002239882
537.4193709685485, 0.9692788251676148
537.4493724686234, 0.9686202421197013
537.4793739686984, 0.9679126373481606
537.5093754687734, 0.9673075297244054
537.5393769688485, 0.9668049192484354
537.5693784689234, 0.9664048059202506
537.5993799689984, 0.9661071897398514
537.6293814690735, 0.9658846069565474
537.6593829691485, 0.9657318721252638
537.6893844692235, 0.9656233385565325
537.7193859692984, 0.9654606831780922
537.7493874693735, 0.9652439059899423
537.7793889694485, 0.9649730069920831
537.8093904695235, 0.9646479891919284
537.8393919695984, 0.9642721103358778
537.8693934696735, 0.9638453704239309
537.8993949697485, 0.9633966774687183
537.9293964698235, 0.9629763768967988
537.9593979698985, 0.962584468708173
537.9893994699735, 0.9622209529028407
538.0194009700485, 0.9618848496098467
538.0494024701235, 0.9615710574924409
538.0794039701985, 0.9612795765506233
538.1094054702735, 0.9610371576321507
538.1394069703485, 0.9608681896623298
538.1694084704235, 0.9607726726411603
538.1994099704986, 0.9607506065686422
538.2294114705735, 0.9608056114227493
538.2594129706486, 0.9609453159270629
538.2894144707235, 0.9611697200815824
538.3194159707986, 0.9614045507607871
538.3494174708735, 0.9616151604918896
538.3794189709486, 0.9618015492748897
538.4094204710235, 0.9619637171097878
538.4394219710986, 0.9621105714787425
538.4694234711735, 0.9622516484856628
538.4994249712486, 0.9623869481305487
538.5294264713236, 0.96254393416409
538.5594279713986, 0.9627277920313622
538.5894294714735, 0.9629385217323645
538.6194309715486, 0.9631761232670971
538.6494324716236, 0.9633796925834007
538.6794339716986, 0.9635156463712488
538.7094354717735, 0.9635839816232268
538.7394369718486, 0.9635814405929359
538.7694384719236, 0.9635080232803759
538.7994399719986, 0.9633637296855471
538.8294414720735, 0.9631485598084489
538.8594429721486, 0.9629300930144714
538.8894444722237, 0.9627245268309625
538.9194459722986, 0.9625328411288774
538.9494474723735, 0.9623601372449659
538.9794489724486, 0.9622064151792283
539.0094504725237, 0.9620716749316647
539.0394519725986, 0.9619559165022744
539.0694534726737, 0.961883535565869
539.0994549727486, 0.961855307110516
539.1294564728237, 0.9618676111582425
539.1594579728986, 0.9619128189854667
539.1894594729737, 0.9619909305921891
539.2194609730486, 0.9621019459784095
539.2494624731237, 0.9622380277518875
539.2794639731986, 0.9623477435290503
539.3094654732737, 0.962431093309898
539.3394669733486, 0.9624791696122719
539.3694684734237, 0.9624824363322626
539.3994699734986, 0.9624408934698704
539.4294714735737, 0.9623545410250954
539.4594729736486, 0.9622237852490622
539.4894744737237, 0.9620495936553585
539.5194759737986, 0.9618319662439847
539.5494774738737, 0.9616318070670999
539.5794789739487, 0.9614826994347309
539.6094804740237, 0.9613846433468778
539.6394819740988, 0.9613376388035402
539.6694834741737, 0.9613535010796626
539.6994849742487, 0.9614461181878516
539.7294864743237, 0.9616154901281079
539.7594879743988, 0.9617940375350411
539.7894894744737, 0.9619655628813035
539.8194909745487, 0.9621300661668954
539.8494924746237, 0.9622875473918164
539.8794939746988, 0.9623230448700824
539.9094954747737, 0.9621673177092989
539.9394969748487, 0.9618203659094652
539.9694984749237, 0.9612577937957713
539.9994999749988, 0.9604788263801486
540.0295014750737, 0.9594834636625975
540.0595029751487, 0.9582717056431176
540.0895044752237, 0.9570093006705814
540.1195059752988, 0.9557405735262505
540.1495074753738, 0.9544733616023654
540.1795089754488, 0.9532590972824988
540.2095104755238, 0.952097780566651
540.2395119755988, 0.9509894114548216
540.2695134756738, 0.9499339899470111
540.2995149757488, 0.9490306542322698
540.3295164758238, 0.9482841444694504
540.3595179758988, 0.9476940544074277
540.3895194759738, 0.9472594165326138
540.4195209760488, 0.9469802308450093
540.4495224761238, 0.9468564973446139
540.4795239761988, 0.9468606835595823
540.5095254762738, 0.9467912726127712
540.5395269763488, 0.9466482645041804
540.5695284764238, 0.9464198439588658
540.5995299764988, 0.946092122964221
540.6295314765738, 0.9456651015202453
540.6595329766488, 0.945138779626939
540.6895344767238, 0.9445267308263243
540.7195359767989, 0.9438627573194824
540.7495374768739, 0.9431468591064126
540.7795389769489, 0.9424939978730997
540.8095404770238, 0.9419734145119377
540.8395419770989, 0.9415851090229277
540.8695434771739, 0.9413290814060683
540.8995449772489, 0.9412380647588438
540.9295464773238, 0.9413515398504022
540.9595479773989, 0.9416695066807439
540.9895494774739, 0.9420262169009969
541.0195509775489, 0.9423773457298991
541.0495524776238, 0.9427228931674503
541.0795539776989, 0.943062859213651
541.1095554777739, 0.9433712782553472
541.1395569778489, 0.9436322713128765
541.1695584779238, 0.9438458383862393
541.1995599779989, 0.9439128412863845
541.229561478074, 0.9438285398544599
541.2595629781489, 0.9435929340904654
541.289564478224, 0.9432060239944016
541.3195659782989, 0.9427251957453407
541.349567478374, 0.9421658664083855
541.3795689784489, 0.9415555684553812
541.409570478524, 0.9410958187634715
541.4395719785989, 0.9407866173326562
541.469573478674, 0.9406279641629351
541.4995749787489, 0.9406198592543084
541.529576478824, 0.9406654235600959
541.5595779788989, 0.9407602428727945
541.589579478974, 0.9408907436503815
541.6195809790489, 0.9410231236917763
541.649582479124, 0.9411573829969789
541.6795839791989, 0.9412935215659892
541.709585479274, 0.9414315214162596
541.7395869793489, 0.9415712567540246
541.769588479424, 0.9417127275792839
541.7995899794989, 0.9418232007945548
541.829591479574, 0.9418631956306881
541.859592979649, 0.941832712087684
541.889594479724, 0.9417317501655423
541.9195959797989, 0.9415908045460022
541.949597479874, 0.9414830341525926
541.9795989799491, 0.9414084389853138
542.009600480024, 0.9413929846573191
542.039601980099, 0.9414525501482713
542.069603480174, 0.9415871354581703
542.0996049802491, 0.941796740587016
542.129606480324, 0.9420256137293129
542.159607980399, 0.9422092982723056
542.189609480474, 0.9423477942159946
542.2196109805491, 0.9423837153813062
542.249612480624, 0.9423016447031383
542.279613980699, 0.942101582181491
542.309615480774, 0.9417835278163642
542.3396169808491, 0.9413730157793646
542.369618480924, 0.9408847956589784
542.3996199809991, 0.9403188674552051
542.429621481074, 0.9397721102147248
542.4596229811491, 0.9392489381450412
542.489624481224, 0.938749351246154
542.5196259812991, 0.9382733495180634
542.549627481374, 0.9378917241155198
542.5796289814491, 0.9376216896178853
542.609630481524, 0.9374632640077072
542.6396319815991, 0.9374165730787516
542.669633481674, 0.9374816168310187
542.6996349817491, 0.9376583952645081
542.7296364818241, 0.9379469083792198
542.7596379818991, 0.9381624155137983
542.7896394819741, 0.9383002569115013
542.8196409820491, 0.9383299378905907
542.8496424821241, 0.9381782995275368
542.8796439821991, 0.9378453418223394
542.9096454822741, 0.9373310647749985
542.9396469823491, 0.9366608307915677
542.9696484824242, 0.9359819571650158
542.9996499824991, 0.9352944438953426
543.0296514825741, 0.934654042788044
543.0596529826491, 0.9341252104558749
543.0896544827242, 0.9337079468988351
543.1196559827991, 0.9334022521169252
543.1496574828741, 0.9331904949181057
543.1796589829491, 0.933035005706321
543.2096604830242, 0.9329357844815711
543.2396619830992, 0.9328672970722494
543.2696634831741, 0.9328147938898698
543.2996649832492, 0.9327782749344323
543.3296664833242, 0.9327577402059372
543.3596679833992, 0.9327664154326346
543.3896694834741, 0.9328179979494967
543.4196709835492, 0.9329124877565235
543.4496724836242, 0.9329790936989646
543.4796739836992, 0.9330006011974579
543.5096754837741, 0.9329770102520037
543.5396769838492, 0.9329083208626017
543.5696784839242, 0.9327231683846808
543.5996799839992, 0.9323854621050189
543.6296814840742, 0.9318952020236159
543.6596829841492, 0.9314371288018267
543.6896844842242, 0.9310159021963945
543.7196859842992, 0.9306315222073185
543.7496874843742, 0.9302839888345984
543.7796889844492, 0.9300597002537518
543.8096904845243, 0.9299754209912003
543.8396919845992, 0.93000578864089
543.8696934846743, 0.9300034859098524
543.8996949847492, 0.9299685127980876
543.9296964848243, 0.9299008693055952
543.9596979848992, 0.9298004736248063
543.9896994849743, 0.9296601864651336
544.0197009850492, 0.9294800078265767
544.0497024851243, 0.9292775689011747
544.0797039851993, 0.9290905392849833
544.1097054852743, 0.9289189189780027
544.1397069853492, 0.9287627079802329
544.1697084854243, 0.928621624244867
544.1997099854993, 0.9284944304450314
544.2297114855743, 0.9283811265807261
544.2597129856492, 0.9282684869237008
544.2897144857243, 0.9281428141389833
544.3197159857993, 0.9280041082265736
544.3497174858743, 0.9278523691864716
544.3797189859492, 0.9276708214799604
544.4097204860243, 0.9274296951370401
544.4397219860994, 0.9271289901577108
544.4697234861743, 0.9268400711865434
544.4997249862492, 0.9265990289367604
544.5297264863243, 0.9264058634083621
544.5597279863994, 0.9262605746013484
544.5897294864743, 0.9261861269871954
544.6197309865493, 0.9262024274948454
544.6497324866243, 0.9263094761242985
544.6797339866994, 0.9264208747000378
544.7097354867743, 0.9265198586956417
544.7397369868494, 0.92660642811111
544.7697384869243, 0.926680582946443
544.7997399869994, 0.926737551106181
544.8297414870743, 0.9267753964696677
544.8597429871494, 0.9267942008444728
544.8897444872243, 0.9268011035211835
544.9197459872994, 0.9267961044997998
544.9497474873743, 0.9267792037803217
544.9797489874494, 0.9267504013627492
545.0097504875243, 0.9266914420412414
545.0397519875994, 0.9266000134420009
545.0697534876743, 0.9264763976118343
545.0997549877494, 0.9263218318776155
545.1297564878244, 0.9261363162393442
545.1597579878994, 0.9259198506970205
545.1897594879744, 0.9256754605566647
545.2197609880494, 0.9254472169400805
545.2497624881244, 0.9252351198472677
545.2797639881994, 0.9250559448169435
545.3097654882745, 0.9249394618191075
545.3397669883494, 0.9248856708537597
545.3697684884244, 0.9248945719209003
545.3997699884994, 0.924949664956242
545.4297714885745, 0.924999091181505
545.4597729886494, 0.9250428505966898
545.4897744887244, 0.9250579787303197
545.5197759887994, 0.9250245686534527
545.5497774888745, 0.9249426203660889
545.5797789889494, 0.9248121338682281
545.6097804890244, 0.9246522006050393
545.6397819890994, 0.924489295028947
545.6697834891745, 0.9243234171399511
545.6997849892495, 0.9241593390335111
545.7297864893244, 0.9239989968302832
545.7597879893995, 0.9238423905302675
545.7897894894745, 0.9236895201334641
545.8197909895495, 0.9234961365365013
545.8497924896245, 0.9232323784103946
545.8797939896995, 0.9228982457551442
545.9097954897745, 0.9225119937765907
545.9397969898495, 0.9220759348485317
545.9697984899245, 0.9215900689709672
545.9997999899995, 0.9210543961438971
546.0298014900745, 0.9205493135873651
546.0598029901495, 0.9200980789368772
546.0898044902245, 0.919697666886413
546.1198059902995, 0.9193040063141694
546.1498074903745, 0.9189170972201458
546.1798089904495, 0.9185369396043427
546.2098104905245, 0.9181635334667599
546.2398119905995, 0.9177395878718902
546.2698134906746, 0.9172623813776333
546.2998149907495, 0.9167484140482768
546.3298164908246, 0.9162495446621
546.3598179908995, 0.9157657732191025
546.3898194909746, 0.9152970997192851
546.4198209910496, 0.9148558044291859
546.4498224911246, 0.91452114404981
546.4798239911995, 0.9142931185811566
546.5098254912746, 0.9141526365780575
546.5398269913496, 0.9140732235880877
546.5698284914246, 0.9140548796112474
546.5998299914995, 0.9140976046475364
546.6298314915746, 0.9141687571254833
546.6598329916496, 0.9141970678237941
546.6898344917246, 0.914182536742469
546.7198359917995, 0.9141694129848794
546.7498374918746, 0.91418755788001
546.7798389919496, 0.9142369714278606
546.8098404920246, 0.9143176536284314
546.8398419920995, 0.9144488830303152
546.8698434921746, 0.9146503608494505
546.8998449922497, 0.9149220870858367
546.9298464923246, 0.9151836645194303
546.9598479923997, 0.9154118355147254
546.9898494924746, 0.9156066000717218
547.0198509925497, 0.9157679581904198
547.0498524926246, 0.915884697762337
547.0798539926997, 0.9159514326437868
547.1098554927746, 0.915968162834769
547.1398569928497, 0.9159921792707909
547.1698584929246, 0.9160262033939528
547.1998599929997, 0.9160702352042541
547.2298614930746, 0.9161242747016954
547.2598629931497, 0.9162595240329048
547.2898644932246, 0.9164878740600748
547.3198659932997, 0.9167970445166669
547.3498674933746, 0.9171077787016766
547.3798689934497, 0.9174200766151037
547.4098704935246, 0.9177339382569483
547.4398719935997, 0.9180452708939296
547.4698734936746, 0.9182525879792632
547.4998749937497, 0.918355889512949
547.5298764938248, 0.9183878170664586
547.5598779938997, 0.918419639861086
547.5898794939746, 0.9184513578968306
547.6198809940497, 0.9184829711736928
547.6498824941248, 0.9185167994093508
547.6798839941997, 0.9185610141820643
547.7098854942747, 0.9186156154918325
547.7398869943497, 0.9186613247900628
547.7698884944248, 0.9186784408608171
547.7998899944997, 0.9186669637040956
547.8298914945747, 0.9186268933198981
547.8598929946497, 0.918574528157017
547.8898944947248, 0.9185339198199822
547.9198959947997, 0.9185050683087937
547.9498974948747, 0.9184991857319336
547.9798989949497, 0.9185216582330886
548.0099004950248, 0.918572485812259
548.0399019950997, 0.9186516684694448
548.0699034951748, 0.9187138245231338
548.0999049952497, 0.9187270530357782
548.1299064953248, 0.9186913540073777
548.1599079953997, 0.9185355252913039
548.1899094954748, 0.9182476760253642
548.2199109955498, 0.9178278062095584
548.2499124956248, 0.9172759158438867
548.2799139956998, 0.9166293180732296
548.3099154957748, 0.9158990967020387
548.3399169958498, 0.9150893444635952
548.3699184959248, 0.9143015479046835
548.3999199959998, 0.9135357070253036
548.4299214960748, 0.9127918218254552
548.4599229961498, 0.9120698923051387
548.4899244962248, 0.9114005200037842
548.5199259962998, 0.9107851394267378
548.5499274963748, 0.9102214308563211
548.5799289964498, 0.9097012227142753
548.6099304965248, 0.9092245150006
548.6399319965999, 0.9087913077152955
548.6699334966748, 0.9084113511363424
548.6999349967498, 0.9081445715510583
548.7299364968248, 0.9079909689594432
548.7599379968999, 0.9079342449127047
548.7899394969749, 0.9079503478063126
548.8199409970498, 0.9080392776402677
548.8499424971249, 0.9082010344145692
548.8799439971999, 0.9083970361792897
548.9099454972749, 0.9085471963537419
548.9399469973498, 0.9086515149379261
548.9699484974249, 0.9087553736133536
548.9999499974999, 0.908890673317573
549.0299514975749, 0.9090574140505845
549.0599529976498, 0.9092555958123874
549.0899544977249, 0.9094932930496238
549.1199559977999, 0.9097782391470117
549.1499574978749, 0.9101104341045505
549.1799589979499, 0.9104525647773601
549.2099604980249, 0.9107935473609887
549.2399619981, 0.9111333818554361
549.2699634981749, 0.9114720682607027
549.29996499825, 0.9118386457836295
549.3299664983249, 0.9122457426315099
549.3599679984, 0.9126933588043437
549.3899694984749, 0.9131508927627009
549.41997099855, 0.9136169100012351
549.4499724986249, 0.9140914105199462
549.4799739987, 0.9145743943188345
549.5099754987749, 0.9149970633085305
549.53997699885, 0.9153503490916731
549.5699784989249, 0.9156245013902817
549.599979999, 0.9157595939170387
549.6299814990749, 0.9157556266719444
549.65998299915, 0.9156125996549987
549.6899844992249, 0.9153366905275909
549.7199859993, 0.9150091869820727
549.749987499375, 0.9146300890184444
549.77998899945, 0.9142379785866339
549.8099904995249, 0.9139129422673282
549.8399919996, 0.9136549800605271
549.869993499675, 0.913464091966231
549.89999499975, 0.9133211211160044
549.9299964998249, 0.9131710286783989
549.9599979999, 0.913013814653415
549.989999499975, 0.912841404594411
550.02000100005, 0.912646065116669
550.050002500125, 0.912427796220189
550.0800040002, 0.9121865979049713
550.1100055002751, 0.911957106852726
550.14000700035, 0.911782306889234
550.170008500425, 0.9116621980144952
550.2000100005, 0.9115677410216679
550.2300115005751, 0.9114863077034597
550.26001300065, 0.9114178980598698
550.290014500725, 0.911362512090899
550.3200160008, 0.9112257889815011
550.3500175008751, 0.9109534309182914
550.38001900095, 0.9105454379012703
550.4100205010251, 0.9100706080198068
550.4400220011, 0.9095380096712619
550.4700235011751, 0.908947642855636
550.50002500125, 0.9082995075729289
550.5300265013251, 0.9077566086528773
550.5600280014, 0.9073538253667417
550.5900295014751, 0.9070849800531321
550.62003100155, 0.9068687850196968
550.6500325016251, 0.906705240266436
550.6800340017, 0.9065943457933495
550.7100355017751, 0.9065346800853147
550.74003700185, 0.9064199966900716
550.7700385019251, 0.9062502956076198
550.8000400020001, 0.9060447337063949
550.8300415020751, 0.9058583498178451
550.8600430021502, 0.9056911439419701
550.8900445022251, 0.9055431160787702
550.9200460023001, 0.9054071946684326
550.9500475023751, 0.9052556411430143
550.9800490024502, 0.9050884555025155
551.0100505025251, 0.904871001065225
551.0400520026001, 0.9045602940053628
551.0700535026751, 0.9041563343229286
551.1000550027502, 0.9036591220179225
551.1300565028251, 0.9031170118491884
551.1600580029001, 0.9026045129007751
551.1900595029751, 0.9021216251726824
551.2200610030502, 0.9017627094799564
551.2500625031252, 0.9015820636359815
551.2800640032001, 0.9015796876407574
551.3100655032752, 0.9017555814942844
551.3400670033502, 0.902061453650314
551.3700685034252, 0.9024629698636737
551.4000700035001, 0.9029601301343635
551.4300715035752, 0.9033899296326467
551.4600730036502, 0.9037174890872632
551.4900745037252, 0.9039428084982131
551.5200760038002, 0.9040658878654964
551.5500775038752, 0.9040993454860307
551.5800790039502, 0.9040468272891139
551.6100805040252, 0.9039097547898692
551.6400820041002, 0.9037943744405562
551.6700835041752, 0.9037006862411754
551.7000850042502, 0.9036286901917268
551.7300865043252, 0.90357838629221
551.7600880044002, 0.9035579034317447
551.7900895044752, 0.903567513124278
551.8200910045502, 0.9036142869296226
551.8500925046252, 0.9037259634157211
551.8800940047003, 0.9039025425825739
551.9100955047752, 0.9041440244301806
551.9400970048503, 0.904443780792498
551.9700985049252, 0.9047670143664024
552.0001000050003, 0.9051137251518939
552.0301015050752, 0.9054355583901291
552.0601030051503, 0.9056580049970587
552.0901045052253, 0.9057810649726831
552.1201060053003, 0.9058047383170018
552.1501075053752, 0.9057431111963385
552.1801090054503, 0.9056220239284566
552.2101105055253, 0.9054414765133562
552.2401120056003, 0.9052497604972854
552.2701135056752, 0.9050812101254168
552.3001150057503, 0.9049358253977503
552.3301165058253, 0.9048136063142861
552.3601180059003, 0.9046779057815587
552.3901195059752, 0.9044982614570921
552.4201210060503, 0.9042746733408863
552.4501225061254, 0.9039945231360235
552.4801240062003, 0.9036541649132055
552.5101255062752, 0.9032535986724326
552.5401270063503, 0.9027928244137047
552.5701285064254, 0.9023583263521127
552.6001300065003, 0.901980517173899
552.6301315065754, 0.9016593968790643
552.6601330066503, 0.9013868365784886
552.6901345067254, 0.9011625647582253
552.7201360068003, 0.9009865814182741
552.7501375068754, 0.9008588865586353
552.7801390069503, 0.9006557153796311
552.8101405070254, 0.9003683316786781
552.8401420071003, 0.9000033636218209
552.8701435071754, 0.8995956085121819
552.9001450072503, 0.8991450663497613
552.9301465073254, 0.8986517371345595
552.9601480074003, 0.898127774498659
552.9901495074754, 0.8976554044746016
553.0201510075503, 0.8972346270623871
553.0501525076254, 0.8968513560956922
553.0801540077003, 0.8964797512567534
553.1101555077754, 0.8961198125455708
553.1401570078503, 0.8957715399621445
553.1701585079254, 0.8954344171647619
553.2001600080005, 0.8951073666548776
553.2301615080754, 0.8947903884324918
553.2601630081504, 0.8945201295910697
553.2901645082254, 0.8943270524730874
553.3201660083005, 0.8942111570785449
553.3501675083754, 0.8941724434074422
553.3801690084504, 0.8942138337537822
553.4101705085254, 0.8943380296825904
553.4401720086005, 0.8945450311938665
553.4701735086754, 0.8947483540725198
553.5001750087504, 0.8949175856323079
553.5301765088254, 0.8950527258732298
553.5601780089005, 0.8951537747952865
553.5901795089754, 0.895184664485035
553.6201810090504, 0.8951310721041876
553.6501825091254, 0.8949929976527444
553.6801840092005, 0.8948942059303834
553.7101855092754, 0.8948434331396872
553.7401870093505, 0.8948406792806556
553.7701885094255, 0.8948859443532892
553.8001900095005, 0.8950544821678081
553.8301915095755, 0.8953535192621742
553.8601930096505, 0.8957709020043043
553.8901945097255, 0.8962244043616572
553.9201960098005, 0.8967140263342325
553.9501975098755, 0.8972397679220304
553.9801990099505, 0.8977889102488573
554.0102005100255, 0.8982579949684755
554.0402020101005, 0.8986470220808852
554.0702035101755, 0.8989565079277989
554.1002050102505, 0.8991875300077617
554.1302065103255, 0.8993400883207735
554.1602080104005, 0.8994141828668345
554.1902095104755, 0.8994235915425628
554.2202110105505, 0.89939940755014
554.2502125106255, 0.8993416308895664
554.2802140107005, 0.8992473392668389
554.3102155107756, 0.8991138311169322
554.3402170108506, 0.8989411064398464
554.3702185109255, 0.8987291652355813
554.4002200110006, 0.8985220686179682
554.4302215110756, 0.8983629864655689
554.4602230111506, 0.8982519187783832
554.4902245112255, 0.8982249334698533
554.5202260113006, 0.8982963533782674
554.5502275113756, 0.8984661785036256
554.5802290114506, 0.8987344088459273
554.6102305115255, 0.8990015137759146
554.6402320116006, 0.8992255725674678
554.6702335116756, 0.8994065852205861
554.7002350117506, 0.8994692979250495
554.7302365118255, 0.899406484142896
554.7602380119006, 0.8992181438741258
554.7902395119756, 0.8989042771187385
554.8202410120506, 0.8985401664432809
554.8502425121256, 0.8981339311317161
554.8802440122006, 0.8976982900602376
554.9102455122757, 0.8973367015750829
554.9402470123506, 0.8970491656762519
554.9702485124257, 0.8968356823637448
