405.65278263913194, 1.7335747032967588
405.68278413920694, 1.7335471325383986
405.71278563928195, 1.7335211908306924
405.74278713935695, 1.7334968300223845
405.77278863943195, 1.7334740024327586
405.80279013950695, 1.7334526608488323
405.83279163958196, 1.7334327585224063
405.86279313965696, 1.7334142491672617
405.89279463973196, 1.733397086956273
405.922796139807, 1.733381226518628
405.95279763988196, 1.7333666229369507
405.982799139957, 1.7333532317445344
406.012800640032, 1.7333410089225236
406.042802140107, 1.7333299108971563
406.07280364018203, 1.7333198945369581
406.10280514025703, 1.7333109171500285
406.13280664033203, 1.7333029364812464
406.16280814040704, 1.7332959107095829
406.19280964048204, 1.7332897984453512
406.22281114055704, 1.7332845587275072
406.25281264063204, 1.733280151020944
406.28281414070705, 1.7332765352138206
406.31281564078205, 1.7332736716148889
406.34281714085705, 1.7332715209508098
406.37281864093205, 1.733270044363538
406.40282014100706, 1.7332692034076553
406.43282164108206, 1.733268960047768
406.46282314115706, 1.7332692766558853
406.49282464123206, 1.7332701160088069
406.52282614130706, 1.7332714412855441
406.55282764138207, 1.733273216064754
406.58282914145707, 1.7332754043221406
406.61283064153207, 1.7332779704279377
406.6428321416071, 1.7332808791443333
406.6728336416821, 1.733284095622964
406.7028351417571, 1.7332875854023686
406.7328366418321, 1.7332913144055129
406.7628381419071, 1.733295248937261
406.7928396419821, 1.7332993556819012
406.8228411420571, 1.733303601700681
406.8528426421321, 1.733307954429328
406.8828441422071, 1.7333123816756135
406.9128456422821, 1.733316851616896
406.9428471423571, 1.7333213327977155
406.9728486424321, 1.7333257941273363
407.0028501425071, 1.7333302048773849
407.03285164258216, 1.7333345346794273
407.0628531426571, 1.7333387535225881
407.09285464273216, 1.7333428317511743
407.1228561428071, 1.7333467400623193
407.15285764288217, 1.733350449503639
407.18285914295717, 1.7333539314708637
407.2128606430322, 1.7333571577055404
407.2428621431072, 1.733360100292677
407.2728636431822, 1.7333627316584779
407.3028651432572, 1.733365024568001
407.3328666433322, 1.7333669521229054
407.3628681434072, 1.7333684877591529
407.3928696434822, 1.733369605244763
407.4228711435572, 1.7333702786775427
407.4528726436322, 1.733370482482829
407.4828741437072, 1.7333701914112953
407.5128756437822, 1.733369380536683
407.5428771438572, 1.7333680252536237
407.5728786439322, 1.7333661012754222
407.6028801440072, 1.733363584631835
407.6328816440822, 1.7333604516669627
407.6628831441572, 1.7333566790370043
407.6928846442322, 1.7333522437081272
407.7228861443072, 1.73334712295432
407.7528876443822, 1.7333412943552378
407.7828891444572, 1.7333347357940985
407.8128906445322, 1.7333274254555167
407.8428921446072, 1.733319341823437
407.8728936446822, 1.7333104636790089
407.9028951447572, 1.7333007700985068
407.9328966448322, 1.7332902404512402
407.96289814490723, 1.733278854397506
407.99289964498223, 1.7332665918864953
408.02290114505723, 1.7332534331542655
408.05290264513224, 1.7332393587216965
408.08290414520724, 1.7332243493924568
408.11290564528224, 1.73320838625097
408.1429071453573, 1.7331914506604427
408.17290864543224, 1.7331735242608093
408.2029101455073, 1.7331545889667752
408.23291164558225, 1.7331346269658476
408.2629131456573, 1.7331136207163167
408.2929146457323, 1.7330915529453148
408.3229161458073, 1.7330684066468964
408.3529176458823, 1.7330441650800408
408.3829191459573, 1.7330188117667413
408.4129206460323, 1.7329923304900823
408.4429221461073, 1.7329647052923274
408.4729236461823, 1.7329359204730073
408.5029251462573, 1.7329059605870134
408.5329266463323, 1.7328748104427238
408.56292814640733, 1.7328424551001207
408.59292964648233, 1.7328088798689272
408.62293114655733, 1.7327740703067358
408.65293264663234, 1.73273801221716
408.68293414670734, 1.7327006916480057
408.71293564678234, 1.7326620948894234
408.74293714685734, 1.7326222084720988
408.77293864693235, 1.7325810191654283
408.80294014700735, 1.7325385139757044
408.83294164708235, 1.7324946801443522
408.86294314715735, 1.7324495051461102
408.89294464723235, 1.7324029766872608
408.92294614730736, 1.7323550827038847
408.95294764738236, 1.7323058113600491
408.98294914745736, 1.7322551510461035
409.01295064753236, 1.7322030903769197
409.04295214760737, 1.7321496181901601
409.07295364768237, 1.7320947235445399
409.10295514775737, 1.7320383957181245
409.1329566478324, 1.7319806242066271
409.1629581479074, 1.731921398721685
409.1929596479824, 1.7318607091891915
409.2229611480574, 1.7317985457476075
409.2529626481324, 1.731734898746269
409.2829641482074, 1.7316697587437662
409.31296564828244, 1.7316031165062409
409.3429671483574, 1.7315349630057528
409.37296864843245, 1.7314652894186644
409.40297014850745, 1.7313940871239655
409.43297164858245, 1.7313213477016958
409.46297314865745, 1.7312470629312862
409.49297464873246, 1.7311712247899926
409.52297614880746, 1.7310938254512565
409.55297764888246, 1.7310148572831707
409.58297914895746, 1.730934312846829
409.61298064903247, 1.7308521848948133
409.64298214910747, 1.7307684663695957
409.67298364918247, 1.7306831504019888
409.7029851492575, 1.7305962303095888
409.7329866493325, 1.7305076995952522
409.7629881494075, 1.7304175519455531
409.7929896494825, 1.7303257812292414
409.8229911495575, 1.730232381495766
409.8529926496325, 1.7301373469737216
409.8829941497075, 1.7300406720693757
409.9129956497825, 1.729942351365157
409.9429971498575, 1.7298423796181999
409.9729986499325, 1.7297407517588195
410.0030001500075, 1.7296374628890887
410.0330016500825, 1.7295325082813486
410.0630031501575, 1.7294258833767604
410.0930046502325, 1.7293175837838541
410.1230061503075, 1.729207605277105
410.1530076503825, 1.7290959437954796
410.1830091504575, 1.7289825954410365
410.2130106505325, 1.7288675564774925
410.2430121506075, 1.7287508233288147
410.2730136506825, 1.7286323925778209
410.3030151507575, 1.7285122609648056
410.3330166508325, 1.7283904253861104
410.3630181509075, 1.728266882892801
410.3930196509825, 1.7281416306892396
410.4230211510576, 1.7280146661317697
410.4530226511325, 1.7278859867273213
410.4830241512076, 1.7277555901320873
410.51302565128253, 1.7276234741501728
410.5430271513576, 1.727489636732251
410.5730286514326, 1.727354075974251
410.6030301515076, 1.7272167901160327
410.6330316515826, 1.72707777754007
410.6630331516576, 1.72693703677015
410.6930346517326, 1.7267945664700692
410.7230361518076, 1.7266503654423426
410.7530376518826, 1.7265044326269268
410.7830391519576, 1.72635676709993
410.8130406520326, 1.7262073680723562
410.8430421521076, 1.7260562348888324
410.8730436521826, 1.7259033670263428
410.9030451522576, 1.7257487640930096
410.9330466523326, 1.7255924258268165
410.9630481524076, 1.725434352094393
410.9930496524826, 1.7252745428897838
411.0230511525576, 1.7251129983332105
411.05305265263263, 1.7249497186698965
411.08305415270763, 1.7247847042688016
411.11305565278263, 1.7246179556214691
411.14305715285764, 1.724449473340807
411.17305865293264, 1.7242792581599073
411.20306015300764, 1.724107310930862
411.23306165308264, 1.7239336326235901
411.26306315315765, 1.723758224324667
411.29306465323265, 1.723581087236158
411.32306615330765, 1.7234022226744925
411.35306765338265, 1.7232216320692684
411.38306915345765, 1.7230393169621456
411.41307065353266, 1.7228552790056988
411.44307215360766, 1.7226695199622934
411.47307365368266, 1.722482041702958
411.50307515375766, 1.7222928462062677
411.5330766538327, 1.7221019355572393
411.56307815390767, 1.721909311946223
411.5930796539827, 1.7217149776678136
411.6230811540577, 1.7215189351197437
411.65308265413273, 1.721321186801827
411.68308415420773, 1.7211217353148596
411.71308565428274, 1.7209205833595425
411.74308715435774, 1.7207177337354327
411.77308865443274, 1.7205131893398806
411.80309015450774, 1.7203069531669726
411.83309165458274, 1.7200990283064812
411.86309315465775, 1.7198894179428375
411.89309465473275, 1.7196781253540787
411.92309615480775, 1.7194651539108352
411.95309765488275, 1.719250507075303
411.98309915495776, 1.7190341884002136
412.01310065503276, 1.7188162015278547
412.04310215510776, 1.7185965501890266
412.07310365518276, 1.7183752382020816
412.10310515525777, 1.7181522694719062
412.13310665533277, 1.7179276479889363
412.16310815540777, 1.7177013778281878
412.1931096554828, 1.7174734631482775
412.2231111555578, 1.7172439081904536
412.2531126556328, 1.7170127172776235
412.2831141557078, 1.716779894813409
412.3131156557828, 1.7165454452811963
412.3431171558578, 1.716309373243172
412.3731186559328, 1.7160716833393965
412.4031201560078, 1.7158323802868745
412.4331216560828, 1.7155914688786074
412.4631231561578, 1.7153489539826996
412.4931246562328, 1.7151048405414078
412.5231261563078, 1.7148591335702443
412.5531276563828, 1.7146118381570843
412.5831291564578, 1.714362959461236
412.6131306565328, 1.714112502712568
412.6431321566078, 1.7138604732106135
412.6731336566828, 1.7136068763236831
412.70313515675787, 1.7133517174879884
412.7331366568328, 1.7130950022067648
412.76313815690787, 1.7128367360494094
412.7931396569829, 1.712576924650624
412.8231411570579, 1.7123155737095346
412.8531426571329, 1.7120526889888652
412.8831441572079, 1.7117882763140808
412.9131456572829, 1.711522341572545
412.9431471573579, 1.7112548907126792
412.9731486574329, 1.7109859297431538
413.0031501575079, 1.710715464732034
413.0331516575829, 1.7104435018059831
413.0631531576579, 1.7101700471494312
413.0931546577329, 1.7098951070037778
413.1231561578079, 1.7096186876665764
413.1531576578829, 1.709340795490746
413.1831591579579, 1.7090614368837682
413.2131606580329, 1.7087806183069079
413.2431621581079, 1.7084983462744106
413.2731636581829, 1.7082146273527485
413.3031651582579, 1.707929468159822
413.3331666583329, 1.7076428753642108
413.3631681584079, 1.7073548556844
413.3931696584829, 1.7070654158880172
413.4231711585579, 1.706774562791088
413.4531726586329, 1.7064823032572807
413.4831741587079, 1.7061886441971692
413.5131756587829, 1.705893592567477
413.54317715885793, 1.7055971553703675
413.57317865893293, 1.70529933965269
413.60318015900793, 1.705000152505277
413.63318165908294, 1.7046996010621962
413.66318315915794, 1.704397692500065
413.69318465923294, 1.7040944340373234
413.72318615930794, 1.703789832933538
413.75318765938295, 1.7034838964886818
413.78318915945795, 1.7031766320424606
413.813190659533, 1.7028680469736102
413.84319215960795, 1.7025581486992096
413.873193659683, 1.7022469446739996
413.90319515975796, 1.7019344423897074
413.933196659833, 1.7016206493743717
413.963198159908, 1.7013055731916729
413.993199659983, 1.7009892214402667
414.023201160058, 1.700671601753132
414.053202660133, 1.7003527217969168
414.083204160208, 1.700032589271276
414.11320566028303, 1.6997112119082363
414.14320716035803, 1.6993885974715457
414.17320866043303, 1.6990647537560517
414.20321016050804, 1.6987396885870494
414.23321166058304, 1.69841340981967
414.26321316065804, 1.6980859253382408
414.29321466073304, 1.6977572430556886
414.32321616080804, 1.6974273709128962
414.35321766088305, 1.697096316878115
414.38321916095805, 1.6967640889463467
414.41322066103305, 1.6964306951387422
414.44322216110805, 1.6960961435020137
414.47322366118306, 1.6957604421078205
414.50322516125806, 1.6954235990522004
414.53322666133306, 1.6950856224549755
414.56322816140806, 1.6947465204591663
414.59322966148306, 1.6944063012304298
414.62323116155807, 1.694064972956466
414.65323266163307, 1.6937225438464685
414.68323416170807, 1.6933790221305485
414.7132356617831, 1.693034416059179
414.7432371618581, 1.6926887339026369
414.7732386619331, 1.6923419839504554
414.8032401620081, 1.6919941745108649
414.8332416620831, 1.6916453139102603
414.86324316215814, 1.6912954104926592
414.8932446622331, 1.6909444726191563
414.92324616230815, 1.690592508667401
414.9532476623831, 1.6902395270310682
414.98324916245815, 1.6898855361193297
415.0132506625331, 1.689530544356339
415.04325216260816, 1.6891745601807047
415.0732536626831, 1.688817592045
415.10325516275816, 1.6884596484152175
415.13325666283316, 1.6881007377703066
415.16325816290816, 1.6877408686016424
415.19325966298317, 1.6873800494125404
415.22326116305817, 1.687018288717756
415.25326266313317, 1.68665559504301
415.2832641632082, 1.6862919769244795
415.3132656632832, 1.6859274429083395
415.3432671633582, 1.6855620015502697
415.3732686634332, 1.6851956614149795
415.4032701635082, 1.6848284310757495
415.4332716635832, 1.684460319113952
415.4632731636582, 1.6840913341185852
415.4932746637332, 1.6837214846858333
415.5232761638082, 1.6833507794185827
415.5532776638832, 1.6829792269259896
415.5832791639582, 1.6826068358230217
415.6132806640332, 1.6822336147300128
415.6432821641082, 1.681859572272231
415.6732836641832, 1.6814847170794163
415.7032851642582, 1.6811090577853756
415.7332866643332, 1.680732603027528
415.7632881644082, 1.6803553614464888
415.7932896644832, 1.6799773416856454
415.8232911645582, 1.6795985523907206
415.8532926646332, 1.679219002209377
415.8832941647082, 1.6788386997907874
415.9132956647832, 1.6784576537852318
415.9432971648582, 1.6780758728436858
415.9732986649333, 1.6776933656174164
416.0033001650082, 1.677310140757587
416.0333016650833, 1.6769262069148507
416.06330316515823, 1.676541572738964
416.0933046652333, 1.6761562468783904
416.12330616530824, 1.675770237979925
416.1533076653833, 1.6753835546882867
416.18330916545824, 1.674996205645769
416.2133106655333, 1.6746081994918274
416.24331216560824, 1.6742195448627395
416.2733136656833, 1.6738302503912035
416.3033151657583, 1.673440324705997
416.3333166658333, 1.6730497764315857
416.3633181659083, 1.6726586141877857
416.3933196659833, 1.6722668465893888
416.4233211660583, 1.6718744822458185
416.4533226661333, 1.6714815297607613
416.4833241662083, 1.6710879977318436
416.5133256662833, 1.6706938947502559
416.5433271663583, 1.6702992294004364
416.5733286664333, 1.6699040102597091
416.60333016650833, 1.6695082458979669
416.63333166658333, 1.6691119448773175
416.66333316665833, 1.6687151157517734
416.69333466673334, 1.6683177670669063
416.72333616680834, 1.6679199073595334
416.75333766688334, 1.667521545157393
416.78333916695834, 1.667122688978821
416.81334066703334, 1.6667233473324423
416.84334216710835, 1.6663235287168523
416.87334366718335, 1.665923241620309
416.90334516725835, 1.6655224945204234
416.93334666733335, 1.6651212958838617
416.96334816740836, 1.6647196541660387
416.99334966748336, 1.6643175778108164
417.02335116755836, 1.6639150752502132
417.05335266763336, 1.6635121549041154
417.08335416770836, 1.6631088251799728
417.11335566778337, 1.6627050944725261
417.1433571678584, 1.6623009711635144
417.17335866793337, 1.6618964636213969
417.20336016800843, 1.6614915802010681
417.2333616680834, 1.6610863292435907
417.26336316815843, 1.6606807190759163
417.2933646682334, 1.6602747580106165
417.32336616830844, 1.6598684543456097
417.3533676683834, 1.6594618163639037
417.38336916845844, 1.6590548523333304
417.41337066853345, 1.6586475705062804
417.44337216860845, 1.658239979119454
417.47337366868345, 1.657832086393598
417.50337516875845, 1.6574239005332616
417.53337666883345, 1.657015429726542
417.56337816890846, 1.656606682144836
417.59337966898346, 1.6561976659425985
417.62338116905846, 1.6557883892571001
417.65338266913346, 1.6553788602081938
417.68338416920847, 1.6549690868980629
417.71338566928347, 1.6545590774109997
417.74338716935847, 1.6541488398131738
417.7733886694335, 1.6537383821523945
417.8033901695085, 1.65332771245789
417.8333916695835, 1.652916838740082
417.8633931696585, 1.6525057689903644
417.8933946697335, 1.652094511180884
417.9233961698085, 1.6516830732643197
417.9533976698835, 1.6512714631736767
417.9833991699585, 1.6508596888220612
418.0134006700335, 1.6504477581024848
418.0434021701085, 1.6500356788876498
418.0734036701835, 1.6496234590297412
418.1034051702585, 1.6492111063602277
418.1334066703335, 1.6487986286896703
418.1634081704085, 1.6483860338075063
418.1934096704835, 1.6479733294818653
418.2234111705585, 1.6475605234593798
418.25341267063357, 1.6471476234649742
418.2834141707085, 1.6467346372017087
418.31341567078357, 1.6463215723505549
418.3434171708585, 1.6459084365702465
418.3734186709336, 1.6454952374970693
418.4034201710085, 1.6450819827446996
418.4334216710836, 1.644668679904021
418.4634231711585, 1.6442553365429462
418.4934246712336, 1.6438419602062448
418.5234261713086, 1.6434285584153774
418.5534276713836, 1.6430151386683212
418.5834291714586, 1.6426017084394078
418.6134306715336, 1.642188275179151
418.6434321716086, 1.6417748463140927
418.6734336716836, 1.6413614292466403
418.7034351717586, 1.640948031354907
418.7334366718336, 1.6405346599925563
418.7634381719086, 1.6401213224886468
418.7934396719836, 1.639708026147482
418.8234411720586, 1.6392947782484648
418.8534426721336, 1.6388815860459391
418.8834441722086, 1.6384684567690524
418.9134456722836, 1.6380553976216135
418.9434471723586, 1.6376424157819351
418.9734486724336, 1.637229518402725
419.0034501725086, 1.6368167126109088
419.0334516725836, 1.6364040055075304
419.0634531726586, 1.635991404167596
419.0934546727336, 1.635578915639949
419.12345617280863, 1.6351665469471415
419.15345767288363, 1.6347543050853048
419.18345917295864, 1.6343421970240213
419.21346067303364, 1.6339302297062075
419.24346217310864, 1.633518410047981
419.27346367318364, 1.6331067449385503
419.30346517325864, 1.632695241240093
419.33346667333365, 1.632283905787634
419.3634681734087, 1.6318727453889386
419.39346967348365, 1.631461766824399
419.4234711735587, 1.6310509768469152
419.45347267363366, 1.6306403821817943
419.4834741737087, 1.6302299895266406
419.51347567378366, 1.6298198055512487
419.5434771738587, 1.6294098368974985
419.57347867393366, 1.6290000901792625
419.6034801740087, 1.6285905719822908
419.63348167408367, 1.628181288864125
419.6634831741587, 1.6277722473539937
419.69348467423373, 1.627363453952723
419.72348617430873, 1.6269549151326421
419.75348767438373, 1.626546637337486
419.78348917445874, 1.6261386269823148
419.81349067453374, 1.6257308904534218
419.84349217460874, 1.6253234341082399
419.87349367468374, 1.6249162642752708
419.90349517475875, 1.6245093872539929
419.93349667483375, 1.6241028093147771
419.96349817490875, 1.623696536698817
419.99349967498375, 1.6232905756180422
420.02350117505875, 1.6228849322550474
420.05350267513376, 1.6224796127630094
420.08350417520876, 1.6220746232656267
420.11350567528376, 1.6216699698570363
420.14350717535876, 1.6212656586017484
420.17350867543377, 1.620861695534577
420.20351017550877, 1.6204580866605756
420.23351167558377, 1.6200548379549677
420.2635131756588, 1.619651955363082
420.2935146757338, 1.6192494448002983
420.3235161758088, 1.6188473121519782
420.3535176758838, 1.618445563273409
420.3835191759588, 1.6180442039897456
420.4135206760338, 1.6176432400959557
420.4435221761088, 1.6172426773567625
420.4735236761838, 1.6168425215065945
420.5035251762588, 1.6164427782495294
420.53352667633385, 1.616043453259247
420.5635281764088, 1.6156445521789844
420.59352967648385, 1.6152460806214732
420.6235311765588, 1.614848044168916
420.65353267663386, 1.6144504483729203
420.6835341767088, 1.6140532987544727
420.71353567678386, 1.6136566008038788
420.7435371768588, 1.6132603599807462
420.77353867693387, 1.6128645817139193
420.80354017700887, 1.6124692714014663
420.8335416770839, 1.6120744344106244
420.8635431771589, 1.6116800760777747
420.8935446772339, 1.6112862017084038
420.9235461773089, 1.6108928165770782
420.9535476773839, 1.6104999259274038
420.9835491774589, 1.6101075349720044
421.0135506775339, 1.6097156488924897
421.0435521776089, 1.6093242728394315
421.0735536776839, 1.6089334119323317
421.1035551777589, 1.6085430712596032
421.1335566778339, 1.6081532558785498
421.1635581779089, 1.607763970815335
421.1935596779839, 1.6073752210649692
421.2235611780589, 1.6069870115912868
421.2535626781339, 1.6065993473269313
421.2835641782089, 1.6062122331733353
421.3135656782839, 1.6058256740007049
421.3435671783589, 1.60543967464801
421.3735686784339, 1.6050542399229626
421.4035701785089, 1.604669374602014
421.4335716785839, 1.604285083430339
421.4635731786589, 1.6039013711218255
421.4935746787339, 1.6035182423590713
421.5235761788089, 1.6031357017933716
421.5535776788839, 1.6027537540447134
421.5835791789589, 1.6023724037017728
421.61358067903393, 1.6019916553219122
421.643582179109, 1.6016115134311746
421.67358367918393, 1.6012319825242838
421.703585179259, 1.6008530670646404
421.73358667933394, 1.6004747714843315
421.763588179409, 1.600097100184122
421.79358967948394, 1.5997200575334658
421.823591179559, 1.5993436478704992
421.85359267963395, 1.5989678755020647
421.883594179709, 1.5985927447036914
421.913595679784, 1.5982182597196304
421.943597179859, 1.597844424762837
421.973598679934, 1.5974712440149985
422.003600180009, 1.5970987216265358
422.033601680084, 1.5967268617166193
422.063603180159, 1.5963556683731757
422.093604680234, 1.5959851456529068
422.123606180309, 1.5956152975812998
422.153607680384, 1.595246128152648
422.18360918045903, 1.5948776413300603
422.21361068053403, 1.5945098410454843
422.24361218060903, 1.5941427311997252
422.27361368068404, 1.5937763156624554
422.30361518075904, 1.5934105982722497
422.33361668083404, 1.5930455828365948
422.36361818090904, 1.5926812731319164
422.39361968098405, 1.5923176729036022
422.42362118105905, 1.5919547858660257
422.45362268113405, 1.5915926157025695
422.48362418120905, 1.5912311660656544
422.51362568128405, 1.5908704405767622
422.54362718135906, 1.5905104428264694
422.57362868143406, 1.5901511763744696
422.60363018150906, 1.589792644749606
422.63363168158406, 1.5894348514499022
422.66363318165907, 1.5890777999425925
422.69363468173407, 1.5887214936641556
422.72363618180907, 1.5883659360203457
422.75363768188413, 1.5880111303862248
422.7836391819591, 1.5876570801062062
422.81364068203413, 1.5873037884940762
422.8436421821091, 1.5869512588330434
422.87364368218414, 1.5865994943757682
422.9036451822591, 1.586248498344403
422.93364668233414, 1.5858982739306318
422.9636481824091, 1.5855488242957128
422.99364968248415, 1.5852001525705077
423.0236511825591, 1.5848522618555398
423.05365268263415, 1.584505155221019
423.08365418270915, 1.5841588357068987
423.11365568278416, 1.5838133063229096
423.14365718285916, 1.5834685700486093
423.17365868293416, 1.583124629833427
423.20366018300916, 1.582781488596705
423.23366168308416, 1.5824391492277539
423.26366318315917, 1.5820976145858892
423.29366468323417, 1.581756887500488
423.3236661833092, 1.5814169707710348
423.3536676833842, 1.5810778671671706
423.3836691834592, 1.580739579428743
423.4136706835342, 1.5804021102658596
423.4436721836092, 1.580065462358936
423.4736736836842, 1.5797296383587522
423.5036751837592, 1.5793946408864996
423.5336766838342, 1.5790604725338435
423.5636781839092, 1.5787271358629684
423.5936796839842, 1.5783946334066417
423.6236811840592, 1.578062967668261
423.6536826841342, 1.5777321411219172
423.6836841842092, 1.5774021562124474
423.7136856842842, 1.577073015355496
423.7436871843592, 1.576744720937569
423.7736886844342, 1.576417275316098
423.8036901845092, 1.5760906808194948
423.8336916845842, 1.5757649397472144
423.8636931846592, 1.575440054369815
423.8936946847342, 1.5751160269290219
423.9236961848093, 1.5747928596377825
423.9536976848842, 1.5744705546803408
423.9836991849593, 1.5741491142122859
424.0137006850342, 1.5738285403606318
424.0437021851093, 1.573508835223866
424.0737036851842, 1.5731900008720265
424.1037051852593, 1.5728720393467628
424.13370668533423, 1.5725549526614002
424.1637081854093, 1.5722387428010092
424.1937096854843, 1.5719234117224732
424.2237111855593, 1.571608961354553
424.2537126856343, 1.5712953935979586
424.2837141857093, 1.5709827103254168
424.3137156857843, 1.5706709133817383
424.3437171858593, 1.5703600045838917
424.3737186859343, 1.5700499857210712
424.4037201860093, 1.569740858554766
424.4337216860843, 1.569432624818837
424.4637231861593, 1.5691252862195841
424.4937246862343, 1.5688188444358204
424.5237261863093, 1.568513301118945
424.5537276863843, 1.568208657893015
424.5837291864593, 1.567904916354822
424.6137306865343, 1.5676020780739635
424.6437321866093, 1.5673001445929222
424.67373368668433, 1.5669991174271345
424.70373518675933, 1.5666989980650727
424.73373668683433, 1.5663997879683174
424.76373818690934, 1.5661014885716356
424.79373968698434, 1.5658041012830584
424.82374118705934, 1.5655076274839566
424.85374268713434, 1.5652120685291189
424.88374418720935, 1.5649174257468332
424.91374568728435, 1.5646237004389618
424.94374718735935, 1.5643308938810216
424.97374868743435, 1.5640390073222663
425.00375018750935, 1.563748041985762
425.0337516875844, 1.5634579990684716
425.06375318765936, 1.563168879741335
425.0937546877344, 1.5628806851493449
425.12375618780936, 1.5625934164116388
425.1537576878844, 1.56230707462157
425.18375918795937, 1.5620216608467996
425.2137606880344, 1.5617371761293715
425.2437621881094, 1.5614536214858004
425.27376368818443, 1.561170997907151
425.30376518825943, 1.5608893063591307
425.33376668833444, 1.56060854778216
425.36376818840944, 1.5603287230914697
425.39376968848444, 1.5600498331771795
425.42377118855944, 1.5597718789043835
425.45377268863444, 1.5594948611132382
425.48377418870945, 1.5592187806190465
425.51377568878445, 1.5589436382123436
425.54377718885945, 1.5586694346589853
425.57377868893445, 1.5583961707002343
425.60378018900946, 1.5581238470528451
425.63378168908446, 1.5578524644091556
425.66378318915946, 1.5575820234371707
425.69378468923446, 1.557312524780654
425.72378618930946, 1.5570439690592135
425.75378768938447, 1.5567763568683914
425.78378918945947, 1.5565096887797532
425.81379068953447, 1.5562439653409768
425.8437921896095, 1.5559791870759423
425.8737936896845, 1.5557153544848186
425.9037951897595, 1.5554524680441604
425.9337966898345, 1.5551905282069922
425.9637981899095, 1.5549295354029007
425.9937996899845, 1.554669490038127
426.0238011900595, 1.5544103924956565
426.0538026901345, 1.5541522431353079
426.0838041902095, 1.5538950422938322
426.1138056902845, 1.5536387902849944
426.14380719035955, 1.553383487399675
426.1738086904345, 1.5531291339059563
426.20381019050956, 1.5528757300492146
426.2338116905845, 1.5526232760522192
426.26381319065956, 1.5523717721152157
426.2938146907345, 1.552121218416031
426.32381619080957, 1.5518716151101544
426.3538176908845, 1.5516229623308404
426.38381919095957, 1.5513752601891972
426.4138206910345, 1.5511285087742854
426.4438221911096, 1.550882708153204
426.4738236911846, 1.5506378583711968
426.5038251912596, 1.550393959451735
426.5338266913346, 1.55015101139662
426.5638281914096, 1.5499090141860743
426.5938296914846, 1.5496679677788383
426.6238311915596, 1.5494278721122636
426.6538326916346, 1.5491887271024123
426.6838341917096, 1.5489505326441484
426.7138356917846, 1.5487132886112356
426.7438371918596, 1.548476994856433
426.7738386919346, 1.5482416512115926
426.8038401920096, 1.5480072574877495
426.8338416920846, 1.5477738134752295
426.8638431921596, 1.5475413189437315
426.8938446922346, 1.5473097736424375
426.9238461923096, 1.5470791773001
426.9538476923846, 1.546849529625142
426.9838491924596, 1.5466208303057563
427.0138506925346, 1.5463930790099993
427.0438521926096, 1.546166275385891
427.0738536926846, 1.5459404190615083
427.1038551927596, 1.5457155096450867
427.1338566928346, 1.545491546725117
427.16385819290963, 1.5452685298704414
427.19385969298463, 1.5450464586303523
427.22386119305963, 1.5448253325346903
427.25386269313464, 1.5446051510939431
427.28386419320964, 1.5443859137993412
427.3138656932847, 1.5441676201229588
427.34386719335964, 1.5439502695178102
427.3738686934347, 1.5437338614179477
427.40387019350965, 1.5435183952385638
427.4338716935847, 1.5433038703760846
427.46387319365965, 1.543090286208273
427.4938746937347, 1.5428776420943213
427.52387619380966, 1.5426659373749618
427.5538776938847, 1.5424551713725467
427.5838791939597, 1.5422453433911671
427.6138806940347, 1.5420364527167392
427.6438821941097, 1.541828498617106
427.6738836941847, 1.5416214803421397
427.7038851942597, 1.5414153971238354
427.7338866943347, 1.5412102481764143
427.76388819440973, 1.541006032696422
427.79388969448473, 1.540802749862827
427.82389119455974, 1.540600398837119
427.85389269463474, 1.5403989787634127
427.88389419470974, 1.5401984887685394
427.91389569478474, 1.539998927962153
427.94389719485974, 1.539800295436828
427.97389869493475, 1.5396025902681567
428.00390019500975, 1.5394058115148486
428.03390169508475, 1.5392099582188332
428.06390319515975, 1.5390150294053555
428.09390469523476, 1.5388210240830784
428.12390619530976, 1.5386279412441801
428.15390769538476, 1.538435779864454
428.18390919545976, 1.5382445389034092
428.21391069553476, 1.538054217304368
428.24391219560977, 1.5378648139945688
428.27391369568477, 1.5376763278852599
428.30391519575977, 1.5374887578718053
428.3339166958348, 1.5373021028337777
428.3639181959098, 1.5371163616350645
428.3939196959848, 1.5369315331239612
428.42392119605984, 1.5367476161332754
428.4539226961348, 1.5365646094804228
428.48392419620984, 1.5363825119675274
428.5139256962848, 1.5362013223815232
428.54392719635985, 1.5360210394942477
428.5739286964348, 1.5358416620625497
428.60393019650985, 1.5356631888283783
428.6339316965848, 1.5354856185188916
428.66393319665985, 1.535308949846548
428.69393469673486, 1.5351331815092106
428.72393619680986, 1.5349583121902444
428.75393769688486, 1.5347843405586141
428.78393919695986, 1.5346112652689836
428.81394069703487, 1.5344390849618164
428.84394219710987, 1.534267798263473
428.87394369718487, 1.5340974037863087
428.9039451972599, 1.5339279001287744
428.9339466973349, 1.5337592858755131
428.9639481974099, 1.533591559597461
428.9939496974849, 1.5334247198519428
429.0239511975599, 1.533258765182773
429.0539526976349, 1.5330936941203512
429.0839541977099, 1.532929505181764
429.1139556977849, 1.5327661968708794
429.1439571978599, 1.532603767678448
429.1739586979349, 1.5324422160821993
429.2039601980099, 1.5322815405469405
429.2339616980849, 1.5321217395246514
429.2639631981599, 1.5319628114545887
429.2939646982349, 1.5318047547633749
429.3239661983099, 1.531647567865104
429.3539676983849, 1.5314912491614339
429.3839691984599, 1.5313357970416848
429.4139706985349, 1.5311812098829378
429.4439721986099, 1.5310274860501312
429.4739736986849, 1.5308746238961564
429.5039751987599, 1.5307226217619572
429.533976698835, 1.5305714779766249
429.5639781989099, 1.530421190857496
429.593979698985, 1.530271758710247
429.6239811990599, 1.5301231798289938
429.653982699135, 1.5299754524963856
429.68398419920993, 1.5298285749837022
429.713985699285, 1.52968254555095
429.74398719935994, 1.5295373624469588
429.773988699435, 1.529393023909475
429.80399019950994, 1.5292495281652625
429.833991699585, 1.529106873430192
429.86399319966, 1.528965057909341
429.893994699735, 1.5288240797970878
429.92399619981, 1.5286839372772072
429.953997699885, 1.5285446285229645
429.98399919996, 1.5284061516972114
430.014000700035, 1.5282685049524802
430.04400220011, 1.5281316864310799
430.074003700185, 1.5279956942651882
430.10400520026, 1.5278605265769496
430.134006700335, 1.5277261814785656
430.16400820041, 1.5275926570723908
430.194009700485, 1.527459951451028
430.22401120056, 1.52732806269742
430.25401270063503, 1.5271969888849428
430.28401420071003, 1.5270667280775032
430.31401570078503, 1.5269372783296262
430.34401720086004, 1.5268086376865528
430.37401870093504, 1.5266808041843314
430.40402020101004, 1.52655377584991
430.43402170108504, 1.5264275507012295
430.46402320116005, 1.5263021267473174
430.49402470123505, 1.5261775019883776
430.52402620131005, 1.5260536744158852
430.55402770138505, 1.5259306420126766
430.58402920146005, 1.5258084027530419
430.61403070153506, 1.5256869546028171
430.64403220161006, 1.5255662955194755
430.67403370168506, 1.5254464234522185
430.7040352017601, 1.525327336342066
430.73403670183507, 1.5252090321219511
430.7640382019101, 1.525091508716804
430.79403970198507, 1.5249747640436506
430.82404120206013, 1.5248587960116962
430.8540427021351, 1.52474360252242
430.88404420221013, 1.5246291814696635
430.9140457022851, 1.5245155307397202
430.94404720236014, 1.5244026482114252
430.97404870243514, 1.5242905317562465
431.00405020251014, 1.5241791792383703
431.03405170258515, 1.524068588514796
431.06405320266015, 1.5239587574354174
431.09405470273515, 1.5238496838431193
431.12405620281015, 1.5237413655738605
431.15405770288515, 1.5236338004567642
431.18405920296016, 1.5235269863142056
431.21406070303516, 1.523420920961901
431.24406220311016, 1.5233156022089924
431.27406370318516, 1.5232110278581386
431.30406520326017, 1.5231071957056008
431.33406670333517, 1.5230041035413286
431.36406820341017, 1.522901749149049
431.3940697034852, 1.5228001303063516
431.4240712035602, 1.522699244784775
431.4540727036352, 1.5225990903498938
431.4840742037102, 1.522499664761404
431.5140757037852, 1.5224009657732098
431.5440772038602, 1.522302991133507
431.5740787039352, 1.5222057385848702
431.6040802040102, 1.522109205864338
431.6340817040852, 1.5220133907034963
431.6640832041602, 1.5219182908285644
431.6940847042352, 1.5218239039604795
431.7240862043102, 1.5217302278149798
431.7540877043852, 1.5216372601026895
431.7840892044602, 1.521544998529202
431.81409070453526, 1.5214534407951645
431.8440922046102, 1.5213625845963594
431.87409370468527, 1.5212724276237897
431.9040952047602, 1.5211829675637598
431.93409670483527, 1.5210942020979596
431.9640982049102, 1.5210061289035464
431.9940997049853, 1.5209187456532267
432.0241012050602, 1.5208320500153387
432.0541027051353, 1.5207460396539336
432.0841042052103, 1.5206607122288582
432.1141057052853, 1.520576065395834
432.1441072053603, 1.5204920968065396
432.1741087054353, 1.5204088041086918
432.2041102055103, 1.5203261849461251
432.2341117055853, 1.5202442369588731
432.2641132056603, 1.5201629577832467
432.2941147057353, 1.5200823450519156
432.3241162058103, 1.520002396393988
432.3541177058853, 1.519923109435088
432.3841192059603, 1.5198444817974368
432.4141207060353, 1.5197665110999294
432.4441222061103, 1.5196891949582159
432.4741237061853, 1.5196125309847768
432.5041252062603, 1.5195365167890031
432.5341267063353, 1.5194611499772734
432.5641282064103, 1.5193864281530316
432.5941297064853, 1.519312348916864
432.6241312065603, 1.5192389098665764
432.6541327066353, 1.519166108597271
432.6841342067103, 1.5190939427014238
432.7141357067853, 1.5190224097689586
432.74413720686033, 1.5189515073873259
432.77413870693533, 1.5188812331415757
432.80414020701033, 1.518811584614436
432.83414170708534, 1.5187425593863866
432.86414320716034, 1.518674155035733
432.89414470723534, 1.518606369138683
432.9241462073104, 1.518539199269421
432.95414770738535, 1.5184726430001807
432.9841492074604, 1.5184066979013204
433.01415070753535, 1.518341361541397
433.0441522076104, 1.5182766314872387
433.07415370768535, 1.5182125053040172
433.1041552077604, 1.5181489805553225
433.13415670783536, 1.518086054803236
433.1641582079104, 1.5180237256083988
433.19415970798536, 1.5179619905300898
433.2241612080604, 1.5179008471262916
433.2541627081354, 1.5178402929537669
433.2841642082104, 1.5177803255681273
433.31416570828543, 1.517720942523904
433.34416720836043, 1.517662141374621
433.37416870843543, 1.5176039196728621
433.40417020851044, 1.517546274970345
433.43417170858544, 1.5174892048179882
433.46417320866044, 1.517432706765982
433.49417470873544, 1.5173767783638579
433.52417620881045, 1.5173214171605578
433.55417770888545, 1.5172666207045025
433.58417920896045, 1.5172123865436604
433.61418070903545, 1.517158712225616
433.64418220911045, 1.517105595297638
433.67418370918546, 1.517053033306747
433.70418520926046, 1.5170010237997826
433.73418670933546, 1.516949564323472
433.76418820941046, 1.5168986524244943
433.79418970948547, 1.5168482856495504
433.82419120956047, 1.516798461545427
433.85419270963547, 1.516749177659064
433.8841942097105, 1.5167004315376198
433.9141957097855, 1.5166522207285367
433.9441972098605, 1.5166045427796067
433.9741987099355, 1.5165573952390363
434.0042002100105, 1.516510775655511
434.0342017100855, 1.5164646815782605
434.0642032101605, 1.5164191105571216
434.09420471023554, 1.5163740601426032
434.1242062103105, 1.5163295278859499
434.15420771038555, 1.516285511339204
434.1842092104605, 1.5162420080552699
434.21421071053555, 1.516199015587977
434.2442122106105, 1.516156531492141
434.27421371068556, 1.5161145533236269
434.3042152107605, 1.5160730786394108
434.33421671083556, 1.5160321049976413
434.36421821091056, 1.5159916299577016
434.39421971098557, 1.515951651080269
434.42422121106057, 1.5159121659273775
434.45422271113557, 1.5158731720624767
434.4842242112106, 1.5158346670504939
434.5142257112856, 1.515796648457892
434.5442272113606, 1.5157591138527298
434.5742287114356, 1.5157220608047224
434.6042302115106, 1.515685486885299
434.6342317115856, 1.515649389667662
434.6642332116606, 1.515613766726846
434.6942347117356, 1.5155786156397753
434.7242362118106, 1.5155439339853223
434.7542377118856, 1.5155097193443652
434.7842392119606, 1.5154759692998445
434.8142407120356, 1.5154426814368218
434.8442422121106, 1.5154098533425342
434.8742437121856, 1.5153774826064528
434.9042452122606, 1.5153455668203382
434.9342467123356, 1.515314103578296
434.9642482124106, 1.5152830904768329
434.9942497124856, 1.515252525114913
435.0242512125606, 1.515222405094009
435.0542527126356, 1.5151927280181634
435.0842542127106, 1.5151634914940364
435.1142557127856, 1.5151346931309644
435.1442572128606, 1.5151063305410117
435.1742587129356, 1.5150784013390257
435.2042602130107, 1.5150509031426889
435.23426171308563, 1.5150238335725725
435.2642632131607, 1.514997190252189
435.29426471323563, 1.5149709708080452
435.3242662133107, 1.514945172869693
435.35426771338564, 1.5149197940697827
435.3842692134607, 1.5148948320441138
435.41427071353564, 1.5148702844316873
435.4442722136107, 1.5148461488747547
435.4742737136857, 1.51482242301887
435.5042752137607, 1.5147991045129414
435.5342767138357, 1.5147761910092787
435.5642782139107, 1.514753680163645
435.5942797139857, 1.5147315696353056
435.6242812140607, 1.5147098570870783
435.6542827141357, 1.51468854018538
435.6842842142107, 1.514667616600278
435.7142857142857, 1.5146470840055373
435.7442872143607, 1.5146269400786678
435.7742887144357, 1.5146071825009741
435.80429021451073, 1.5145878089576015
435.83429171458573, 1.5145688171375833
435.86429321466073, 1.5145502047338884
435.89429471473574, 1.5145319694434685
435.92429621481074, 1.5145141089673022
435.95429771488574, 1.5144966210104434
435.98429921496074, 1.5144795032820666
436.01430071503574, 1.514462753495511
436.04430221511075, 1.5144463693683274
436.07430371518575, 1.5144303486223225
436.10430521526075, 1.5144146889836037
436.13430671533575, 1.5143993881826225
436.16430821541076, 1.51438444395422
436.19430971548576, 1.51436985403767
436.22431121556076, 1.514355616176722
436.25431271563576, 1.5143417281196454
436.28431421571076, 1.5143281876192716
436.3143157157858, 1.514314992433037
436.34431721586077, 1.5143021403230255
436.37431871593583, 1.5142896290560097
436.4043202160108, 1.5142774564034935
436.43432171608583, 1.5142656201417537
436.4643232161608, 1.51425411805188
436.49432471623584, 1.514242947919818
436.5243262163108, 1.5142321075364071
436.55432771638584, 1.514221594697423
436.5843292164608, 1.5142114072036166
436.61433071653585, 1.5142015428607547
436.64433221661085, 1.5141919994796584
436.67433371668585, 1.5141827748762424
436.70433521676085, 1.5141738668715554
436.73433671683586, 1.5141652732918165
436.76433821691086, 1.5141569919684548
436.79433971698586, 1.514149020738148
436.82434121706086, 1.5141413574428584
436.85434271713586, 1.5141339999298717
436.88434421721087, 1.5141269460518343
436.91434571728587, 1.514120193666789
436.94434721736087, 1.5141137406382126
436.9743487174359, 1.5141075848350523
437.0043502175109, 1.514101724131761
437.0343517175859, 1.514096156408334
437.0643532176609, 1.5140908795503436
437.0943547177359, 1.5140858914489745
437.1243562178109, 1.5140811900010598
437.1543577178859, 1.514076773109114
437.1843592179609, 1.5140726386813683
437.2143607180359, 1.5140687846318046
437.2443622181109, 1.514065208880189
437.2743637181859, 1.5140619093521055
437.3043652182609, 1.5140588839789897
437.3343667183359, 1.5140561306981608
437.3643682184109, 1.5140536474528545
437.3943697184859, 1.514051432192257
437.4243712185609, 1.514049482871534
437.4543727186359, 1.5140477974518658
437.48437421871097, 1.5140463739004764
437.5143757187859, 1.5140452101906663
437.544377218861, 1.514044304301843
437.5743787189359, 1.514043654219551
437.604380219011, 1.5140432579355039
437.6343817190859, 1.5140431134476127
437.664383219161, 1.5140432187600177
437.6943847192359, 1.514043571883116
437.724386219311, 1.514044170833592
437.754387719386, 1.5140450136344472
437.784389219461, 1.514046098315027
437.814390719536, 1.5140474229110514
437.844392219611, 1.5140489854646413
437.874393719686, 1.5140507840243482
437.904395219761, 1.5140528166451805
437.934396719836, 1.5140550813886315
437.964398219911, 1.514057576322707
437.994399719986, 1.5140602995219514
438.024401220061, 1.5140632490674746
438.054402720136, 1.514066423046979
438.084404220211, 1.5140698195547835
438.114405720286, 1.5140734366918527
438.144407220361, 1.5140772725658194
438.174408720436, 1.5140813252910106
438.204410220511, 1.5140855929884736
438.234411720586, 1.5140900737859997
438.264413220661, 1.5140947658181487
438.29441472073603, 1.5140996672262736
438.32441622081103, 1.5141047761585438
438.35441772088603, 1.5141100907699696
438.38441922096104, 1.5141156092224248
438.41442072103604, 1.5141213296846705
438.44442222111104, 1.514127250332377
438.47442372118604, 1.5141333693481478
438.50442522126104, 1.514139684921541
438.53442672133605, 1.51414619524909
438.56442822141105, 1.5141528985343293
438.5944297214861, 1.5141597929878112
438.62443122156105, 1.5141668768271308
438.6544327216361, 1.5141741482769449
438.68443422171106, 1.5141816055689938
438.7144357217861, 1.514189246942121
438.74443722186106, 1.5141970706422943
438.7744387219361, 1.5142050749226248
438.80444022201107, 1.5142132580433874
438.8344417220861, 1.5142216182720398
438.8644432221611, 1.514230153883242
438.89444472223613, 1.5142388631588748
438.92444622231113, 1.5142477443880589
438.95444772238613, 1.514256795867173
438.98444922246114, 1.5142660158998722
439.01445072253614, 1.5142754027971057
439.04445222261114, 1.5142849548771344
439.07445372268614, 1.514294670465549
439.10445522276115, 1.5143045478952855
439.13445672283615, 1.5143145855066442
439.16445822291115, 1.5143247816473047
439.19445972298615, 1.5143351346723426
439.22446122306116, 1.5143456429442461
439.25446272313616, 1.5143563048329323
439.28446422321116, 1.5143671187157606
439.31446572328616, 1.514378082977551
439.34446722336116, 1.5143891960105975
439.37446872343617, 1.5144004562146829
439.40447022351117, 1.5144118619970937
439.43447172358617, 1.514423411772635
439.4644732236612, 1.5144351039636443
439.4944747237362, 1.5144469370000047
439.5244762238112, 1.5144589093191598
439.5544777238862, 1.5144710193661255
439.5844792239612, 1.514483265593505
439.6144807240362, 1.5144956464615
439.6444822241112, 1.5145081604379242
439.6744837241862, 1.5145208059982158
439.70448522426125, 1.5145335816254493
439.7344867243362, 1.5145464858103472
439.76448822441125, 1.5145595170512927
439.7944897244862, 1.51457267385434
439.82449122456126, 1.5145859547332257
439.8544927246362, 1.5145993582093804
439.88449422471126, 1.514612882811939
439.9144957247862, 1.514626527077751
439.94449722486127, 1.514640289551391
439.9744987249362, 1.5146541687851687
440.00450022501127, 1.5146681633391381
440.0345017250863, 1.5146822717811086
440.0645032251613, 1.5146964926866517
440.0945047252363, 1.5147108246391128
440.1245062253113, 1.514725266229618
440.1545077253863, 1.5147398160570837
440.1845092254613, 1.5147544727282252
440.2145107255363, 1.514769234857563
440.2445122256113, 1.5147841010674332
440.2745137256863, 1.5147990699879943
440.3045152257613, 1.5148141402572324
440.3345167258363, 1.5148293105209722
440.3645182259113, 1.5148445794328809
440.3945197259863, 1.514859945654477
440.4245212260613, 1.5148754078551345
440.4545227261363, 1.5148909647120918
440.4845242262113, 1.5149066149104564
440.5145257262863, 1.5149223571432104
440.5445272263613, 1.5149381901112164
440.5745287264363, 1.5149541125232238
440.6045302265113, 1.514970123095872
440.6345317265863, 1.514986220553698
440.6645332266613, 1.515002403629138
440.6945347267363, 1.5150186710625346
440.7245362268113, 1.5150350216021398
440.7545377268863, 1.5150514540041187
440.78453922696133, 1.515067967032554
440.81454072703633, 1.51508455945945
440.84454222711133, 1.5151012300647342
440.8745437271864, 1.5151179776362627
440.90454522726134, 1.5151348009698213
440.9345467273364, 1.5151516988691303
440.96454822741134, 1.5151686701458438
440.9945497274864, 1.5151857136195555
441.02455122756135, 1.5152028281177985
441.0545527276364, 1.5152200124760482
441.08455422771135, 1.5152372655377233
441.1145557277864, 1.515254586154188
441.1445572278614, 1.515271973184752
441.1745587279364, 1.5152894254966731
441.2045602280114, 1.5153069419651573
441.2345617280864, 1.5153245214733584
441.2645632281614, 1.5153421629123802
441.2945647282364, 1.5153598651812754
441.3245662283114, 1.5153776271870456
441.3545677283864, 1.5153954478446425
441.38456922846143, 1.515413326076965
441.41457072853643, 1.5154312608148608
441.44457222861143, 1.5154492509971247
441.47457372868644, 1.5154672955704969
441.50457522876144, 1.5154853934896628
441.53457672883644, 1.5155035437172508
441.56457822891144, 1.5155217452238314
441.59457972898645, 1.5155399969879144
441.62458122906145, 1.5155582979959474
441.65458272913645, 1.5155766472423133
441.68458422921145, 1.515595043729328
441.71458572928645, 1.515613486467238
441.74458722936146, 1.5156319744742162
441.77458872943646, 1.515650506776361
441.80459022951146, 1.5156690824076913
441.83459172958646, 1.5156877004101437
441.86459322966147, 1.515706359833569
441.89459472973647, 1.5157250597357272
441.92459622981147, 1.5157437991822855
441.9545977298865, 1.5157625772468128
441.98459922996153, 1.5157813930107746
442.0146007300365, 1.51580024556353
442.04460223011154, 1.5158191340023262
442.0746037301865, 1.5158380574322925
442.10460523026154, 1.5158570149664368
442.1346067303365, 1.5158760057256393
442.16460823041155, 1.5158950288386472
442.1946097304865, 1.5159140834420686
442.22461123056155, 1.5159331686803668
442.25461273063655, 1.5159522837058543
442.28461423071155, 1.5159714276786866
442.31461573078656, 1.5159905997668552
442.34461723086156, 1.5160097991461812
442.37461873093656, 1.5160290250003086
442.40462023101156, 1.5160482765206973
442.43462173108657, 1.5160675529066154
442.46462323116157, 1.5160868533651324
442.49462473123657, 1.516106177111111
442.5246262313116, 1.5161255233672002
442.5546277313866, 1.5161448913638267
442.5846292314616, 1.5161642803391864
442.6146307315366, 1.516183689539237
442.6446322316116, 1.51620311821769
442.6746337316866, 1.516222565636
442.7046352317616, 1.5162420310633578
442.7346367318366, 1.5162615137766808
442.7646382319116, 1.5162810130606035
442.7946397319866, 1.5163005282074689
442.8246412320616, 1.516320058517318
442.8546427321366, 1.5163396032978809
442.8846442322116, 1.5163591618645675
442.9146457322866, 1.5163787335404555
442.9446472323616, 1.5163983176562825
442.9746487324366, 1.516417913550434
443.0046502325116, 1.516437520568934
443.0346517325866, 1.516457138065433
443.0646532326616, 1.5164767654011992
443.09465473273667, 1.516496401945105
443.1246562328116, 1.5165160470736183
443.1546577328867, 1.516535700170789
443.1846592329616, 1.5165553606282394
443.2146607330367, 1.5165750278451502
443.2446622331116, 1.516594701228252
443.2746637331867, 1.5166143801918095
443.30466523326163, 1.5166340641576126
443.3346667333367, 1.5166537525549624
443.36466823341163, 1.516673444820659
443.3946697334867, 1.5166931403989892
443.4246712335617, 1.5167128387417133
443.4546727336367, 1.5167325393080526
443.4846742337117, 1.5167522415646764
443.5146757337867, 1.516771944985688
443.5446772338617, 1.516791649052612
443.5746787339367, 1.5168113532543812
443.6046802340117, 1.5168310570873216
443.6346817340867, 1.5168507600551393
443.6646832341617, 1.5168704616689068
443.6946847342367, 1.5168901614470487
443.7246862343117, 1.516909858915327
443.7546877343867, 1.5169295536068268
443.7846892344617, 1.5169492450619422
443.8146907345367, 1.516968932828361
443.8446922346117, 1.5169886164610504
443.87469373468673, 1.5170082955222413
443.90469523476173, 1.5170279695814135
443.93469673483673, 1.5170476382152809
443.96469823491174, 1.5170673010077749
443.99469973498674, 1.5170869575500299
444.02470123506174, 1.5171066074403672
444.05470273513674, 1.5171262502842784
444.08470423521175, 1.5171458856944111
444.11470573528675, 1.5171655132905513
444.14470723536175, 1.5171851326996069
444.17470873543675, 1.517204743555593
444.20471023551175, 1.517224345499614
444.23471173558676, 1.5172439381798466
444.2647132356618, 1.5172635212515244
444.29471473573676, 1.5172830943769193
444.3247162358118, 1.5173026572253263
444.35471773588677, 1.5173222094730443
444.3847192359618, 1.51734175080336
444.41472073603677, 1.5173612809065302
444.44472223611183, 1.517380799479764
444.4747237361868, 1.5174003062272048
444.50472523626183, 1.5174198008599133
444.53472673633684, 1.517439283095849
444.56472823641184, 1.5174587526598513
444.59472973648684, 1.517478209283623
444.62473123656184, 1.51749765270571
444.65473273663684, 1.5175170826714843
444.68473423671185, 1.5175364989331246
444.71473573678685, 1.517555901249598
444.74473723686185, 1.5175752893866408
444.77473873693685, 1.5175946631167392
444.80474023701186, 1.517614022219111
444.83474173708686, 1.5176333664796862
444.86474323716186, 1.5176526956910867
444.89474473723686, 1.5176720096526082
444.92474623731187, 1.5176913081701997
444.95474773738687, 1.5177105910564441
444.98474923746187, 1.5177298581305385
445.0147507375369, 1.5177491092182738
445.0447522376119, 1.5177683441520153
445.0747537376869, 1.517787562770682
445.1047552377619, 1.5178067649197269
445.1347567378369, 1.5178259504511158
445.1647582379119, 1.5178451192233076
445.1947597379869, 1.5178642711012331
445.2247612380619, 1.517883405956275
445.2547627381369, 1.517902523666246
445.2847642382119, 1.5179216241153692
445.3147657382869, 1.5179407071942557
445.3447672383619, 1.5179597727998846
445.37476873843696, 1.517978820835581
445.4047702385119, 1.517997851210995
445.43477173858696, 1.5180168638420801
445.4647732386619, 1.5180358586510714
445.49477473873696, 1.518054835566465
445.5247762388119, 1.518073794522994
445.55477773888697, 1.5180927354616098
445.5847792389619, 1.5181116583294572
445.614780739037, 1.518130563079854
445.644782239112, 1.5181494496722678
445.674783739187, 1.5181683180722951
445.704785239262, 1.5181871682516375
445.734786739337, 1.5182060001880797
445.764788239412, 1.5182248138654677
445.794789739487, 1.518243609273685
445.824791239562, 1.5182623864086309
445.854792739637, 1.5182811452721963
445.884794239712, 1.518299885872242
445.914795739787, 1.518318608222576
445.944797239862, 1.5183373123429282
445.974798739937, 1.5183559982589296
446.004800240012, 1.518374666002088
446.034801740087, 1.5183933156097644
446.064803240162, 1.5184119471251494
446.094804740237, 1.5184305605972408
446.124806240312, 1.5184491560808184
446.154807740387, 1.518467733636421
446.184809240462, 1.5184862933303234
446.214810740537, 1.5185048352345107
446.244812240612, 1.5185233594266556
446.274813740687, 1.518541865990094
446.304815240762, 1.518560355013801
446.334816740837, 1.518578826592366
446.36481824091203, 1.5185972808259691
446.39481974098703, 1.5186157178203565
446.42482124106203, 1.518634137686816
446.45482274113704, 1.518652540542152
446.4848242412121, 1.5186709265086618
446.51482574128704, 1.5186892957141096
446.5448272413621, 1.5187076482917032
446.57482874143705, 1.5187259843800682
446.6048302415121, 1.518744304123223
446.63483174158705, 1.5187626076705534
446.6648332416621, 1.5187808951767896
446.69483474173705, 1.5187991668019782
446.7248362418121, 1.518817422711459
446.75483774188706, 1.5188356630758386
446.7848392419621, 1.5188538880709654
446.8148407420371, 1.5188720978779047
446.8448422421121, 1.5188902926829118
446.8748437421871, 1.5189084726774078
446.9048452422621, 1.5189266380579536
446.93484674233713, 1.518944789026223
446.96484824241213, 1.5189629257889787
446.99484974248713, 1.5189810485580455
447.02485124256214, 1.5189991575502841
447.05485274263714, 1.5190172529875656
447.08485424271214, 1.519035335096746
447.11485574278714, 1.5190534041096384
447.14485724286214, 1.5190714602629884
447.17485874293715, 1.5190895037984475
447.20486024301215, 1.5191075349625462
447.23486174308715, 1.5191255540066686
447.26486324316215, 1.5191435611870245
447.29486474323716, 1.5191615567646253
447.32486624331216, 1.5191795410052544
447.35486774338716, 1.5191975141794438
447.38486924346216, 1.519215476562445
447.41487074353716, 1.5192334284342033
447.44487224361217, 1.519251370079331
447.47487374368717, 1.5192693017870809
447.50487524376217, 1.5192872238513186
447.5348767438372, 1.5193051365704966
447.5648782439122, 1.519323040247626
447.5948797439872, 1.519340935190251
447.6248812440622, 1.5193588217104206
447.65488274413724, 1.5193767001246625
447.6848842442122, 1.5193945707539551
447.71488574428724, 1.5194124339237005
447.7448872443622, 1.5194302899636973
447.77488874443725, 1.519448139208114
447.8048902445122, 1.51946598199546
447.83489174458725, 1.5194838186685593
447.8648932446622, 1.5195016495745237
447.89489474473726, 1.5195194750647238
447.92489624481226, 1.5195372954947621
447.95489774488726, 1.5195551112244459
447.98489924496226, 1.519572922617759
448.01490074503727, 1.5195907300428344
448.04490224511227, 1.519608533871926
448.07490374518727, 1.5196263344813823
448.1049052452623, 1.5196441322516165
448.1349067453373, 1.5196619275670809
448.1649082454123, 1.5196797208162371
448.1949097454873, 1.5196975123915293
448.2249112455623, 1.5197153026893562
448.2549127456373, 1.5197330921100425
448.2849142457123, 1.519750881057811
448.3149157457873, 1.5197686699407558
448.3449172458623, 1.5197864591708117
448.3749187459373, 1.5198042491637291
448.4049202460123, 1.5198220403390432
448.4349217460873, 1.5198398331200476
448.4649232461623, 1.5198576279337648
448.4949247462373, 1.5198754252109195
448.5249262463123, 1.5198932253859085
448.5549277463873, 1.5199110288967743
448.5849292464623, 1.5199288361851748
448.6149307465373, 1.5199466476963568
448.6449322466123, 1.519964463879126
448.6749337466873, 1.5199822851858198
448.7049352467623, 1.5200001120722786
448.7349367468373, 1.5200179449978164
448.7649382469124, 1.520035784425194
448.7949397469873, 1.5200536308205885
448.8249412470624, 1.5200714846535668
448.85494274713733, 1.5200893463970553
448.8849442472124, 1.5201072165273126
448.91494574728733, 1.5201250955238996
448.9449472473624, 1.5201429838696525
448.97494874743734, 1.520160882050653
449.0049502475124, 1.5201787905561994
449.0349517475874, 1.520196709878779
449.0649532476624, 1.5202146405140387
449.0949547477374, 1.5202325829607564
449.1249562478124, 1.520250537720812
449.1549577478874, 1.5202685052991594
449.1849592479624, 1.5202864862037968
449.2149607480374, 1.5203044809457387
449.2449622481124, 1.5203224900389865
449.2749637481874, 1.5203405140005
449.3049652482624, 1.5203585533501685
449.3349667483374, 1.520376608610782
449.3649682484124, 1.5203946803080024
449.3949697484874, 1.5204127689703346
449.42497124856243, 1.5204308751290974
449.45497274863743, 1.5204489993183947
449.48497424871243, 1.520467142075087
449.51497574878744, 1.5204853039387618
449.54497724886244, 1.5205034854517057
449.57497874893744, 1.520521687158874
449.60498024901244, 1.5205399096078638
449.63498174908744, 1.5205581533488823
449.66498324916245, 1.520576418934721
449.69498474923745, 1.5205947069207246
449.72498624931245, 1.520613017864762
449.75498774938745, 1.5206313523271995
449.78498924946246, 1.5206497108708688
449.81499074953746, 1.5206680940610402
449.84499224961246, 1.5206865024653935
449.8749937496875, 1.520704936653988
449.90499524976246, 1.520723397199234
449.9349967498375, 1.5207418846758642
449.96499824991247, 1.5207603996609045
449.9949997499875, 1.520778942733645
450.0250012500625, 1.5207975144756105
450.05500275013753, 1.5208161154705326
450.0850042502125, 1.52083474630432
450.11500575028754, 1.52085340756503
450.1450072503625, 1.5208720998428387
450.17500875043754, 1.5208908237300132
450.20501025051254, 1.5209095798208816
450.23501175058755, 1.5209283687118051
450.26501325066255, 1.5209471910011483
450.29501475073755, 1.52096604728925
450.32501625081255, 1.5209849381783953
450.35501775088755, 1.521003864272786
450.38501925096256, 1.5210228261785121
450.41502075103756, 1.5210418245035222
450.44502225111256, 1.5210608598575948
450.47502375118756, 1.5210799328523108
450.50502525126257, 1.5210990441010221
450.53502675133757, 1.5211181942188257
450.56502825141257, 1.5211373838225317
450.5950297514876, 1.5211566135306374
450.6250312515626, 1.521175883963296
450.6550327516376, 1.5211951957422905
450.6850342517126, 1.5212145494910014
450.7150357517876, 1.5212339458343815
450.7450372518626, 1.5212533853989245
450.7750387519376, 1.5212728688126382
450.8050402520126, 1.5212923967050138
450.8350417520876, 1.521311969706999
450.8650432521626, 1.521331588450968
450.8950447522376, 1.521351253570694
450.9250462523126, 1.5213709657013188
450.9550477523876, 1.5213907254793262
450.9850492524626, 1.5214105335425123
451.0150507525376, 1.5214303905299564
451.04505225261266, 1.5214502970819936
451.0750537526876, 1.5214702538401854
451.10505525276267, 1.5214902614472916
451.1350567528376, 1.5215103205472411
451.1650582529127, 1.5215304317851044
451.1950597529876, 1.5215505958070643
451.2250612530627, 1.5215708132603882
451.2550627531376, 1.5215910847933987
451.2850642532127, 1.5216114110554462
451.3150657532877, 1.5216317926968794
451.3450672533627, 1.5216522303690183
451.3750687534377, 1.5216727247241248
451.4050702535127, 1.5216932764153748
451.4350717535877, 1.52171388609683
451.4650732536627, 1.5217345544234095
451.4950747537377, 1.5217552820508617
451.5250762538127, 1.521776069635736
451.5550777538877, 1.5217969178353545
451.5850792539627, 1.5218178273077843
451.6150807540377, 1.521838798711809
451.6450822541127, 1.5218598327069008
451.6750837541877, 1.5218809299531928
451.7050852542627, 1.52190209111145
451.7350867543377, 1.5219233168430426
451.7650882544127, 1.521944607809917
451.7950897544877, 1.5219659646745687
451.8250912545627, 1.5219873881000132
451.8550927546377, 1.5220088787497603
451.8850942547127, 1.5220304372877838
451.9150957547877, 1.5220520643784954
451.94509725486273, 1.522073760686717
451.97509875493773, 1.5220955268776513
452.00510025501274, 1.5221173636168563
452.03510175508774, 1.5221392715702164
452.06510325516274, 1.5221612514039151
452.09510475523774, 1.5221833037844075
452.12510625531274, 1.5222054293783924
452.1551077553878, 1.5222276288527858
452.18510925546275, 1.522249902874692
452.2151107555378, 1.522272252111378
452.24511225561275, 1.5222946772302446
452.2751137556878, 1.5223171788987993
452.30511525576276, 1.5223397577846303
452.3351167558378, 1.5223624145553776
452.36511825591276, 1.5223851498787069
452.3951197559878, 1.5224079644222823
452.4251212560628, 1.5224308588537385
452.4551227561378, 1.5224538338406548
452.4851242562128, 1.5224768900505272
452.51512575628783, 1.5225000281507417
452.54512725636283, 1.5225232488085476
452.57512875643783, 1.522546552691031
452.60513025651284, 1.5225699404650859
452.63513175658784, 1.5225934127973906
452.66513325666284, 1.5226169703543784
452.69513475673784, 1.522640613802212
452.72513625681285, 1.5226643438067562
452.75513775688785, 1.5226881610335525
452.78513925696285, 1.5227120661477913
452.81514075703785, 1.522736059814286
452.84514225711285, 1.5227601426974464
452.87514375718786, 1.5227843154612521
452.90514525726286, 1.5228085787692265
452.93514675733786, 1.5228329332844106
452.96514825741286, 1.522857379669336
452.99514975748787, 1.5228819185859996
453.02515125756287, 1.5229065506958366
453.05515275763787, 1.5229312766596954
453.0851542577129, 1.5229560971378104
453.1151557577879, 1.522981012789777
453.1451572578629, 1.523006024274525
453.1751587579379, 1.5230311322502927
453.2051602580129, 1.5230563373746022
453.2351617580879, 1.5230816403042315
453.26516325816294, 1.5231070416951913
453.2951647582379, 1.523132542202697
453.32516625831295, 1.5231581424811442
453.3551677583879, 1.523183843184084
453.38516925846295, 1.5232096449641954
453.4151707585379, 1.5232355484732618
453.44517225861296, 1.5232615543621444
453.4751737586879, 1.5232876632807575
453.50517525876296, 1.5233138758780427
453.53517675883796, 1.5233401928019445
453.56517825891297, 1.523366614699384
453.59517975898797, 1.5233931422162352
453.62518125906297, 1.5234197759972987
453.655182759138, 1.5234465166862774
453.685184259213, 1.523473364925751
453.715185759288, 1.5235003213571523
453.745187259363, 1.5235273866207413
453.775188759438, 1.5235545613555803
453.805190259513, 1.5235818461995108
453.835191759588, 1.5236092417891267
453.865193259663, 1.523636748759752
453.895194759738, 1.5236643677454142
453.925196259813, 1.5236920993788217
453.955197759888, 1.523719944291338
453.985199259963, 1.5237479031129586
454.015200760038, 1.5237759764722856
454.045202260113, 1.5238041649965044
454.075203760188, 1.5238324693113592
454.105205260263, 1.5238608900411295
454.135206760338, 1.5238894278086053
454.165208260413, 1.5239180832350638
454.195209760488, 1.5239468569402452
454.225211260563, 1.5239757495423292
454.255212760638, 1.524004761657911
454.285214260713, 1.5240338939019786
454.315215760788, 1.5240631468878874
454.345217260863, 1.5240925212273386
454.375218760938, 1.5241220175303545
454.405220261013, 1.5241516364052559
454.4352217610881, 1.524181378458638
454.46522326116303, 1.5242112442953484
454.4952247612381, 1.5242412345184624
454.52522626131304, 1.5242713497292615
454.5552277613881, 1.5243015905272088
454.58522926146304, 1.5243319575099272
454.6152307615381, 1.5243624512731766
454.64523226161305, 1.5243930724108297
454.6752337616881, 1.5244238215148513
454.7052352617631, 1.5244546991752737
454.7352367618381, 1.5244857059801753
454.7652382619131, 1.524516842515658
454.7952397619881, 1.5245481093658242
454.8252412620631, 1.5245795071127548
454.8552427621381, 1.5246110363364869
454.8852442622131, 1.5246426976149912
454.9152457622881, 1.5246744915241508
454.9452472623631, 1.524706418637738
454.9752487624381, 1.5247384795273928
455.00525026251313, 1.524770674762601
455.03525176258813, 1.5248030049106727
455.06525326266313, 1.5248354705367195
455.09525476273814, 1.5248680722036339
455.12525626281314, 1.5249008104720665
455.15525776288814, 1.5249336859004063
455.18525926296314, 1.524966699044757
455.21526076303815, 1.524999850458917
455.24526226311315, 1.525033140694358
455.27526376318815, 1.5250665703002035
455.30526526326315, 1.5251001398232071
455.33526676333815, 1.5251338498077325
455.36526826341316, 1.5251677007957318
455.39526976348816, 1.5252016933267247
455.42527126356316, 1.5252358279377776
455.45527276363816, 1.5252701051634827
455.48527426371317, 1.525304525535938
455.51527576378817, 1.5253390895847259
455.5452772638632, 1.5253737978368929
455.5752787639382, 1.5254086508169291
455.60528026401323, 1.525443649046748
455.6352817640882, 1.5254787930456664
455.66528326416324, 1.5255140833303833
455.6952847642382, 1.525549520414961
455.72528626431324, 1.5255851048108038
455.7552877643882, 1.5256208370266393
455.78528926446324, 1.5256567175684972
455.81529076453825, 1.5256927469396904
455.84529226461325, 1.5257289256407953
455.87529376468825, 1.5257652541696314
455.90529526476325, 1.5258017330212426
455.93529676483826, 1.5258383626878769
455.96529826491326, 1.525875143658968
455.99529976498826, 1.5259120764211147
456.02530126506326, 1.5259491614580631
456.05530276513826, 1.5259863992506864
456.08530426521327, 1.526023790276966
456.11530576528827, 1.5260613350119734
456.1453072653633, 1.5260990339278495
456.1753087654383, 1.5261368874937882
456.2053102655133, 1.5261748961760153
456.2353117655883, 1.5262130604377715
456.2653132656633, 1.5262513807392932
456.2953147657383, 1.526289857537794
456.3253162658133, 1.5263284912874464
456.3553177658883, 1.5263672824393641
456.3853192659633, 1.5264062314415825
456.4153207660383, 1.5264453387390413
456.4453222661133, 1.5264846047735674
456.4753237661883, 1.526524029983855
456.5053252662633, 1.526563614805449
456.5353267663383, 1.5266033596707274
456.5653282664133, 1.5266432650088828
456.5953297664883, 1.5266833312459052
456.6253312665633, 1.5267235588045645
456.65533276663837, 1.5267639481043929
456.6853342667133, 1.526804499561668
456.71533576678837, 1.5268452135893955
456.7453372668633, 1.5268860905972905
456.7753387669384, 1.5269271309917634
456.8053402670133, 1.5269683351758996
456.8353417670884, 1.5270097035494454
456.8653432671633, 1.5270512365087896
456.8953447672384, 1.527092934446947
456.9253462673134, 1.5271347977535425
456.9553477673884, 1.5271768268147932
456.9853492674634, 1.5272190220134934
457.0153507675384, 1.5272613837289974
457.0453522676134, 1.5273039123372034
457.0753537676884, 1.5273466082105376
457.1053552677634, 1.5273894717179373
457.1353567678384, 1.527432503224836
457.1653582679134, 1.5274757030931465
457.1953597679884, 1.5275190716812461
457.2253612680634, 1.5275626093439598
457.2553627681384, 1.5276063164325453
457.2853642682134, 1.5276501932946775
457.3153657682884, 1.5276942402744325
457.3453672683634, 1.5277384577122728
457.3753687684384, 1.5277828459450316
457.4053702685134, 1.5278274053058987
457.4353717685884, 1.5278721361244032
457.4653732686634, 1.527917038726401
457.49537476873843, 1.527962113434058
457.52537626881343, 1.5280073605658366
457.55537776888843, 1.52805278043648
457.58537926896344, 1.5280983733569986
457.61538076903844, 1.528144139634654
457.64538226911344, 1.528190079572946
457.67538376918844, 1.5282361934715976
457.70538526926345, 1.5282824816265406
457.73538676933845, 1.528328944329902
457.76538826941345, 1.5283755818699893
457.79538976948845, 1.528422394531277
457.8253912695635, 1.5284693825943925
457.85539276963846, 1.5285165463361021
457.8853942697135, 1.528563886029298
457.91539576978846, 1.528611401942984
457.9453972698635, 1.5286590943422622
457.97539876993847, 1.5287069634883195
458.0054002700135, 1.528755009638415
458.03540177008847, 1.5288032330458654
458.06540327016353, 1.5288516339600333
458.09540477023853, 1.5289002126263134
458.12540627031353, 1.5289489692861193
458.15540777038854, 1.5289979041768718
458.18540927046354, 1.5290470175319844
458.21541077053854, 1.5290963095808525
458.24541227061354, 1.5291457805488395
458.27541377068854, 1.5291954306572653
458.30541527076355, 1.5292452601233928
458.33541677083855, 1.5292952691604165
458.36541827091355, 1.5293454579774506
458.39541977098855, 1.5293958267795158
458.42542127106356, 1.529446375767528
458.45542277113856, 1.5294971051382866
458.48542427121356, 1.5295480150844623
458.51542577128856, 1.5295991057945852
458.54542727136356, 1.5296503774530341
458.57542877143857, 1.5297018302400243
458.60543027151357, 1.5297534643315958
458.63543177158857, 1.5298052798996027
458.6654332716636, 1.5298572771117023
458.6954347717386, 1.5299094561313429
458.7254362718136, 1.5299618171177534
458.7554377718886, 1.5300143602259322
458.7854392719636, 1.5300670856066365
458.8154407720386, 1.5301199934063716
458.8454422721136, 1.5301730837673801
458.8754437721886, 1.5302263568276315
458.9054452722636, 1.5302798127208113
458.93544677233865, 1.5303334515763114
458.9654482724136, 1.5303872735192192
458.99544977248866, 1.5304412786703079
459.0254512725636, 1.5304954671460258
459.05545277263866, 1.5305498390584873
459.0854542727136, 1.5306043945154622
459.11545577278866, 1.530659133620366
459.1454572728636, 1.530714056472251
459.17545877293867, 1.5307691631657958
459.20546027301367, 1.5308244537912958
459.2354617730887, 1.5308799284346548
459.2654632731637, 1.530935587177375
459.2954647732387, 1.5309914300965477
459.3254662733137, 1.5310474572648443
459.3554677733887, 1.5311036687505077
459.3854692734637, 1.531160064617343
459.4154707735387, 1.531216644924709
459.4454722736137, 1.5312734097275094
459.4754737736887, 1.531330359076183
459.5054752737637, 1.5313874930166977
459.5354767738387, 1.5314448115905401
459.5654782739137, 1.5315023148347078
459.5954797739887, 1.5315600027817011
459.6254812740637, 1.5316178754595147
459.6554827741387, 1.5316759328916305
459.6854842742137, 1.5317341750970084
459.7154857742887, 1.5317926020900796
459.7454872743637, 1.5318512138807385
459.7754887744387, 1.5319100104743344
459.8054902745137, 1.531968991871665
459.8354917745887, 1.5320281580689687
459.8654932746637, 1.5320875090579162
459.8954947747387, 1.5321470448256052
459.9254962748137, 1.5322067653545515
459.9554977748887, 1.5322666706226824
459.98549927496373, 1.5323267606033308
460.01550077503873, 1.5323870352652271
460.0455022751138, 1.5324474945724926
460.07550377518874, 1.532508138484633
460.1055052752638, 1.532568966956533
460.13550677533874, 1.5326299799384473
460.1655082754138, 1.5326911773759968
460.19550977548874, 1.5327525592101607
460.2255112755638, 1.5328141253772711
460.25551277563875, 1.5328758758090066
460.2855142757138, 1.5329378104323863
460.3155157757888, 1.5329999291697642
460.3455172758638, 1.5330622319388232
460.3755187759388, 1.5331247186525692
460.4055202760138, 1.533187389219326
460.4355217760888, 1.5332502435427298
460.4655232761638, 1.5333132815217232
460.4955247762388, 1.5333765030505502
460.5255262763138, 1.5334399080187515
460.55552777638883, 1.5335034963111587
460.58552927646383, 1.5335672678078895
460.61553077653883, 1.5336312223843431
460.64553227661384, 1.533695359911195
460.67553377668884, 1.5337596802543925
460.70553527676384, 1.5338241832751496
460.73553677683884, 1.5338888688299437
460.76553827691384, 1.5339537367705094
460.79553977698885, 1.534018786943836
460.82554127706385, 1.5340840191921619
460.85554277713885, 1.5341494333529708
460.88554427721385, 1.5342150292589887
460.91554577728886, 1.5342808067381777
460.94554727736386, 1.534346765613735
460.97554877743886, 1.5344129057040865
461.00555027751386, 1.534479226822885
461.03555177758886, 1.534545728779006
461.06555327766387, 1.5346124113765436
461.09555477773887, 1.5346792744148086
461.12555627781387, 1.5347463176883234
461.1555577778889, 1.5348135409868207
461.1855592779639, 1.534880944095239
461.21556077803893, 1.5349485267937204
461.2455622781139, 1.5350162888576073
461.27556377818894, 1.53508423005744
461.3055652782639, 1.5351523501589532
461.33556677833894, 1.535220648923075
461.3655682784139, 1.5352891261059223
461.39556977848895, 1.5353577814588004
461.4255712785639, 1.535426614728199
461.45557277863895, 1.5354956256557912
461.48557427871395, 1.5355648139784308
461.51557577878896, 1.5356341794281505
461.54557727886396, 1.5357037217321594
461.57557877893896, 1.5357734406128425
461.60558027901396, 1.5358433357877572
461.63558177908897, 1.5359134069696334
461.66558327916397, 1.5359836538663703
461.69558477923897, 1.5360540761810364
461.725586279314, 1.536124673611867
461.755587779389, 1.5361954458522635
461.785589279464, 1.5362663925907925
461.815590779539, 1.536337513511184
461.845592279614, 1.536408808292331
461.875593779689, 1.5364802766082883
461.905595279764, 1.5365519181282716
461.935596779839, 1.5366237325166574
461.965598279914, 1.5366957194329816
461.995599779989, 1.5367678785319396
462.025601280064, 1.5368402094633857
462.055602780139, 1.5369127118723327
462.085604280214, 1.5369853853989515
462.115605780289, 1.5370582296785709
462.145607280364, 1.5371312443416787
462.175608780439, 1.5372044290139202
462.205610280514, 1.537277783316099
462.235611780589, 1.5373513068641775
462.265613280664, 1.5374249992692766
462.295614780739, 1.5374988601376767
462.3256162808141, 1.537572889070818
462.355617780889, 1.5376470856653008
462.3856192809641, 1.5377214495128868
462.415620781039, 1.5377959802004995
462.4456222811141, 1.5378706773102249
462.47562378118903, 1.5379455404193125
462.5056252812641, 1.5380205691001778
462.53562678133903, 1.5380957629204006
462.5656282814141, 1.5381711214427292
462.5956297814891, 1.538246644225079
462.6256312815641, 1.538322330820537
462.6556327816391, 1.5383981807773601
462.6856342817141, 1.5384741936389794
462.7156357817891, 1.5385503689440003
462.7456372818641, 1.5386267062262047
462.7756387819391, 1.5387032050145528
462.8056402820141, 1.5387798648331859
462.8356417820891, 1.538856685201427
462.8656432821641, 1.538933665633784
462.8956447822391, 1.5390108056399519
462.9256462823141, 1.5390881047248146
462.9556477823891, 1.539165562388448
462.9856492824641, 1.5392431781261215
463.0156507825391, 1.5393209514283022
463.0456522826141, 1.5393988817806554
463.07565378268913, 1.53947696866405
463.10565528276413, 1.539555211554559
463.13565678283913, 1.5396336099234638
463.16565828291414, 1.5397121632372568
463.19565978298914, 1.5397908709576447
463.22566128306414, 1.539869732541552
463.25566278313914, 1.5399487474411233
463.28566428321415, 1.5400279151037282
463.31566578328915, 1.540107234971963
463.34566728336415, 1.5401867064836559
463.37566878343915, 1.5402663290718699
463.40567028351416, 1.540346102164907
463.4356717835892, 1.540426025186311
463.46567328366416, 1.5405060975548723
463.4956747837392, 1.5405863186846327
463.52567628381416, 1.540666687984887
463.5556777838892, 1.54074720486019
463.58567928396417, 1.540827868710359
463.6156807840392, 1.5409086789304787
463.6456822841142, 1.5409896349109053
463.67568378418923, 1.5410707360372726
463.70568528426423, 1.541151981690494
463.73568678433924, 1.541233371246769
463.76568828441424, 1.5413149040775878
463.79568978448924, 1.5413965795497357
463.82569128456424, 1.5414783970252988
463.85569278463925, 1.5415603558616677
463.88569428471425, 1.5416424554115447
463.91569578478925, 1.5417246950229464
463.94569728486425, 1.5418070740392116
463.97569878493925, 1.5418895917990048
464.00570028501426, 1.5419722476363227
464.03570178508926, 1.5420550408804992
464.06570328516426, 1.5421379708562113
464.09570478523926, 1.542221036883485
464.12570628531427, 1.5423042382777006
464.15570778538927, 1.542387574349599
464.18570928546427, 1.5424710444052876
464.2157107855393, 1.542554647746246
464.2457122856143, 1.5426383836693325
464.2757137856893, 1.5427222514667907
464.3057152857643, 1.5428062504262547
464.3357167858393, 1.5428903798307567
464.3657182859143, 1.5429746389587324
464.3957197859893, 1.5430590270840285
464.4257212860643, 1.5431435434759082
464.4557227861393, 1.5432281873990592
464.4857242862143, 1.5433129581135996
464.5157257862893, 1.543397854875085
464.5457272863643, 1.543482876934516
464.5757287864393, 1.5435680235383433
464.60573028651436, 1.5436532939284782
464.6357317865893, 1.543738687342296
464.66573328666436, 1.5438242030126463
464.6957347867393, 1.5439098401678586
464.72573628681437, 1.5439955980317506
464.7557377868893, 1.5440814758236348
464.7857392869644, 1.5441674727583277
464.8157407870393, 1.5442535880461548
464.8457422871144, 1.544339820892962
464.8757437871894, 1.5444261705001197
464.9057452872644, 1.5445126360645334
464.9357467873394, 1.5445992167786504
464.9657482874144, 1.5446859118304683
464.9957497874894, 1.5447727204035426
465.0257512875644, 1.5448596416769957
465.0557527876394, 1.544946674825525
465.0857542877144, 1.5450338190194102
465.1157557877894, 1.5451210734245235
465.1457572878644, 1.5452084372023371
465.1757587879394, 1.5452959095099315
465.2057602880144, 1.5453834895000047
465.2357617880894, 1.5454711763208815
465.2657632881644, 1.545558969116521
465.2957647882394, 1.5456468670265264
465.3257662883144, 1.5457348691861539
465.3557677883894, 1.5458229747263215
465.3857692884644, 1.5459111827736183
465.4157707885394, 1.5459994924503133
465.4457722886144, 1.5460879028743655
465.4757737886894, 1.5461764131594329
465.5057752887644, 1.546265022414881
465.5357767888394, 1.546353729745794
465.56577828891443, 1.546442534252983
465.59577978898943, 1.5465314350329962
465.62578128906443, 1.5466204311781282
465.65578278913944, 1.5467095217764306
465.68578428921444, 1.5467987059117212
465.7157857892895, 1.546887982663594
465.74578728936444, 1.5469773511074292
465.7757887894395, 1.5470668103144043
465.80579028951445, 1.5471563593515014
465.8357917895895, 1.547245997281522
465.86579328966445, 1.5473357231630922
465.8957947897395, 1.547425536050677
465.92579628981446, 1.5475154349945885
465.9557977898895, 1.5476054190409978
465.9857992899645, 1.5476954872319444
466.0158007900395, 1.5477856386053475
466.0458022901145, 1.5478758721950168
466.0758037901895, 1.5479661870306625
466.1058052902645, 1.5480565821379073
466.13580679033953, 1.5481470565382967
466.16580829041453, 1.5482376092493095
466.19580979048953, 1.54832823928437
466.22581129056454, 1.548418945652858
466.25581279063954, 1.548509727360121
466.28581429071454, 1.5486005834074843
466.31581579078954, 1.5486915127922638
466.34581729086455, 1.5487825145077756
466.37581879093955, 1.5488735875433495
466.40582029101455, 1.5489647308843388
466.43582179108955, 1.5490559435121327
466.46582329116455, 1.5491472244041677
466.49582479123956, 1.54923857253394
466.52582629131456, 1.549329986871016
466.55582779138956, 1.5494214663810453
466.58582929146456, 1.5495130100257726
466.61583079153957, 1.5496046167630486
466.64583229161457, 1.549696285546843
466.67583379168957, 1.549788015327257
466.7058352917646, 1.5498798050505338
466.7358367918396, 1.5499716536590729
466.7658382919146, 1.5500635600914408
466.7958397919896, 1.5501555232823845
466.82584129206464, 1.550247542162843
466.8558427921396, 1.55033961565996
466.88584429221464, 1.550431742697098
466.9158457922896, 1.5505239221938478
466.94584729236465, 1.5506161530660447
466.9758487924396, 1.550708434225778
467.00585029251465, 1.550800764581407
467.0358517925896, 1.5508931430375705
467.06585329266466, 1.5509855684952032
467.09585479273966, 1.5510780398515456
467.12585629281466, 1.5511705560001587
467.15585779288966, 1.5512631158309373
467.18585929296466, 1.5513557182301225
467.21586079303967, 1.551448362080315
467.24586229311467, 1.5515410462604884
467.27586379318967, 1.5516337696460027
467.3058652932647, 1.5517265311086181
467.3358667933397, 1.5518193295165075
467.3658682934147, 1.5519121637342708
467.3958697934897, 1.5520050326229484
467.4258712935647, 1.5520979350400343
467.4558727936397, 1.5521908698394906
467.4858742937147, 1.5522838358717608
467.5158757937897, 1.5523768319837832
467.5458772938647, 1.5524698570190059
467.5758787939397, 1.5525629098173994
467.6058802940147, 1.5526559892154719
467.6358817940897, 1.5527490940462823
467.6658832941647, 1.5528422231394545
467.6958847942397, 1.552935375321192
467.7258862943147, 1.5530285494142924
467.7558877943897, 1.5531217442381595
467.7858892944647, 1.5532149586088209
467.8158907945397, 1.5533081913389397
467.8458922946147, 1.5534014412378303
467.8758937946897, 1.5534947071114722
467.9058952947647, 1.553587987762525
467.9358967948397, 1.5536812819903425
467.9658982949147, 1.553774588590988
467.9958997949898, 1.5538679063572485
468.0259012950647, 1.5539612340786488
468.0559027951398, 1.5540545705414688
468.08590429521473, 1.5541479145287544
468.1159057952898, 1.5542412648203365
468.14590729536474, 1.5543346201928425
468.1759087954398, 1.5544279794197138
468.20591029551474, 1.5545213412712193
468.2359117955898, 1.5546147045144716
468.2659132956648, 1.554708067913441
468.2959147957398, 1.5548014302289719
468.3259162958148, 1.5548947902187966
468.3559177958898, 1.5549881466375526
468.3859192959648, 1.5550814982367958
468.4159207960398, 1.5551748437650172
468.4459222961148, 1.5552681819676584
468.4759237961898, 1.555361511587126
468.5059252962648, 1.5554548313628085
468.5359267963398, 1.5555481400310909
468.5659282964148, 1.5556414363253706
468.5959297964898, 1.5557347189760735
468.62593129656483, 1.5558279867106688
468.65593279663983, 1.555921238253686
468.68593429671483, 1.5560144723267295
468.71593579678984, 1.5561076876484954
468.74593729686484, 1.5562008829347869
468.77593879693984, 1.55629405689853
468.80594029701484, 1.5563872082497905
468.83594179708984, 1.5564803356957893
468.86594329716485, 1.556573437940918
468.89594479723985, 1.5566665136867561
468.92594629731485, 1.556759561632087
468.95594779738985, 1.5568525804729134
468.98594929746486, 1.5569455689024745
469.01595079753986, 1.5570385256112613
469.04595229761486, 1.5571314492870343
469.07595379768986, 1.5572243386148383
469.1059552977649, 1.5573171922770206
469.13595679783987, 1.5574100089532452
469.1659582979149, 1.5575027873205125
469.1959597979899, 1.557595526053172
469.22596129806493, 1.5576882238229424
469.2559627981399, 1.5577808792989254
469.28596429821494, 1.5578734911476253
469.3159657982899, 1.5579660580329626
469.34596729836494, 1.5580585786162933
469.37596879843994, 1.5581510515564236
469.40597029851494, 1.5582434755096288
469.43597179858995, 1.5583358491296688
469.46597329866495, 1.5584281710678054
469.49597479873995, 1.5585204399728187
469.52597629881495, 1.5586126544910253
469.55597779888996, 1.5587048132662942
469.58597929896496, 1.5587969149400647
469.61598079903996, 1.5588889581513623
469.64598229911496, 1.5589809415368174
469.67598379918996, 1.5590728637306812
469.70598529926497, 1.5591647233648436
469.73598679933997, 1.55925651906885
469.76598829941497, 1.5593482494699191
469.79598979949, 1.5594399131929595
469.825991299565, 1.559531508860588
469.85599279964, 1.5596230350931455
469.885994299715, 1.5597144905087164
469.91599579979, 1.5598058737231444
469.945997299865, 1.5598971833500506
469.97599879994, 1.559988418000851
470.006000300015, 1.5600795762847743
470.03600180009, 1.5601706568088787
470.066003300165, 1.5602616581780704
470.09600480024, 1.5603525789951207
470.126006300315, 1.560443417860684
470.15600780039, 1.5605341733733153
470.186009300465, 1.5606248441294879
470.21601080054006, 1.5607154287236111
470.246012300615, 1.5608059257480482
470.27601380069007, 1.560896333793135
470.306015300765, 1.5609866514471955
470.33601680084007, 1.5610768772965629
470.366018300915, 1.5611670099255943
470.3960198009901, 1.5612570479166916
470.426021301065, 1.5613469898503167
470.4560228011401, 1.5614368343050122
470.4860243012151, 1.561526579857417
470.5160258012901, 1.561616225082286
470.5460273013651, 1.5617057685525078
470.5760288014401, 1.5617952088391223
470.6060303015151, 1.5618845445113394
470.6360318015901, 1.561973774136557
470.6660333016651, 1.5620628962803789
470.6960348017401, 1.5621519095066339
470.7260363018151, 1.5622408123773928
470.7560378018901, 1.5623296034529874
470.7860393019651, 1.5624182812920293
470.8160408020401, 1.5625068444514272
470.8460423021151, 1.5625952914864052
470.8760438021901, 1.5626836209505226
470.9060453022651, 1.5627718313956906
470.9360468023401, 1.5628599213721919
470.9660483024151, 1.5629478894286986
470.9960498024901, 1.5630357341122905
471.0260513025651, 1.5631234539684742
471.0560528026401, 1.5632110475412009
471.0860543027151, 1.5632985133728856
471.11605580279013, 1.563385850004425
471.14605730286513, 1.563473055975217
471.17605880294013, 1.5635601298231783
471.20606030301514, 1.5636470700847631
471.23606180309014, 1.5637338752949828
471.26606330316514, 1.563820543987423
471.29606480324014, 1.5639070746942643
471.32606630331514, 1.5639934659462984
471.35606780339015, 1.5640797162729494
471.3860693034652, 1.5641658242022907
471.41607080354015, 1.564251788261064
471.4460723036152, 1.5643376069746997
471.47607380369016, 1.5644232788673331
471.5060753037652, 1.5645088024618257
471.53607680384016, 1.5645941762797815
471.5660783039152, 1.5646793988415688
471.59607980399016, 1.5647644686663362
471.6260813040652, 1.5648493842720337
471.6560828041402, 1.5649341441754296
471.6860843042152, 1.5650187468921315
471.71608580429023, 1.5651031909366033
471.74608730436523, 1.5651874748221857
471.77608880444023, 1.5652715970611137
471.80609030451524, 1.5653555561645371
471.83609180459024, 1.5654393506425386
471.86609330466524, 1.5655229790041518
471.89609480474024, 1.565606439757383
471.92609630481525, 1.5656897314092273
471.95609780489025, 1.565772852465689
471.98609930496525, 1.5658558014318014
472.01610080504025, 1.5659385768116436
472.04610230511526, 1.5660211771083623
472.07610380519026, 1.5661036008241884
472.10610530526526, 1.5661858464604583
472.13610680534026, 1.5662679125176309
472.16610830541526, 1.5663497974953084
472.19610980549027, 1.5664314998922546
472.22611130556527, 1.5665130182064146
472.25611280564027, 1.566594350934933
472.2861143057153, 1.5666754965741736
472.3161158057903, 1.5667564536197394
472.3461173058653, 1.5668372205664904
472.3761188059403, 1.5669177959085634
472.4061203060153, 1.5669981781393914
472.4361218060903, 1.5670783657517224
472.4661233061653, 1.5671583572376389
472.49612480624035, 1.5672381510885771
472.5261263063153, 1.5673177457953456
472.55612780639035, 1.567397139848146
472.5861293064653, 1.56747633173659
472.61613080654035, 1.5675553199497214
472.6461323066153, 1.5676341029760323
472.67613380669036, 1.567712679303485
472.7061353067653, 1.5677910474195296
472.73613680684036, 1.5678692058111243
472.76613830691537, 1.5679471529647537
472.79613980699037, 1.5680248873664488
472.82614130706537, 1.5681024075018064
472.8561428071404, 1.5681797118560077
472.8861443072154, 1.568256798913838
472.9161458072904, 1.5683336671597066
472.9461473073654, 1.5684103150776645
472.9761488074404, 1.5684867411514254
473.0061503075154, 1.568562943864384
473.0361518075904, 1.5686389216996355
473.0661533076654, 1.5687146731399957
473.0961548077404, 1.5687901966680187
473.1261563078154, 1.5688654907660178
473.1561578078904, 1.568940553916084
473.1861593079654, 1.5690153846001051
473.2161608080404, 1.5690899812997863
473.2461623081154, 1.5691643424966677
473.2761638081904, 1.569238466672145
473.3061653082654, 1.5693123523074886
473.3361668083404, 1.5693859978838618
473.3661683084154, 1.5694594018823422
473.3961698084904, 1.5695325627839387
473.4261713085654, 1.569605479069613
473.4561728086404, 1.5696781492202967
473.4861743087154, 1.5697505717169127
473.5161758087904, 1.569822745040393
473.5461773088654, 1.569894667671699
473.5761788089404, 1.5699663380918398
473.6061803090155, 1.570037754781893
473.63618180909043, 1.5701089162230217
473.6661833091655, 1.570179820896497
473.69618480924044, 1.5702504672837134
473.7261863093155, 1.5703208538662121
473.75618780939044, 1.570390979125697
473.7861893094655, 1.5704608415440555
473.81619080954044, 1.570530439603378
473.8461923096155, 1.5705997717859763
473.8761938096905, 1.570668836574404
473.9061953097655, 1.570737632451474
473.9361968098405, 1.5708061579002794
473.9661983099155, 1.5708744114042124
473.9961998099905, 1.5709423914469827
474.0262013100655, 1.5710100965126375
474.0562028101405, 1.5710775250855806
474.0862043102155, 1.5711446756505916
474.1162058102905, 1.5712115466928447
474.1462073103655, 1.5712781366979283
474.1762088104405, 1.5713444441518643
474.20621031051553, 1.571410467541127
474.23621181059053, 1.571476205352662
474.26621331066553, 1.5715416560739066
474.29621481074054, 1.5716068181928071
474.32621631081554, 1.5716716901978394
474.35621781089054, 1.5717362705780271
474.38621931096554, 1.5718005578229621
474.41622081104055, 1.5718645504228217
474.44622231111555, 1.5719282468683895
474.47622381119055, 1.5719916456510732
474.50622531126555, 1.5720547452629243
474.53622681134055, 1.5721175441966575
474.56622831141556, 1.5721800409456685
474.59622981149056, 1.5722422340040547
474.62623131156556, 1.5723041218666327
474.65623281164056, 1.5723657030289584
474.68623431171557, 1.572426975987345
474.71623581179057, 1.5724879392388833
474.74623731186557, 1.5725485912814592
474.77623881194063, 1.572608930613774
474.8062403120156, 1.572668955735362
474.83624181209063, 1.572728665146611
474.8662433121656, 1.5727880573487791
474.89624481224064, 1.5728471308440166
474.9262463123156, 1.5729058841353811
474.95624781239064, 1.5729643157268602
474.9862493124656, 1.573022424123387
475.01625081254065, 1.5730802078308614
475.04625231261565, 1.573137665356168
475.07625381269065, 1.573194795207194
475.10625531276565, 1.5732515958928497
475.13625681284066, 1.5733080659230863
475.16625831291566, 1.573364203808914
475.19625981299066, 1.5734200080624223
475.22626131306566, 1.5734754771967976
475.25626281314067, 1.5735306097263422
475.28626431321567, 1.5735854041664927
475.31626581329067, 1.5736398590338394
475.3462673133657, 1.5736939728461437
475.3762688134407, 1.573747744122358
475.4062703135157, 1.5738011713826436
475.4362718135907, 1.5738542531483892
475.4662733136657, 1.5739069879422298
475.4962748137407, 1.5739593742880653
475.5262763138157, 1.574011410711078
475.5562778138907, 1.574063095737753
475.5862793139657, 1.574114427895895
475.6162808140407, 1.5741654057146466
475.6462823141157, 1.5742160277245085
475.6762838141907, 1.5742662924573563
475.7062853142657, 1.5743161984464595
475.7362868143407, 1.5743657442264998
475.7662883144157, 1.574414928333589
475.7962898144907, 1.5744637493052882
475.8262913145657, 1.574512205680625
475.8562928146407, 1.5745602960001133
475.88629431471577, 1.5746080188057694
475.9162958147907, 1.5746553726411319
475.9462973148658, 1.5747023560512798
475.9762988149407, 1.5747489675828494
476.0063003150158, 1.5747952057840542
476.0363018150907, 1.5748410692047012
476.0663033151658, 1.5748865563962107
476.0963048152407, 1.5749316659116324
476.1263063153158, 1.574976396305666
476.1563078153908, 1.5750207461346766
476.1863093154658, 1.5750647139567147
476.2163108155408, 1.5751082983315328
476.2463123156158, 1.5751514978206038
476.2763138156908, 1.5751943109871396
476.3063153157658, 1.5752367363961075
476.3363168158408, 1.5752787726142494
476.3663183159158, 1.5753204182100993
476.3963198159908, 1.5753616717539998
476.4263213160658, 1.5754025318181224
476.4563228161408, 1.5754429969764825
476.4863243162158, 1.5754830658049592
476.5163258162908, 1.5755227368813116
476.5463273163658, 1.5755620087851976
476.5763288164408, 1.5756008800981904
476.6063303165158, 1.5756393494037966
476.6363318165908, 1.575677415287474
476.6663333166658, 1.5757150763366485
476.69633481674083, 1.5757523311407327
476.72633631681583, 1.5757891782911417
476.75633781689083, 1.575825616381312
476.78633931696584, 1.5758616440067181
476.81634081704084, 1.5758972597648904
476.84634231711584, 1.5759324622554318
476.87634381719084, 1.575967250080036
476.90634531726585, 1.5760016218425037
476.93634681734085, 1.5760355761487606
476.96634831741585, 1.5760691116068744
476.9963498174909, 1.5761022268270717
477.02635131756585, 1.5761349204217556
477.0563528176409, 1.5761671910055226
477.08635431771586, 1.5761990371951793
477.1163558177909, 1.5762304576097603
477.14635731786586, 1.5762614508705441
477.1763588179409, 1.5762920156010711
477.20636031801587, 1.5763221504271598
477.2363618180909, 1.5763518539769241
477.26636331816593, 1.57638112488079
477.29636481824093, 1.5764099617715124
477.32636631831593, 1.5764383632841918
477.35636781839094, 1.5764663280562918
477.38636931846594, 1.5764938547276546
477.41637081854094, 1.5765209419405186
477.44637231861594, 1.5765475883395346
477.47637381869094, 1.5765737925717824
477.50637531876595, 1.5765995532867882
477.53637681884095, 1.5766248691365399
477.56637831891595, 1.576649738775504
477.59637981899095, 1.5766741608606427
477.62638131906596, 1.5766981340514297
477.65638281914096, 1.5767216570098663
477.68638431921596, 1.576744728400499
477.71638581929096, 1.5767673468904342
477.74638731936597, 1.5767895111493555
477.77638881944097, 1.5768112198495396
477.80639031951597, 1.5768324716658728
477.836391819591, 1.5768532652758667
477.866393319666, 1.5768735993596745
477.896394819741, 1.5768934726001071
477.926396319816, 1.5769128836826494
477.956397819891, 1.5769318312954752
477.986399319966, 1.576950314129465
478.016400820041, 1.57696833087822
478.04640232011604, 1.5769858802380794
478.076403820191, 1.577002960908135
478.10640532026605, 1.5770195715902486
478.136406820341, 1.5770357109890656
478.16640832041605, 1.577051377812033
478.196409820491, 1.577066570769413
478.22641132056606, 1.5770812885743002
478.256412820641, 1.5770955299426361
478.28641432071606, 1.5771092935932254
478.316415820791, 1.577122578247751
478.34641732086607, 1.5771353826307895
478.376418820941, 1.5771477054698266
478.40642032101607, 1.577159545495273
478.436421821091, 1.577170901440479
478.4664233211661, 1.5771817720417496
478.496424821241, 1.5771921560383608
478.5264263213161, 1.5772020521725743
478.5564278213911, 1.5772114591896516
478.5864293214661, 1.577220375837871
478.6164308215411, 1.5772288008685404
478.6464323216161, 1.577236733036015
478.6764338216911, 1.57724417109771
478.7064353217661, 1.577251113814116
478.7364368218411, 1.577257559948815
478.7664383219161, 1.5772635082684936
478.7964398219911, 1.577268957542959
478.8264413220661, 1.5772739065451535
478.8564428221411, 1.5772783540511688
478.8864443222161, 1.5772822988402604
478.9164458222911, 1.5772857396948634
478.9464473223661, 1.5772886754006055
478.9764488224411, 1.5772911047463232
479.0064503225161, 1.577293026524074
479.0364518225911, 1.5772944395291537
479.0664533226661, 1.5772953425601077
479.0964548227411, 1.577295734418748
479.1264563228161, 1.5772956139101653
479.1564578228912, 1.5772949798427445
479.18645932296613, 1.5772938310281788
479.2164608230412, 1.577292166281483
479.24646232311613, 1.5772899844210087
479.2764638231912, 1.5772872842684569
479.30646532326614, 1.5772840646488937
479.3364668233412, 1.5772803243907625
479.36646832341614, 1.5772760623258992
479.3964698234912, 1.5772712772895452
479.42647132356615, 1.5772659681203616
479.4564728236412, 1.5772601336604426
479.48647432371615, 1.5772537727553297
479.5164758237912, 1.5772468842540244
479.54647732386616, 1.5772394670090029
479.5764788239412, 1.5772315198762286
479.60648032401616, 1.5772230417151663
479.6364818240912, 1.577214031388795
479.6664833241662, 1.5772044877636222
479.6964848242412, 1.5771944097096962
479.7264863243162, 1.5771837961006194
479.75648782439123, 1.5771726458135626
479.78648932446623, 1.5771609577292773
479.81649082454123, 1.5771487307321084
479.84649232461624, 1.5771359637100084
479.87649382469124, 1.5771226555545497
479.90649532476624, 1.5771088051609374
479.93649682484124, 1.5770944114280225
479.96649832491624, 1.577079473258315
479.99649982499125, 1.5770639895579965
480.02650132506625, 1.577047959236932
480.05650282514125, 1.5770313812086842
480.08650432521625, 1.577014254390525
480.11650582529126, 1.5769965777034487
480.14650732536626, 1.5769783500721841
480.17650882544126, 1.5769595704252073
480.20651032551626, 1.5769402376947532
480.23651182559126, 1.57692035081683
480.2665133256663, 1.5768999087312283
480.29651482574127, 1.5768789103815373
480.3265163258163, 1.576857354715153
480.3565178258913, 1.576835240683293
480.38651932596633, 1.5768125672410083
480.4165208260413, 1.576789333347194
480.44652232611634, 1.5767655379646024
480.4765238261913, 1.576741180059855
480.50652532626634, 1.5767162586034535
480.5365268263413, 1.5766907725697927
480.56652832641635, 1.5766647209371711
480.5965298264913, 1.5766381026878036
480.62653132656635, 1.5766109168078326
480.6565328266413, 1.5765831622873399
480.68653432671636, 1.5765548381203578
480.7165358267913, 1.5765259433048813
480.74653732686636, 1.5764964768428784
480.7765388269413, 1.576466437740303
480.80654032701636, 1.5764358250071042
480.83654182709137, 1.5764046376572403
480.86654332716637, 1.5763728747086867
480.89654482724137, 1.5763405351834496
480.9265463273164, 1.5763076181075766
480.9565478273914, 1.5762741225111665
480.9865493274664, 1.5762400474283818
481.0165508275414, 1.576205391897458
481.0465523276164, 1.576170154960716
481.0765538276914, 1.576134335664573
481.1065553277664, 1.5760979330595506
481.1365568278414, 1.576060946200289
481.1665583279164, 1.5760233741455554
481.1965598279914, 1.5759852159582548
481.2265613280664, 1.5759464707054414
481.2565628281414, 1.5759071374583282
481.2865643282164, 1.5758672152922977
481.3165658282914, 1.575826703286912
481.3465673283664, 1.5757856005259239
481.37656882844146, 1.575743906097285
481.4065703285164, 1.5757016190931596
481.43657182859147, 1.57565873860993
481.4665733286664, 1.575615263748211
481.4965748287415, 1.5755711936128565
481.5265763288164, 1.5755265273129715
481.5565778288915, 1.5754812639619211
481.5865793289664, 1.5754354026773407
481.6165808290415, 1.5753889425811445
481.6465823291164, 1.5753418827995374
481.6765838291915, 1.5752942224630222
481.70658532926643, 1.5752459607064113
481.7365868293415, 1.5751970966688342
481.76658832941644, 1.575147629493749
481.7965898294915, 1.5750975583289493
481.82659132956644, 1.575046882326576
481.8565928296415, 1.5749956006431247
481.88659432971644, 1.5749437124394563
481.9165958297915, 1.5748912168808045
481.9465973298665, 1.5748381131367866
481.9765988299415, 1.5747844003814113
482.0066003300165, 1.5747300777930882
482.0366018300915, 1.5746751445546363
482.0666033301665, 1.5746195998532928
482.0966048302415, 1.5745634428807227
482.1266063303165, 1.5745066728330264
482.1566078303915, 1.5744492889107489
482.1866093304665, 1.5743912903188881
482.2166108305415, 1.5743326762669039
482.24661233061653, 1.5742734459687255
482.27661383069153, 1.5742135986427612
482.30661533076653, 1.5741531335119059
482.33661683084154, 1.5740920498035489
482.36661833091654, 1.5740303467495833
482.39661983099154, 1.573968023586413
482.42662133106654, 1.573905079554962
482.45662283114154, 1.573841513900681
482.48662433121655, 1.573777325873556
482.51662583129155, 1.5737125147281166
482.5466273313666, 1.5736470797234432
482.57662883144155, 1.5735810201231752
482.6066303315166, 1.5735143351955183
482.63663183159156, 1.5734470242132523
482.6666333316666, 1.5733790864537385
482.69663483174156, 1.573310521198928
482.7266363318166, 1.5732413277353676
482.75663783189157, 1.573171505354209
482.7866393319666, 1.5731010533512144
482.81664083204157, 1.5730299710267657
482.84664233211663, 1.5729582576858687
482.8766438321916, 1.5728859126381642
482.90664533226663, 1.5728129351979312
482.9366468323416, 1.5727393246840968
482.96664833241664, 1.5726650804202411
482.9966498324916, 1.5725902017346056
483.02665133256664, 1.5725146879600986
483.05665283264165, 1.5724385384343036
483.08665433271665, 1.5723617524994842
483.11665583279165, 1.572284329502592
483.14665733286665, 1.5722062687952725
483.17665883294165, 1.572127569733872
483.20666033301666, 1.5720482316794433
483.23666183309166, 1.571968253997753
483.26666333316666, 1.5718876360592875
483.29666483324166, 1.5718063772392588
483.32666633331667, 1.5717244769176104
483.35666783339167, 1.5716419344790251
483.38666933346667, 1.5715587493129288
483.4166708335417, 1.571474920813498
483.4466723336167, 1.5713904483796648
483.4766738336917, 1.571305331415124
483.5066753337667, 1.5712195693283373
483.5366768338417, 1.57113316153254
483.5666783339167, 1.5710461074457458
483.5966798339917, 1.570958406490754
483.6266813340667, 1.5708700580951533
483.65668283414175, 1.5707810616913276
483.6866843342167, 1.570691416716463
483.71668583429175, 1.5706011226125496
483.7466873343667, 1.5705101788263915
483.77668883444176, 1.5704185848096073
483.8066903345167, 1.5703263400186387
483.83669183459176, 1.5702334439147534
483.8666933346667, 1.5701398959640518
483.89669483474177, 1.5700456956374695
483.9266963348167, 1.5699508424107858
483.95669783489177, 1.569855335764624
483.9866993349667, 1.5697591751844613
484.0167008350418, 1.5696623601606272
484.0467023351167, 1.5695648901883152
484.0767038351918, 1.5694667647675806
484.1067053352667, 1.5693679834033503
484.1367068353418, 1.5692685456054232
484.16670833541673, 1.569168450888478
484.1967098354918, 1.5690676987720742
484.2267113355668, 1.5689662887806588
484.2567128356418, 1.5688642204435692
484.2867143357168, 1.5687614932950378
484.3167158357918, 1.5686581068741952
484.3467173358668, 1.5685540607250754
484.3767188359418, 1.5684493543966183
484.4067203360168, 1.5683439874426746
484.4367218360918, 1.5682379594220093
484.4667233361668, 1.5681312698983048
484.4967248362418, 1.5680239184401648
484.5267263363168, 1.5679159046211184
484.5567278363918, 1.5678072280196231
484.5867293364668, 1.567697888219068
484.6167308365418, 1.5675878848077773
484.6467323366168, 1.5674772173790141
484.6767338366918, 1.5673658855309827
484.7067353367668, 1.5672538888668324
484.7367368368418, 1.5671412269946607
484.7667383369169, 1.5670278995275153
484.79673983699183, 1.566913906083399
484.8267413370669, 1.5667992462852698
484.85674283714184, 1.566683919761047
484.8867443372169, 1.56656792614361
484.91674583729184, 1.566451265070806
484.9467473373669, 1.5663339361854471
484.97674883744185, 1.5662159391353176
485.0067503375169, 1.566097273573173
485.03675183759185, 1.5659779391567457
485.0667533376669, 1.565857935548743
485.09675483774186, 1.5657372624168546
485.1267563378169, 1.5656159194337498
485.15675783789186, 1.565493906277084
485.1867593379669, 1.5653712226294973
485.21676083804186, 1.5652478681786195
485.2467623381169, 1.5651238426170686
485.27676383819187, 1.5649991456424568
485.3067653382669, 1.5648737769573886
485.33676683834193, 1.564747736269465
485.36676833841693, 1.5646210232912843
485.39676983849193, 1.5644936377404435
485.42677133856694, 1.5643655793395403
485.45677283864194, 1.5642368478161746
485.48677433871694, 1.5641074429029493
485.51677583879194, 1.5639773643374728
485.54677733886695, 1.5638466118623593
485.57677883894195, 1.5637151852252302
485.60678033901695, 1.5635830841787157
485.63678183909195, 1.5634503084804559
485.66678333916695, 1.5633168578931007
485.69678483924196, 1.5631827321843128
485.72678633931696, 1.5630479311267669
485.75678783939196, 1.5629124544981507
485.78678933946696, 1.5627763020811667
485.81679083954197, 1.5626394736635323
485.84679233961697, 1.5625019690379798
485.87679383969197, 1.562363788002258
485.906795339767, 1.5622249303591327
485.93679683984203, 1.5620853959163858
485.966798339917, 1.561945184486818
485.99679983999204, 1.5618042958882459
486.026801340067, 1.5616627299435062
486.05680284014204, 1.5615204864804515
486.086804340217, 1.5613775653319553
486.11680584029205, 1.5612339663359067
486.146807340367, 1.561089689335216
486.17680884044205, 1.5609447341778087
486.206810340517, 1.5607991007166313
486.23681184059205, 1.5606527888096458
486.266813340667, 1.560505798319834
486.29681484074206, 1.5603581291151931
486.326816340817, 1.5602097810687388
486.35681784089206, 1.5600607540585016
486.386819340967, 1.5599110479675298
486.41682084104207, 1.5597606626838845
486.44682234111707, 1.5596095981006441
486.4768238411921, 1.5594578541158997
486.5068253412671, 1.5593054306327547
486.5368268413421, 1.5591523275593262
486.5668283414171, 1.5589985448087418
486.5968298414921, 1.5588440822991394
486.6268313415671, 1.5586889399536668
486.6568328416421, 1.5585331177004793
486.6868343417171, 1.5583766154727396
486.7168358417921, 1.5582194332086161
486.7468373418671, 1.5580615708512815
486.7768388419421, 1.5579030283489117
486.8068403420171, 1.5577438056546842
486.8368418420921, 1.5575839027267766
486.8668433421671, 1.5574233195283649
486.8968448422421, 1.5572620560276225
486.9268463423171, 1.5571001121977173
486.9568478423921, 1.5569374880168116
486.9868493424671, 1.5567741834680586
487.0168508425421, 1.5566101985396017
487.04685234261717, 1.5564455332245712
487.0768538426921, 1.5562801875210857
487.1068553427672, 1.5561141614322438
487.1368568428421, 1.5559474549661294
487.1668583429172, 1.5557800681358025
487.1968598429921, 1.5556120009593033
487.2268613430672, 1.555443253459644
487.25686284314213, 1.5552738256648118
487.2868643432172, 1.555103717607761
487.31686584329213, 1.5549329293264162
487.3468673433672, 1.5547614608636642
487.37686884344214, 1.5545893122673564
487.4068703435172, 1.5544164835903016
487.43687184359214, 1.5542429748902673
487.4668733436672, 1.5540687862299725
487.49687484374215, 1.5538939176770896
487.5268763438172, 1.553718369304237
487.55687784389215, 1.5535421411889798
487.5868793439672, 1.553365233413823
487.6168808440422, 1.5531876460662128
487.6468823441172, 1.553009379238529
487.6768838441922, 1.5528304330280849
487.7068853442672, 1.5526508075371215
487.7368868443422, 1.5524705028728063
487.7668883444172, 1.5522895191472288
487.7968898444922, 1.5521078564773967
487.82689134456723, 1.551925514985233
487.85689284464223, 1.5517424947975718
487.88689434471723, 1.551558796046155
487.91689584479224, 1.5513744188676284
487.94689734486724, 1.5511893634035379
487.97689884494224, 1.5510036298003251
488.00690034501724, 1.5508172182093245
488.03690184509225, 1.550630128786758
488.06690334516725, 1.5504423616937326
488.09690484524225, 1.5502539170962344
488.12690634531725, 1.5500647951651256
488.1569078453923, 1.54987499607614
488.18690934546726, 1.5496845200098792
488.2169108455423, 1.5494933671518059
488.24691234561726, 1.5493015376922437
488.2769138456923, 1.5491090318263674
488.30691534576727, 1.548915849754204
488.3369168458423, 1.5487219916806223
488.36691834591727, 1.548527457815334
488.39691984599233, 1.5483322483728836
488.4269213460673, 1.5481363635726486
488.45692284614233, 1.5479398036388294
488.4869243462173, 1.5477425688004502
488.51692584629234, 1.5475446592913482
488.5469273463673, 1.5473460753501735
488.57692884644234, 1.5471468172203802
488.6069303465173, 1.5469468851502244
488.63693184659235, 1.5467462793927558
488.6669333466673, 1.5465450002058163
488.69693484674235, 1.5463430478520297
488.72693634681735, 1.546140422598802
488.75693784689236, 1.5459371247183114
488.78693934696736, 1.5457331544875044
488.81694084704236, 1.545528512188091
488.84694234711736, 1.5453231981065378
488.87694384719236, 1.545117212534063
488.90694534726737, 1.5449105557666312
488.93694684734237, 1.5447032281049458
488.9669483474174, 1.5444952298544452
488.9969498474924, 1.5442865613252954
489.0269513475674, 1.5440772228323851
489.0569528476424, 1.5438672146953192
489.0869543477174, 1.543656537238412
489.1169558477924, 1.5434451907906823
489.1469573478674, 1.5432331756858468
489.1769588479424, 1.5430204922623136
489.2069603480174, 1.5428071408631756
489.2369618480924, 1.5425931218362052
489.2669633481674, 1.5423784355338466
489.2969648482424, 1.5421630823132102
489.32696634831746, 1.5419470625360654
489.3569678483924, 1.541730376568836
489.38696934846746, 1.541513024782589
489.4169708485424, 1.5412950075530343
489.44697234861746, 1.541076325260511
489.4769738486924, 1.5408569782899875
489.50697534876747, 1.5406369670310478
489.5369768488424, 1.5404162918778912
489.5669783489175, 1.5401949532293187
489.5969798489924, 1.5399729514887333
489.6269813490675, 1.5397502870641246
489.6569828491424, 1.5395269603680706
489.6869843492175, 1.539302971817721
489.7169858492924, 1.5390783218347996
489.7469873493675, 1.538853010845588
489.77698884944243, 1.5386270392809265
489.8069903495175, 1.5384004075761986
489.8369918495925, 1.538173116171331
489.8669933496675, 1.5379451655107808
489.8969948497425, 1.5377165560435302
489.9269963498175, 1.5374872882230786
489.9569978498925, 1.5372573625074344
489.9869993499675, 1.5370267793591077
490.0170008500425, 1.536795539245103
490.0470023501175, 1.5365636426369098
490.0770038501925, 1.5363310900104965
490.1070053502675, 1.5360978818463014
490.1370068503425, 1.5358640186292243
490.1670083504175, 1.53562950084862
490.1970098504925, 1.5353943289982885
490.2270113505675, 1.5351585035764683
490.2570128506425, 1.5349220250858269
490.2870143507175, 1.5346848940334532
490.31701585079253, 1.5344471109308493
490.34701735086753, 1.534208676293922
490.37701885094253, 1.533969590642974
490.40702035101754, 1.5337298545026958
490.4370218510926, 1.533489468402157
490.46702335116754, 1.5332484328747995
490.4970248512426, 1.5330067484584238
490.52702635131755, 1.5327644156951878
490.5570278513926, 1.53252143513159
490.58702935146755, 1.5322778073184689
490.6170308515426, 1.5320335328109858
490.64703235161755, 1.5317886121686246
490.6770338516926, 1.531543045955174
490.70703535176756, 1.5312968347387272
490.7370368518426, 1.531049979091665
490.76703835191756, 1.5308024795906532
490.7970398519926, 1.5305543368166283
490.82704135206757, 1.5303055513547936
490.8570428521426, 1.5300561237946038
490.8870443522176, 1.5298060547297618
490.91704585229263, 1.5295553447582046
490.9470473523676, 1.529303994482098
490.97704885244264, 1.5290520045078226
491.00705035251764, 1.5287993754459694
491.03705185259264, 1.5285461079113263
491.06705335266764, 1.5282922025228705
491.09705485274264, 1.5280376599037584
491.12705635281765, 1.5277824806813158
491.15705785289265, 1.527526665487029
491.18705935296765, 1.5272702149565338
491.21706085304265, 1.5270131297296068
491.24706235311766, 1.5267554104501548
491.27706385319266, 1.5264970577662056
491.30706535326766, 1.5262380723298978
491.33706685334266, 1.5259784547974704
491.36706835341766, 1.5257182058292535
491.39706985349267, 1.525457326089658
491.42707135356767, 1.525195816247165
491.45707285364267, 1.5249336769743163
491.4870743537177, 1.524670908947704
491.5170758537927, 1.5244075128479602
491.54707735386773, 1.5241434893597459
491.5770788539427, 1.523878839171744
491.60708035401774, 1.5236135629766425
491.6370818540927, 1.5233476614711325
491.66708335416774, 1.5230811353558888
491.6970848542427, 1.522813985335568
491.72708635431775, 1.52254621211879
491.7570878543927, 1.5222778164181348
491.78708935446775, 1.5220087989501243
491.8170908545427, 1.5217391604352202
491.84709235461776, 1.521468901597804
491.8770938546927, 1.521198023166175
491.90709535476776, 1.520926525872532
491.9370968548427, 1.520654410452969
491.96709835491777, 1.5203816776474577
491.9970998549927, 1.5201083281998438
492.02710135506777, 1.5198343628578284
492.0571028551427, 1.5195597823729652
492.0871043552178, 1.51928458750064
492.1171058552928, 1.5190087790000695
492.1471073553678, 1.5187323576342824
492.1771088554428, 1.5184553241701124
492.2071103555178, 1.518177679378185
492.2371118555928, 1.5178994240329078
492.2671133556678, 1.5176205589124578
492.2971148557428, 1.5173410847987712
492.3271163558178, 1.5170610024775308
492.3571178558928, 1.5167803127381558
492.3871193559678, 1.51649901637379
492.4171208560428, 1.5162171141812895
492.4471223561178, 1.5159346069612123
492.4771238561928, 1.515651495517806
492.5071253562678, 1.5153677806589965
492.5371268563428, 1.515083463196376
492.5671283564178, 1.5147985439451923
492.5971298564928, 1.5145130237243354
492.6271313565678, 1.5142269033563271
492.6571328566428, 1.5139401836673094
492.6871343567178, 1.513652865487031
492.7171358567929, 1.5133649496488364
492.7471373568678, 1.5130764369896565
492.7771388569429, 1.5127873283499902
492.80714035701783, 1.5124976245739008
492.8371418570929, 1.512207326508995
492.86714335716783, 1.5119164350064205
492.8971448572429, 1.5116249509208435
492.92714635731784, 1.5113328751104476
492.9571478573929, 1.5110402084369103
492.98714935746784, 1.510746951765402
493.0171508575429, 1.510453105964563
493.04715235761785, 1.5101586719065017
493.0771538576929, 1.5098636504667715
493.10715535776785, 1.50956804252437
493.1371568578429, 1.509271848961715
493.16715835791786, 1.508975070664643
493.1971598579929, 1.5086777085223866
493.2271613580679, 1.508379763427571
493.2571628581429, 1.5080812362761957
493.2871643582179, 1.5077821279676238
493.3171658582929, 1.5074824394045692
493.3471673583679, 1.5071821714930846
493.37716885844293, 1.5068813251425486
493.40717035851793, 1.5065799012656524
493.43717185859293, 1.5062779007783877
493.46717335866794, 1.5059753246000338
493.49717485874294, 1.5056721736531453
493.52717635881794, 1.5053684488635384
493.55717785889294, 1.5050641511602787
493.58717935896794, 1.5047592814756685
493.61718085904295, 1.504453840745233
493.64718235911795, 1.504147829907709
493.67718385919295, 1.5038412499050298
493.70718535926795, 1.5035341016823143
493.73718685934296, 1.5032263861878525
493.76718835941796, 1.502918104373094
493.79718985949296, 1.5026092571926326
493.827191359568, 1.5022998456041954
493.85719285964296, 1.5019898705686299
493.887194359718, 1.5016793330498872
493.91719585979297, 1.5013682340150147
493.947197359868, 1.501056574434136
493.977198859943, 1.5007443552804456
494.00720036001803, 1.5004315775301866
494.037201860093, 1.5001182421626473
494.06720336016804, 1.4998043501601372
494.097204860243, 1.4994899025079849
494.12720636031804, 1.4991749001945138
494.157207860393, 1.4988593442110385
494.18720936046805, 1.4985432355518427
494.217210860543, 1.4982265752141737
494.24721236061805, 1.4979093641982213
494.277213860693, 1.4975916035071124
494.30721536076805, 1.4972732941468883
494.337216860843, 1.4969544371265011
494.36721836091806, 1.49663503345779
494.39721986099306, 1.496315084155477
494.42722136106806, 1.4959945902371468
494.45722286114307, 1.4956735527232357
494.48722436121807, 1.4953519726370177
494.51722586129307, 1.4950298510045907
494.5472273613681, 1.494707188854863
494.5772288614431, 1.494383987219539
494.6072303615181, 1.494060247133106
494.6372318615931, 1.4937359696328196
494.6672333616681, 1.4934111557586915
494.6972348617431, 1.493085806553474
494.7272363618181, 1.4927599230626467
494.7572378618931, 1.4924335063344027
494.7872393619681, 1.492106557419635
494.8172408620431, 1.4917790773719222
494.8472423621181, 1.4914510672475143
494.8772438621931, 1.4911225281053193
494.9072453622681, 1.490793461006889
494.93724686234316, 1.490463867016404
494.9672483624181, 1.490133747200664
494.99724986249316, 1.4898031026290652
495.0272513625681, 1.4894719343735965
495.05725286264317, 1.489140243508816
495.0872543627181, 1.488808031111845
495.1172558627932, 1.4884752982623466
495.1472573628681, 1.488142046042519
495.1772588629432, 1.4878082755370727
495.2072603630181, 1.4874739878332266
495.2372618630932, 1.487139184020682
495.2672633631681, 1.486803865191621
495.2972648632432, 1.4864680324406796
495.32726636331813, 1.4861316868649461
495.3572678633932, 1.4857948295639338
495.38726936346814, 1.4854574616395801
495.4172708635432, 1.485119584196219
495.44727236361814, 1.4847811983405794
495.4772738636932, 1.4844423051817588
495.5072753637682, 1.4841029058312196
495.5372768638432, 1.4837630014027674
495.5672783639182, 1.4834225930125395
495.5972798639932, 1.48308168177899
495.6272813640682, 1.482740268822876
495.6572828641432, 1.4823983552672422
495.6872843642182, 1.4820559422374073
495.7172858642932, 1.4817130308609492
495.7472873643682, 1.48136962226769
495.7772888644432, 1.4810257175896826
495.8072903645182, 1.4806813179611948
495.8372918645932, 1.480336424518697
495.8672933646682, 1.479991038400845
495.89729486474323, 1.4796451607484673
495.92729636481823, 1.47929879270455
495.95729786489323, 1.478951935414222
495.98729936496824, 1.478604590024741
496.01730086504324, 1.4782567576854786
496.04730236511824, 1.477908439547905
496.07730386519324, 1.477559636765576
496.1073053652683, 1.4772103504941159
496.13730686534325, 1.476860581891208
496.1673083654183, 1.4765103321165705
496.19730986549325, 1.4761596023319545
496.2273113655683, 1.4758083937011162
496.25731286564326, 1.4754567073898142
496.2873143657183, 1.4751045445657835
496.31731586579326, 1.474751906398733
496.3473173658683, 1.4743987940603176
496.37731886594327, 1.4740452087241362
496.4073203660183, 1.4736911515657056
496.43732186609327, 1.4733366237624563
496.46732336616833, 1.4729816264937075
496.4973248662433, 1.4726261609406626
496.52732636631833, 1.472270228286384
496.5573278663933, 1.471913829715789
496.58732936646834, 1.4715569664156247
496.61733086654334, 1.4711996395744624
496.64733236661834, 1.4708418503826761
496.67733386669335, 1.4704836000324308
496.70733536676835, 1.4701248897176675
496.73733686684335, 1.4697657206340877
496.76733836691835, 1.4694060939791393
496.79733986699335, 1.469046010952001
496.82734136706836, 1.468685472753568
496.85734286714336, 1.4683244805864375
496.88734436721836, 1.467963035654893
496.91734586729336, 1.46760113916489
496.94734736736837, 1.4672387923240413
496.97734886744337, 1.466875996341602
497.00735036751837, 1.4665127524284547
497.0373518675934, 1.4661490617970936
497.0673533676684, 1.465784925661612
497.0973548677434, 1.4654203452376853
497.1273563678184, 1.465055321742557
497.1573578678934, 1.4646898563950237
497.1873593679684, 1.4643239504154204
497.21736086804344, 1.4639576050256051
497.2473623681184, 1.4635908214489466
497.27736386819345, 1.4632236009103028
497.3073653682684, 1.4628559446360159
497.33736686834345, 1.4624878538538868
497.3673683684184, 1.4621193297931705
497.39736986849346, 1.4617503736845514
497.4273713685684, 1.4613809867601377
497.45737286864346, 1.461011170253438
497.4873743687184, 1.4606409253993546
497.51737586879347, 1.4602702534341598
497.5473773688684, 1.4598991555954912
497.57737886894347, 1.4595276331223257
497.6073803690184, 1.4591556872549758
497.6373818690935, 1.458783319235064
497.6673833691684, 1.4584105303055186
497.6973848692435, 1.4580373217105478
497.7273863693184, 1.4576636946956358
497.7573878693935, 1.4572896505075175
497.7873893694685, 1.4569151903941735
497.8173908695435, 1.4565403156048073
497.8473923696185, 1.4561650273898348
497.8773938696935, 1.4557893270008682
497.9073953697685, 1.4554132156907011
497.9373968698435, 1.4550366947132938
497.9673983699185, 1.4546597653237587
497.9973998699935, 1.454282428778345
498.0274013700685, 1.453904686334424
498.0574028701435, 1.453526539250475
498.0874043702185, 1.453147988786069
498.1174058702935, 1.4527690362018553
498.1474073703685, 1.4523896827595462
498.1774088704435, 1.4520099297219018
498.2074103705185, 1.4516297783527157
498.2374118705935, 1.4512492299168
498.2674133706685, 1.450868285679971
498.2974148707435, 1.4504869469090333
498.3274163708186, 1.4501052148717657
498.3574178708935, 1.4497230908369085
498.3874193709686, 1.4493405760741425
498.41742087104353, 1.4489576718540838
498.4474223711186, 1.4485743794482577
498.47742387119354, 1.4481907001290968
498.5074253712686, 1.4478066351699124
498.53742687134354, 1.4474221858448937
498.5674283714186, 1.4470373534290795
498.59742987149355, 1.446652139198357
498.6274313715686, 1.4462665444294338
498.65743287164355, 1.445880570399836
498.6874343717186, 1.4454942183878814
498.71743587179355, 1.4451074896726768
498.7474373718686, 1.4447203855340909
498.77743887194356, 1.4443329072527529
498.8074403720186, 1.4439450561100236
498.83744187209356, 1.4435568333879962
498.8674433721686, 1.4431682403694661
498.8974448722436, 1.4427792783379298
498.9274463723186, 1.4423899485775622
498.95744787239363, 1.4420002523732034
498.98744937246863, 1.4416101910103465
499.01745087254363, 1.4412197657751207
499.04745237261864, 1.4408289779542782
499.07745387269364, 1.4404378288351791
499.10745537276864, 1.440046319705777
499.13745687284364, 1.4396544518546035
499.16745837291865, 1.4392622265707562
499.19745987299365, 1.4388696451438818
499.22746137306865, 1.4384767088641628
499.25746287314365, 1.4380834190223024
499.28746437321865, 1.4376897769095114
499.31746587329366, 1.437295783817492
499.34746737336866, 1.4369014410384249
499.37746887344366, 1.4365067498649542
499.40747037351866, 1.4361117115901727
499.43747187359367, 1.435716327507609
499.46747337366867, 1.4353205989112114
499.4974748737437, 1.4349245270953341
499.5274763738187, 1.4345281133547259
499.55747787389373, 1.4341313589845082
499.5874793739687, 1.4337342652801714
499.61748087404374, 1.4333368335375496
499.6474823741187, 1.4329390650528175
499.67748387419374, 1.4325409611224644
499.7074853742687, 1.432142523043292
499.73748687434374, 1.4317437521123892
499.7674883744187, 1.4313446496271276
499.79748987449375, 1.430945216885138
499.8274913745687, 1.4305454551843066
499.85749287464375, 1.4301453658227499
499.8874943747187, 1.4297449500988113
499.91749587479376, 1.429344209311037
499.9474973748687, 1.4289431447581715
499.97749887494376, 1.4285417577391346
500.00750037501876, 1.4281400495530154
500.03750187509377, 1.4277380214990527
500.06750337516877, 1.427335674876623
500.09750487524377, 1.4269330109852272
500.1275063753188, 1.4265300311244755
500.1575078753938, 1.4261267365940746
500.1875093754688, 1.425723128693813
500.2175108755438, 1.4253192087235473
500.2475123756188, 1.424914977983189
500.2775138756938, 1.424510437772689
500.3075153757688, 1.4241055893920265
500.3375168758438, 1.4237004341411927
500.3675183759188, 1.423294973320179
500.3975198759938, 1.4228892082289615
500.4275213760688, 1.4224831401674887
500.4575228761438, 1.4220767704356672
500.4875243762188, 1.421670100333348
500.5175258762938, 1.4212631311603139
500.5475273763688, 1.420855864216264
500.5775288764438, 1.4204483008008018
500.60753037651887, 1.4200404422134203
500.6375318765938, 1.4196322897534919
500.66753337666887, 1.4192238447202477
500.6975348767438, 1.4188151084127736
500.7275363768189, 1.4184060821299866
500.7575378768938, 1.4179967671706324
500.7875393769689, 1.41758716483326
500.8175408770438, 1.4171772764162207
500.8475423771189, 1.416767103217643
500.87754387719383, 1.4163566465354305
500.9075453772689, 1.4159459076672363
500.93754687734383, 1.4155348879104641
500.9675483774189, 1.4151235885622397
500.99754987749384, 1.414712010919413
501.0275513775689, 1.4143001562785293
501.05755287764384, 1.4138880259358322
501.0875543777189, 1.4134756211872344
501.11755587779385, 1.4130629433283202
501.1475573778689, 1.4126499936543175
501.1775588779439, 1.4122367734600987
501.2075603780189, 1.4118232840401568
501.2375618780939, 1.4114095266885982
501.2675633781689, 1.4109955026991279
501.2975648782439, 1.4105812133650373
501.3275663783189, 1.4101666599791902
501.3575678783939, 1.409751843834012
501.3875693784689, 1.409336766221474
501.4175708785439, 1.4089214284330833
501.44757237861893, 1.4085058317598689
501.47757387869393, 1.408089977492368
501.50757537876893, 1.4076738669206152
501.53757687884394, 1.4072575013341286
501.56757837891894, 1.4068408820218974
501.59757987899394, 1.4064240102723693
501.62758137906894, 1.4060068873734382
501.65758287914394, 1.4055895146124313
501.68758437921895, 1.4051718932760968
501.717585879294, 1.4047540246505903
501.74758737936895, 1.4043359100214672
501.777588879444, 1.4039175506736596
501.80759037951896, 1.403498947891479
501.837591879594, 1.4030801029585875
501.86759337966896, 1.4026610171580018
501.897594879744, 1.4022416917720653
501.92759637981897, 1.4018221280824503
501.957597879894, 1.4014023273701324
501.98759937996897, 1.4009822909153915
502.01760088004403, 1.400562019997786
502.047602380119, 1.4001415158961548
502.07760388019403, 1.3997207798885911
502.107605380269, 1.399299813252444
502.13760688034404, 1.3988786172642937
502.167608380419, 1.3984571931999519
502.19760988049404, 1.398035542334437
502.227611380569, 1.397613665941976
502.25761288064405, 1.3971915652959785
502.28761438071905, 1.3967692416690378
502.31761588079405, 1.3963466963329096
502.34761738086905, 1.3959239305585056
502.37761888094406, 1.3955009456158791
502.40762038101906, 1.3950777427742147
502.43762188109406, 1.394654323301816
502.46762338116906, 1.394230688466095
502.49762488124406, 1.393806839533559
502.52762638131907, 1.3933827777698002
502.55762788139407, 1.3929585044394837
502.58762938146907, 1.3925340208063364
502.6176308815441, 1.3921093281331354
502.6476323816191, 1.3916844276816964
502.6776338816941, 1.3912593207128634
502.7076353817691, 1.3908340084864959
502.7376368818441, 1.3904084922614584
502.7676383819191, 1.3899827732956094
502.7976398819941, 1.38955685284579
502.8276413820691, 1.3891307321678128
502.8576428821441, 1.3887044125164505
502.88764438221915, 1.3882778951454247
502.9176458822941, 1.387851181307398
502.94764738236915, 1.387424272253955
502.9776488824441, 1.3869971692356031
503.00765038251916, 1.386569873501749
503.0376518825941, 1.3861423863007
503.06765338266916, 1.3857147088796413
503.0976548827441, 1.385286842484637
503.12765638281917, 1.3848587883606074
503.1576578828941, 1.384430547751331
503.1876593829692, 1.384002121899421
503.2176608830441, 1.3835735120463266
503.2476623831192, 1.3831447194323119
503.2776638831941, 1.382715745296455
503.3076653832692, 1.3822865908766275
503.3376668833441, 1.3818572574094958
503.3676683834192, 1.3814277461304978
503.3976698834942, 1.3809980582738444
503.4276713835692, 1.3805681950725008
503.4576728836442, 1.3801381577581804
503.4876743837192, 1.379707947561333
503.5176758837942, 1.3792775657111356
503.5476773838692, 1.3788470134354815
503.5776788839442, 1.3784162919609706
503.6076803840192, 1.377985402512899
503.6376818840942, 1.37755434631525
503.6676833841692, 1.3771231245906825
503.6976848842442, 1.3766917385605226
503.7276863843192, 1.3762601894447526
503.7576878843942, 1.3758284784620025
503.7876893844692, 1.3753966068295387
503.8176908845442, 1.3749645757632556
503.8476923846192, 1.3745323864776646
503.8776938846942, 1.374100040185886
503.9076953847692, 1.3736675380996382
503.93769688484423, 1.3732348814292286
503.96769838491923, 1.3728020713835436
503.9976998849943, 1.3723691091700398
504.02770138506924, 1.371935995994737
504.0577028851443, 1.3715027330622
504.08770438521924, 1.3710693215755434
504.1177058852943, 1.3706357627364065
504.14770738536924, 1.3702020577449596
504.1777088854443, 1.36976820779988
504.20771038551925, 1.3693342140983573
504.2377118855943, 1.36890007783607
504.26771338566925, 1.3684658002071906
504.2977148857443, 1.3680313824043624
504.32771638581926, 1.3675968256187054
504.3577178858943, 1.3671621310397921
504.38771938596926, 1.366727299855654
504.4177208860443, 1.3662923332527577
504.44772238611927, 1.3658572324160105
504.4777238861943, 1.3654219985287384
504.50772538626927, 1.3649866327726903
504.53772688634433, 1.3645511363280158
504.56772838641933, 1.364115510373271
504.59772988649434, 1.3636797560853982
504.62773138656934, 1.3632438746397233
504.65773288664434, 1.3628078672099464
504.68773438671934, 1.3623717349681326
504.71773588679434, 1.361935479084705
504.74773738686935, 1.3614991007284352
504.77773888694435, 1.3610626010664357
504.80774038701935, 1.3606259812641521
504.83774188709435, 1.360189242485354
504.86774338716936, 1.3597523858921279
504.89774488724436, 1.3593154126448685
504.92774638731936, 1.3588783239022713
504.95774788739436, 1.358441120821324
504.98774938746936, 1.3580038045573
505.01775088754437, 1.3575663762637484
505.04775238761937, 1.3571288370924883
505.07775388769437, 1.3566911881936006
505.10775538776943, 1.3562534307154184
505.1377568878444, 1.3558155658045252
505.16775838791943, 1.3553775946057367
505.1977598879944, 1.3549395182621067
505.22776138806944, 1.3545013379149065
505.2577628881444, 1.3540630547036296
505.28776438821944, 1.353624669765973
505.3177658882944, 1.353186184237841
505.34776738836945, 1.3527475992533264
505.3777688884444, 1.3523089159447157
505.40777038851945, 1.351870135442469
505.4377718885944, 1.3514312588752257
505.46777338866946, 1.3509922873697857
505.4977748887444, 1.3505532220511134
505.52777638881946, 1.3501140640423195
505.5577778888944, 1.349674814464666
505.58777938896947, 1.3492354744375474
505.6177808890444, 1.348796045078496
505.64778238911947, 1.3483565275031624
505.6777838891945, 1.3479169228253218
505.7077853892695, 1.347477232156857
505.7377868893445, 1.3470374566077576
505.7677883894195, 1.3465975972861115
505.7977898894945, 1.3461576552980983
505.8277913895695, 1.345717631747984
505.8577928896445, 1.345277527738114
505.8877943897195, 1.3448373443689061
505.9177958897945, 1.3443970827388463
505.9477973898695, 1.3439567439444802
505.9777988899445, 1.3435163290804084
506.0078003900195, 1.34307583923928
506.0378018900945, 1.342635275511787
506.0678033901695, 1.342194638986657
506.0978048902445, 1.3417539307506492
506.1278063903195, 1.341313151888547
506.1578078903945, 1.3408723034831531
506.1878093904695, 1.340431386615283
506.2178108905445, 1.33999040236376
506.2478123906195, 1.3395493518054096
506.2778138906946, 1.339108236015052
506.3078153907695, 1.3386670560655018
506.3378168908446, 1.3382258130275537
506.3678183909195, 1.3377845079699877
506.3978198909946, 1.337343141959553
506.42782139106953, 1.3369017160609733
506.4578228911446, 1.336460231336931
506.48782439121953, 1.3360186888480725
506.5178258912946, 1.3355770896529922
506.54782739136954, 1.3351354348082394
506.5778288914446, 1.334693725368299
506.60783039151954, 1.3342519623856035
506.6378318915946, 1.3338101469105101
506.66783339166955, 1.3333682799913125
506.6978348917446, 1.3329263626742207
506.72783639181955, 1.3324843960033719
506.7578378918946, 1.3320423810208093
506.7878393919696, 1.3316003187664935
506.8178408920446, 1.3311582102782857
506.8478423921196, 1.3307160565919491
506.8778438921946, 1.3302738587411431
506.9078453922696, 1.3298316177574183
506.9378468923446, 1.3293893346702135
506.9678483924196, 1.32894701050685
506.9978498924946, 1.3285046462925283
507.02785139256963, 1.3280622430503233
507.05785289264463, 1.3276198018011802
507.08785439271963, 1.3271773235639113
507.11785589279464, 1.3267348093551907
507.14785739286964, 1.3262922601895513
507.17785889294464, 1.3258496770793795
507.20786039301964, 1.3254070610349138
507.23786189309465, 1.3249644130642384
507.26786339316965, 1.3245217341732813
507.29786489324465, 1.3240790253658092
507.32786639331965, 1.3236362876434256
507.35786789339465, 1.3231935220055648
507.3878693934697, 1.32275072944949
507.41787089354466, 1.3223079109702929
507.4478723936197, 1.3218650675608803
507.47787389369466, 1.321422200211985
507.5078753937697, 1.3209793099121478
507.53787689384467, 1.320536397647729
507.5678783939197, 1.320093464402889
507.5978798939947, 1.3196505111596029
507.62788139406973, 1.3192075388976399
507.6578828941447, 1.318764548594576
507.68788439421974, 1.3183215412257772
507.7178858942947, 1.3178785177644101
507.74788739436974, 1.3174354791814251
507.7778888944447, 1.3169924264455672
507.80789039451975, 1.3165493605233607
507.8378918945947, 1.3161062823791185
507.86789339466975, 1.3156631929749278
507.8978948947447, 1.3152200932706595
507.92789639481975, 1.3147769842239527
507.95789789489476, 1.3143338667902251
507.98789939496976, 1.3138907419226615
508.01790089504476, 1.313447610572215
508.04790239511976, 1.3130044736876052
508.07790389519477, 1.3125613322153138
508.10790539526977, 1.3121181870995846
508.13790689534477, 1.3116750392824208
508.1679083954198, 1.3112318897035822
508.1979098954948, 1.3107887393005835
508.2279113955698, 1.3103455890086937
508.2579128956448, 1.309902439760932
508.2879143957198, 1.309459292488068
508.3179158957948, 1.3090161481186184
508.3479173958698, 1.3085730075788464
508.3779188959448, 1.3081298717927599
508.4079203960198, 1.3076867416821092
508.4379218960948, 1.307243618166386
508.4679233961698, 1.3068005021628222
508.49792489624485, 1.3063573945863873
508.5279263963198, 1.3059142963497907
508.55792789639486, 1.3054712083634727
508.5879293964698, 1.305028131535614
508.61793089654486, 1.3045850667721226
508.6479323966198, 1.3041420149766452
508.67793389669487, 1.3036989770505532
508.7079353967698, 1.3032559538929545
508.7379368968449, 1.3028129464006803
508.7679383969198, 1.3023699554682961
508.7979398969949, 1.3019269819880885
508.8279413970698, 1.3014840268500776
508.8579428971449, 1.301041090942003
508.8879443972198, 1.3005981751493352
508.9179458972949, 1.3001552803552643
508.94794739736983, 1.29971240744071
508.9779488974449, 1.2992695572843103
509.00795039751983, 1.2988267307624313
509.0379518975949, 1.2983839287491568
509.0679533976699, 1.2979411521162982
509.0979548977449, 1.2974984017333857
509.1279563978199, 1.297055678467673
509.1579578978949, 1.2966129831841349
509.1879593979699, 1.2961703167454683
509.2179608980449, 1.2957276800120918
509.2479623981199, 1.2952850738421455
509.2779638981949, 1.2948424990914917
509.3079653982699, 1.2943999566137139
509.3379668983449, 1.2939574472601183
509.3679683984199, 1.2935149718797332
509.3979698984949, 1.293072531319309
509.4279713985699, 1.2926301264233198
509.4579728986449, 1.2921877580339625
509.4879743987199, 1.2917454269911581
509.51797589879493, 1.2913031341325518
509.54797739886993, 1.2908608802935135
509.57797889894493, 1.2904186663071389
509.60798039901994, 1.2899764930042492
509.63798189909494, 1.2895343612133936
509.66798339917, 1.2890922717608475
509.69798489924494, 1.288650225470618
509.72798639932, 1.288208223164436
509.75798789939495, 1.28776626566177
509.78798939947, 1.2873243537798122
509.81799089954495, 1.2868824883334953
509.84799239962, 1.2864406701354776
509.87799389969496, 1.2859988999961598
509.90799539977, 1.2855571787236715
509.93799689984496, 1.2851155071238867
509.96799839992, 1.2846738860004105
509.99799989999497, 1.2842323161545963
510.02800140007, 1.2837907983855306
510.05800290014497, 1.283349333490051
510.08800440022003, 1.2829079222627318
510.118005900295, 1.2824665654959013
510.14800740037003, 1.2820252639796281
510.17800890044504, 1.281584018501737
510.20801040052004, 1.2811428298478003
510.23801190059504, 1.2807016988011446
510.26801340067004, 1.2802606261428515
510.29801490074504, 1.2798196126517598
510.32801640082005, 1.279378659104467
510.35801790089505, 1.2789377662753318
510.38801940097005, 1.2784969349364768
510.41802090104505, 1.278056165857789
510.44802240112006, 1.2776154598069231
510.47802390119506, 1.2771748175493045
510.50802540127006, 1.2767342398481298
510.53802690134506, 1.2762937274643704
510.56802840142007, 1.275853281156775
510.59802990149507, 1.2754129016818712
510.62803140157007, 1.2749725897939688
510.6580329016451, 1.2745323462451623
510.6880344017201, 1.274092171785333
510.7180359017951, 1.2736520671621523
510.7480374018701, 1.273212033121084
510.77803890194514, 1.272772070405387
510.8080404020201, 1.2723321797561218
510.83804190209514, 1.2718923619121427
510.8680434021701, 1.2714526176101166
510.89804490224515, 1.2710129475845102
510.9280464023201, 1.2705733525676064
510.95804790239515, 1.2701338332894956
510.9880494024701, 1.2696943904780906
511.01805090254516, 1.2692550248591177
511.0480524026201, 1.2688157371561324
511.07805390269516, 1.2683765280905097
511.1080554027701, 1.267937398381461
511.13805690284516, 1.2674983487460239
511.1680584029201, 1.2670593798990788
511.19805990299517, 1.2666204925533402
511.2280614030701, 1.2661816874193716
511.2580629031452, 1.2657429652055785
511.2880644032201, 1.265304326618222
511.3180659032952, 1.2648657723614125
511.3480674033702, 1.264427303137124
511.3780689034452, 1.2639889196451892
511.4080704035202, 1.2635506225833075
511.4380719035952, 1.2631124126470483
511.4680734036702, 1.262674290529855
511.4980749037452, 1.2622362569230483
511.5280764038202, 1.2617983125158316
511.5580779038952, 1.2613604579952937
511.5880794039702, 1.260922694046414
511.6180809040452, 1.2604850213520655
511.6480824041202, 1.2600474405930213
511.6780839041952, 1.2596099524479558
511.7080854042702, 1.2591725575934518
511.7380869043452, 1.2587352567040035
511.7680884044202, 1.2582980504520214
511.7980899044952, 1.2578609395078364
511.8280914045702, 1.2574239245397045
511.8580929046452, 1.2569870062138124
511.8880944047203, 1.2565501851942793
511.9180959047952, 1.2561134621431675
511.9480974048703, 1.2556768377204772
511.9780989049452, 1.255240312584164
512.0081004050203, 1.2548038873901302
512.0381019050952, 1.2543675627922428
512.0681034051703, 1.2539313394423266
512.0981049052452, 1.2534952179901797
512.1281064053203, 1.2530591990835684
512.1581079053952, 1.2526232833682425
512.1881094054703, 1.2521874714879297
512.2181109055452, 1.2517517640843527
512.2481124056203, 1.2513161617972208
512.2781139056952, 1.25088066526425
512.3081154057703, 1.2504452751211521
512.3381169058453, 1.2500099920016576
512.3681184059203, 1.2495748165375038
512.3981199059953, 1.2491397493584557
512.4281214060703, 1.2487047910922968
512.4581229061453, 1.2482699423648502
512.4881244062203, 1.2478352037999674
512.5181259062954, 1.247400576019549
512.5481274063703, 1.246966059643543
512.5781289064453, 1.2465316552899486
512.6081304065203, 1.2460973635748238
512.6381319065954, 1.2456631851122961
512.6681334066703, 1.2452291205145634
512.6981349067453, 1.2447951703918985
512.7281364068203, 1.244361335352656
512.7581379068954, 1.2439276160032833
512.7881394069703, 1.2434940129483227
512.8181409070453, 1.2430605267904142
512.8481424071203, 1.242627158130304
512.8781439071954, 1.2421939075668555
512.9081454072704, 1.2417607756970515
512.9381469073453, 1.2413277631159958
512.9681484074204, 1.240894870416925
512.9981499074954, 1.240462098191216
513.0281514075704, 1.240029447028391
513.0581529076454, 1.2395969175161166
513.0881544077204, 1.239164510240224
513.1181559077954, 1.2387322257847007
513.1481574078704, 1.2383000647317106
513.1781589079454, 1.2378680276615874
513.2081604080204, 1.237436115152855
513.2381619080954, 1.237004327782219
513.2681634081704, 1.2365726661245886
513.2981649082454, 1.236141130753069
513.3281664083204, 1.2357097222389815
513.3581679083954, 1.235278441151857
513.3881694084704, 1.234847288059456
513.4181709085454, 1.2344162635277622
513.4481724086204, 1.233985368121003
513.4781739086955, 1.233554602401642
513.5081754087704, 1.2331239669304002
513.5381769088455, 1.23269346226625
513.5681784089204, 1.2322630889664339
513.5981799089955, 1.2318328475864606
513.6281814090705, 1.2314027386801207
513.6581829091455, 1.230972762799492
513.6881844092204, 1.2305429204949405
513.7181859092955, 1.2301132123151335
513.7481874093705, 1.2296836388070473
513.7781889094455, 1.2292542005159743
513.8081904095204, 1.2288248979855239
513.8381919095955, 1.2283957317576353
513.8681934096705, 1.227966702372587
513.8981949097455, 1.227537810369002
513.9281964098204, 1.2271090562838503
513.9581979098955, 1.226680440652461
513.9881994099705, 1.2262519640085325
514.0182009100455, 1.2258236268841367
514.0482024101204, 1.225395429809724
514.0782039101955, 1.2249673733141329
514.1082054102706, 1.2245394579246018
514.1382069103455, 1.224111684166773
514.1682084104206, 1.2236840525646957
514.1982099104955, 1.223256563640845
514.2282114105706, 1.222829217916117
514.2582129106455, 1.222402015909848
514.2882144107206, 1.2219749581398125
514.3182159107955, 1.2215480451222398
514.3482174108706, 1.2211212773718128
514.3782189109455, 1.2206946554016862
514.4082204110206, 1.220268179723483
514.4382219110955, 1.2198418508473141
514.4682234111706, 1.2194156692817746
514.4982249112455, 1.2189896355339642
514.5282264113206, 1.2185637501094821
514.5582279113955, 1.218138013512448
514.5882294114706, 1.217712426245498
514.6182309115455, 1.217286988809804
514.6482324116206, 1.2168617017050711
514.6782339116955, 1.2164365654295568
514.7082354117706, 1.216011580480068
514.7382369118457, 1.2155867473519781
514.7682384119206, 1.215162066539233
514.7982399119956, 1.214737538534355
514.8282414120706, 1.2143131638284534
514.8582429121457, 1.2138889429112385
514.8882444122206, 1.2134648762710238
514.9182459122956, 1.2130409643947333
514.9482474123706, 1.212617207767912
514.9782489124457, 1.2121936068747383
515.0082504125206, 1.2117701621980286
515.0382519125956, 1.211346874219243
515.0682534126706, 1.2109237434184965
515.0982549127457, 1.2105007702745716
515.1282564128206, 1.2100779552649221
515.1582579128956, 1.2096552988656808
515.1882594129706, 1.2092328015516682
515.2182609130457, 1.2088104637964077
515.2482624131206, 1.208388286072128
515.2782639131957, 1.2079662688497692
515.3082654132706, 1.207544412599001
515.3382669133457, 1.20712271778822
515.3682684134207, 1.2067011848845701
515.3982699134957, 1.2062798143539386
515.4282714135707, 1.2058586066609789
515.4582729136457, 1.2054375622691045
515.4882744137207, 1.205016681640513
515.5182759137957, 1.2045959652361793
515.5482774138707, 1.2041754135158798
515.5782789139457, 1.2037550269381863
515.6082804140207, 1.2033348059604898
515.6382819140957, 1.2029147510389941
515.6682834141707, 1.2024948626287406
515.6982849142457, 1.202075141183601
515.7282864143207, 1.201655587156302
515.7582879143957, 1.2012362009984185
515.7882894144707, 1.2008169831603985
515.8182909145457, 1.2003979340915572
515.8482924146208, 1.1999790542400977
515.8782939146957, 1.1995603440531148
515.9082954147707, 1.1991418039766026
515.9382969148458, 1.1987234344554638
515.9682984149208, 1.1983052359335238
515.9982999149958, 1.1978872088535377
516.0283014150707, 1.1974693536571928
516.0583029151458, 1.1970516707851244
516.0883044152208, 1.1966341606769255
516.1183059152958, 1.1962168237711543
516.1483074153707, 1.1957996605053394
516.1783089154458, 1.1953826713159925
516.2083104155208, 1.1949658566386199
516.2383119155958, 1.1945492169077299
516.2683134156707, 1.1941327525568375
516.2983149157458, 1.1937164640184774
516.3283164158208, 1.1933003517242158
516.3583179158958, 1.1928844161046581
516.3883194159707, 1.1924686575894516
516.4183209160458, 1.1920530766073019
516.4483224161208, 1.191637673585982
516.4783239161958, 1.1912224489523404
516.5083254162708, 1.1908074031323044
516.5383269163458, 1.1903925365509016
516.5683284164209, 1.1899778496322553
516.5983299164958, 1.1895633427996062
516.6283314165709, 1.1891490164753113
516.6583329166458, 1.188734871080863
516.6883344167209, 1.1883209070368879
516.7183359167958, 1.1879071247631665
516.7483374168709, 1.187493524678633
516.7783389169458, 1.187080107201393
516.8083404170209, 1.1866668727487253
516.8383419170958, 1.1862538217370986
516.8683434171709, 1.1858409545821724
516.8983449172458, 1.185428271698816
516.9283464173209, 1.1850157735011075
516.9583479173959, 1.1846034604023516
516.9883494174709, 1.1841913328150873
517.0183509175458, 1.183779391151091
517.0483524176209, 1.183367635821391
517.078353917696, 1.182956067236279
517.1083554177709, 1.1825446858053177
517.1383569178458, 1.1821334919373438
517.1683584179209, 1.1817224860404845
517.198359917996, 1.1813116685221674
517.2283614180709, 1.1809010397891266
517.2583629181458, 1.1804906002474103
517.2883644182209, 1.1800803503023927
517.318365918296, 1.179670290358786
517.3483674183709, 1.179260420820646
517.3783689184459, 1.178850742091381
517.4083704185209, 1.1784412545737606
517.438371918596, 1.1780319586699313
517.4683734186709, 1.1776228547814203
517.4983749187459, 1.1772139433091435
517.5283764188209, 1.1768052246534162
517.558377918896, 1.1763966992139674
517.5883794189709, 1.1759883673899443
517.618380919046, 1.1755802295799176
517.6483824191209, 1.175172286181902
517.678383919196, 1.1747645375933526
517.7083854192709, 1.1743569842111865
517.738386919346, 1.1739496264317801
517.768388419421, 1.1735424646509902
517.798389919496, 1.1731354992641512
517.828391419571, 1.1727287306660967
517.858392919646, 1.1723221592511563
517.888394419721, 1.1719157854131774
517.918395919796, 1.1715096095455206
517.948397419871, 1.1711036320410848
517.978398919946, 1.1706978532922994
518.008400420021, 1.1702922736911492
518.038401920096, 1.16988689362917
518.068403420171, 1.1694817134974707
518.098404920246, 1.1690767336867285
518.128406420321, 1.1686719545872128
518.158407920396, 1.16826737658878
518.1884094204711, 1.1678630000808947
518.218410920546, 1.1674588254526324
518.248412420621, 1.167054853092688
518.278413920696, 1.166651083389386
518.3084154207711, 1.1662475167306932
518.338416920846, 1.1658441535042248
518.368418420921, 1.1654409940972505
518.398419920996, 1.1650380388967063
518.4284214210711, 1.1646352882892068
518.458422921146, 1.1642327426610497
518.488424421221, 1.1638304023982249
518.5184259212961, 1.163428267886423
518.5484274213711, 1.1630263395110492
518.5784289214461, 1.1626246176572292
518.608430421521, 1.1622231027098144
518.6384319215961, 1.161821795053394
518.6684334216711, 1.1614206950723063
518.6984349217461, 1.1610198031506465
518.7284364218211, 1.1606191196722682
518.7584379218961, 1.1602186450208056
518.7884394219711, 1.1598183795796668
518.8184409220461, 1.1594183237320592
518.8484424221211, 1.159018477860981
518.8784439221961, 1.1586188423492465
518.9084454222711, 1.158219417579479
518.9384469223461, 1.1578202039341354
518.9684484224211, 1.1574212017954988
518.9984499224961, 1.1570224115457022
519.0284514225712, 1.1566238335667232
519.0584529226461, 1.1562254682404063
519.0884544227212, 1.1558273159484573
519.1184559227961, 1.1554293770724655
519.1484574228712, 1.1550316519939001
519.1784589229461, 1.1546341410941294
519.2084604230212, 1.1542368447544191
519.2384619230961, 1.153839763355951
519.2684634231712, 1.15344289727982
519.2984649232462, 1.153046246907054
519.3284664233212, 1.152649812618616
519.3584679233961, 1.1522535947954107
519.3884694234712, 1.1518575938182951
519.4184709235462, 1.15146181006809
519.4484724236212, 1.1510662439255859
519.4784739236961, 1.1506708957715461
519.5084754237712, 1.1502757659867209
519.5384769238462, 1.1498808549518558
519.5684784239212, 1.149486163047699
519.5984799239961, 1.1490916906550044
519.6284814240712, 1.1486974381545447
519.6584829241463, 1.1483034059271207
519.6884844242212, 1.1479095943535667
519.7184859242961, 1.1475160038147565
519.7484874243712, 1.1471226346916132
519.7784889244463, 1.1467294873651204
519.8084904245212, 1.1463365622163266
519.8384919245963, 1.1459438596263496
519.8684934246712, 1.1455513799763937
519.8984949247463, 1.1451591236477459
519.9284964248212, 1.144767091021796
519.9584979248963, 1.1443752824800315
519.9884994249712, 1.1439836984040574
520.0185009250463, 1.1435923391755929
520.0485024251212, 1.1432012051764886
520.0785039251963, 1.142810296788725
520.1085054252712, 1.1424196143944294
520.1385069253463, 1.1420291583758726
520.1685084254212, 1.1416389291154883
520.1985099254963, 1.1412489269958686
520.2285114255712, 1.1408591523997822
520.2585129256463, 1.1404696057101713
520.2885144257212, 1.1400802873101696
520.3185159257963, 1.1396911975830983
520.3485174258713, 1.1393023369124844
520.3785189259463, 1.1389137056820569
520.4085204260214, 1.1385253042757635
520.4385219260963, 1.1381371330777734
520.4685234261713, 1.1377491924724823
520.4985249262463, 1.1373614828445198
520.5285264263214, 1.1369740045787626
520.5585279263963, 1.1365867580603355
520.5885294264713, 1.1361997436746174
520.6185309265463, 1.1358129618072494
520.6485324266214, 1.1354264128441454
520.6785339266963, 1.1350400971714958
520.7085354267713, 1.1346540151757714
520.7385369268463, 1.1342681672437314
520.7685384269214, 1.133882553762435
520.7985399269963, 1.1334971751192442
520.8285414270713, 1.1331120317018266
520.8585429271463, 1.132727123898165
520.8885444272214, 1.1323424520965686
520.9185459272963, 1.1319580166856724
520.9485474273714, 1.1315738180544435
520.9785489274464, 1.1311898565921936
521.0085504275214, 1.1308061326885774
521.0385519275964, 1.1304226467336067
521.0685534276714, 1.130039399117647
521.0985549277464, 1.1296563902314347
521.1285564278214, 1.129273620466071
521.1585579278964, 1.12889109021304
521.1885594279714, 1.1285087998642025
521.2185609280464, 1.1281267498118137
521.2485624281214, 1.127744940448517
521.2785639281964, 1.1273633721673617
521.3085654282714, 1.1269820453617965
521.3385669283464, 1.1266009604256877
521.3685684284214, 1.1262201177533118
521.3985699284964, 1.1258395177393732
521.4285714285714, 1.1254591607789988
521.4585729286464, 1.1250790472677534
521.4885744287214, 1.1246991776016344
521.5185759287965, 1.1243195521770875
521.5485774288715, 1.123940171391006
521.5785789289464, 1.1235610356407353
521.6085804290215, 1.1231821453240785
521.6385819290965, 1.1228035008393065
521.6685834291715, 1.1224251025851584
521.6985849292464, 1.122046950960844
521.7285864293215, 1.1216690463660526
521.7585879293965, 1.1212913892009588
521.7885894294715, 1.1209139798662253
521.8185909295464, 1.120536818763005
521.8485924296215, 1.1201599062929484
521.8785939296965, 1.1197832428582097
521.9085954297715, 1.1194068288614507
521.9385969298464, 1.1190306647058401
521.9685984299215, 1.1186547507950624
521.9985999299965, 1.1182790875333235
522.0286014300715, 1.117903675325354
522.0586029301465, 1.1175285145764067
522.0886044302215, 1.1171536056922733
522.1186059302966, 1.1167789490792746
522.1486074303715, 1.1164045451442777
522.1786089304466, 1.1160303942946872
522.2086104305215, 1.1156564969384615
522.2386119305966, 1.1152828534841044
522.2686134306715, 1.1149094643406798
522.2986149307466, 1.1145363299178064
522.3286164308215, 1.1141634506256688
522.3586179308966, 1.1137908268750132
522.3886194309715, 1.1134184590771596
522.4186209310466, 1.1130463476439956
522.4486224311215, 1.1126744929879901
522.4786239311966, 1.1123028955221859
522.5086254312715, 1.1119315556602127
522.5386269313466, 1.1115604738162808
522.5686284314215, 1.1111896504051935
522.5986299314966, 1.1108190858423412
522.6286314315716, 1.1104487805437113
522.6586329316466, 1.1100787349258894
522.6886344317215, 1.1097089494060566
522.7186359317966, 1.1093394244019978
522.7486374318717, 1.108970160332105
522.7786389319466, 1.1086011576153776
522.8086404320215, 1.108232416671422
522.8386419320966, 1.1078639379204578
522.8686434321717, 1.107495721783321
522.8986449322466, 1.1071277686814647
522.9286464323216, 1.1067600790369583
522.9586479323966, 1.1063926532724924
522.9886494324717, 1.106025491811383
523.0186509325466, 1.1056585950775712
523.0486524326216, 1.1052919634956229
523.0786539326966, 1.104925597490731
523.1086554327717, 1.1045594974887232
523.1386569328466, 1.1041936639160574
523.1686584329216, 1.1038280971998238
523.1986599329966, 1.103462797767746
523.2286614330717, 1.103097766048188
523.2586629331466, 1.10273300247015
523.2886644332217, 1.1023685074632685
523.3186659332966, 1.1020042814578237
523.3486674333717, 1.101640324884733
523.3786689334466, 1.1012766381755599
523.4086704335217, 1.1009132217625064
523.4386719335967, 1.1005500760784228
523.4686734336717, 1.1001872015567993
523.4986749337467, 1.0998245986317765
523.5286764338217, 1.099462267738135
523.5586779338967, 1.0991002093113071
523.5886794339717, 1.098738423787367
523.6186809340467, 1.0983769116030406
523.6486824341217, 1.0980156731956963
523.6786839341967, 1.0976547090033546
523.7086854342717, 1.0972940194646785
523.7386869343468, 1.0969336050189837
523.7686884344217, 1.0965734661062312
523.7986899344967, 1.0962136031670289
523.8286914345717, 1.0958540166426298
523.8586929346468, 1.0954947069749381
523.8886944347217, 1.095135674606503
523.9186959347967, 1.094776919980518
523.9486974348717, 1.0944184435408204
523.9786989349468, 1.0940602457318962
524.0087004350218, 1.0937023269988742
524.0387019350967, 1.0933446877875246
524.0687034351718, 1.0929873285442584
524.0987049352468, 1.092630249716131
524.1287064353218, 1.0922734517508377
524.1587079353967, 1.0919169350967102
524.1887094354718, 1.091560700202717
524.2187109355468, 1.0912047475184652
524.2487124356218, 1.0908490774941977
524.2787139356967, 1.0904936905807863
524.3087154357718, 1.0901385872297356
524.3387169358468, 1.0897837678931814
524.3687184359218, 1.0894292330238884
524.3987199359968, 1.0890749830752426
524.4287214360718, 1.0887210185012601
524.4587229361468, 1.0883673397565723
524.4887244362218, 1.088013947296437
524.5187259362968, 1.087660841576723
524.5487274363718, 1.0873080230539203
524.5787289364469, 1.086955492185126
524.6087304365218, 1.0866032494280533
524.6387319365969, 1.0862512952410153
524.6687334366718, 1.0858996300829378
524.6987349367469, 1.0855482544133415
524.7287364368218, 1.0851971686923525
524.7587379368969, 1.0848463733806863
524.7887394369718, 1.084495868939658
524.8187409370469, 1.0841456558311662
524.8487424371218, 1.0837957345177007
524.8787439371969, 1.0834461054623308
524.9087454372718, 1.0830967691287086
524.9387469373469, 1.082747725981058
524.9687484374219, 1.082398976484179
524.9987499374969, 1.0820505211034401
525.0287514375718, 1.0817023603047713
525.0587529376469, 1.081354494554664
525.088754437722, 1.0810069243201688
525.1187559377969, 1.0806596500688879
525.1487574378718, 1.0803126722689704
525.1787589379469, 1.0799659913891084
525.208760438022, 1.0796196078985365
525.2387619380969, 1.0792735222670244
525.2687634381718, 1.078927734964869
525.2987649382469, 1.0785822464628927
525.328766438322, 1.0782370572324418
525.3587679383969, 1.0778921677453783
525.3887694384719, 1.0775475784740718
525.4187709385469, 1.0772032898913988
525.448772438622, 1.0768593024707376
525.4787739386969, 1.0765156166859617
525.508775438772, 1.0761722330114316
525.5387769388469, 1.0758291519219958
525.568778438922, 1.0754863738929772
525.5987799389969, 1.0751438994001754
525.628781439072, 1.0748017289198541
525.6587829391469, 1.074459862928741
525.688784439222, 1.0741183019040155
525.7187859392969, 1.0737770463233094
525.748787439372, 1.0734360966646939
525.7787889394469, 1.0730954534066806
525.808790439522, 1.0727551170282066
525.838791939597, 1.0724150880086367
525.868793439672, 1.0720753668277496
525.898794939747, 1.0717359539657365
525.928796439822, 1.0713968499031896
525.958797939897, 1.0710580551210995
525.988799439972, 1.0707195701008445
526.018800940047, 1.0703813953241874
526.048802440122, 1.0700435312732632
526.0788039401971, 1.069705978430577
526.108805440272, 1.0693687372789942
526.138806940347, 1.0690318083017312
526.168808440422, 1.0686951919823486
526.1988099404971, 1.0683588888047482
526.228811440572, 1.0680228992531595
526.258812940647, 1.0676872238121327
526.288814440722, 1.0673518629665304
526.3188159407971, 1.0670168172015235
526.348817440872, 1.0666820870025797
526.378818940947, 1.066347672855454
526.408820441022, 1.06601357524618
526.4388219410971, 1.0656797946610665
526.468823441172, 1.065346331586686
526.498824941247, 1.0650131865098609
526.528826441322, 1.0646803599176602
526.5588279413971, 1.0643478522973924
526.5888294414721, 1.0640156641365914
526.6188309415471, 1.0636837959230077
526.6488324416221, 1.0633522481446032
526.6788339416971, 1.0630210212895361
526.7088354417721, 1.0626901158461592
526.7388369418471, 1.0623595323030002
526.7688384419221, 1.0620292711487624
526.7988399419971, 1.0616993328723043
526.8288414420721, 1.0613697179626418
526.8588429421471, 1.0610404269089253
526.8888444422221, 1.0607114602004417
526.9188459422971, 1.060382818326592
526.9488474423721, 1.0600545017768943
526.9788489424471, 1.0597265110409597
527.0088504425221, 1.0593988466084947
527.0388519425971, 1.0590715089692773
527.0688534426721, 1.058744498613161
527.0988549427472, 1.058417816030048
527.1288564428221, 1.0580914617098944
527.1588579428972, 1.0577654361426836
527.1888594429722, 1.0574397398184274
527.2188609430472, 1.0571143732271504
527.2488624431221, 1.0567893368588752
527.2788639431972, 1.056464631203613
527.3088654432722, 1.0561402567513558
527.3388669433472, 1.0558162139920628
527.3688684434221, 1.0554925034156435
527.3988699434972, 1.0551691255119504
527.4288714435722, 1.0548460807707696
527.4588729436472, 1.054523369681803
527.4888744437221, 1.0542009927346592
527.5188759437972, 1.0538789504188384
527.5488774438722, 1.0535572432237246
527.5788789439472, 1.0532358716385715
527.6088804440221, 1.052914836152485
527.6388819440972, 1.0525941372544163
527.6688834441723, 1.0522737754331462
527.6988849442472, 1.0519537511772765
527.7288864443223, 1.0516340649752074
527.7588879443972, 1.0513147173151363
527.7888894444723, 1.050995708685032
527.8188909445472, 1.050677039572635
527.8488924446223, 1.0503587104654306
527.8788939446972, 1.0500407218506465
527.9088954447723, 1.0497230742152293
527.9388969448472, 1.0494057680458406
527.9688984449223, 1.0490888038288333
527.9988999449972, 1.0487721820502467
528.0289014450723, 1.0484559031957834
528.0589029451472, 1.048139967750805
528.0889044452223, 1.0478243762003072
528.1189059452972, 1.047509129028915
528.1489074453723, 1.0471942267208594
528.1789089454472, 1.0468796697599734
528.2089104455223, 1.0465654586296638
528.2389119455972, 1.0462515938129102
528.2689134456723, 1.0459380757922379
528.2989149457474, 1.0456249050497124
528.3289164458223, 1.0453120820669204
528.3589179458972, 1.0449996073249515
528.3889194459723, 1.0446874813043867
528.4189209460474, 1.044375704485283
528.4489224461223, 1.0440642773471587
528.4789239461973, 1.0437532003689725
528.5089254462723, 1.0434424740291113
528.5389269463474, 1.0431320988053772
528.5689284464223, 1.042822075174967
528.5989299464973, 1.042512403614458
528.6289314465723, 1.042203084599789
528.6589329466474, 1.0418941186062507
528.6889344467223, 1.0415855061084636
528.7189359467973, 1.0412772475803629
528.7489374468723, 1.0409693434951812
528.7789389469474, 1.0406617943254342
528.8089404470223, 1.040354600542904
528.8389419470974, 1.0400477626186175
528.8689434471723, 1.0397412810228364
528.8989449472474, 1.0394351562250321
528.9289464473223, 1.0391293886938788
528.9589479473974, 1.038823978897224
528.9889494474724, 1.0385189273020838
529.0189509475474, 1.038214234374614
529.0489524476224, 1.0379099005801011
529.0789539476974, 1.0376059263829398
529.1089554477724, 1.0373023122466183
529.1389569478474, 1.0369990586336966
529.1689584479224, 1.0366961660057936
529.1989599479974, 1.0363936348235638
529.2289614480724, 1.0360914655466849
529.2589629481474, 1.0357896586338324
529.2889644482224, 1.0354882145426703
529.3189659482974, 1.0351871337298224
529.3489674483724, 1.0348864166508647
529.3789689484474, 1.0345860637602955
529.4089704485225, 1.034286075511527
529.4389719485974, 1.0339864523568614
529.4689734486724, 1.0336871947474706
529.4989749487474, 1.033388303133378
529.5289764488225, 1.0330897779634456
529.5589779488975, 1.032791619685347
529.5889794489724, 1.0324938287455514
529.6189809490475, 1.0321964055893016
529.6489824491225, 1.0318993506606011
529.6789839491975, 1.0316026644021885
529.7089854492724, 1.0313063472555197
529.7389869493475, 1.031010399660746
529.7689884494225, 1.030714822056702
529.7989899494975, 1.0304196148808762
529.8289914495724, 1.0301247785693968
529.8589929496475, 1.0298303135570075
529.8889944497225, 1.0295362202770528
529.9189959497975, 1.0292424991614562
529.9489974498724, 1.028949150640694
529.9789989499475, 1.0286561751437815
530.0090004500225, 1.0283635730982512
530.0390019500975, 1.028071344930133
530.0690034501725, 1.027779491063927
530.0990049502475, 1.0274880119225944
530.1290064503225, 1.027196907927523
530.1590079503975, 1.0269061794985208
530.1890094504726, 1.0266158270537806
530.2190109505475, 1.0263258510098723
530.2490124506226, 1.0260362517817097
530.2790139506975, 1.0257470297825406
530.3090154507726, 1.0254581854239135
530.3390169508475, 1.0251697191156701
530.3690184509226, 1.0248816312659086
530.3990199509975, 1.0245939222809766
530.4290214510726, 1.0243065925654378
530.4590229511475, 1.024019642522058
530.4890244512226, 1.0237330725517786
530.5190259512976, 1.023446883053699
530.5490274513726, 1.023161074425052
530.5790289514475, 1.0228756470611806
530.6090304515226, 1.0225906013555164
530.6390319515976, 1.0223059376995627
530.6690334516726, 1.0220216564828664
530.6990349517475, 1.0217377580929954
530.7290364518226, 1.0214542429155187
530.7590379518977, 1.0211711113339856
530.7890394519726, 1.0208883637299009
530.8190409520475, 1.0206060004827004
530.8490424521226, 1.02032402196973
530.8790439521977, 1.0200424285662262
530.9090454522726, 1.0197612206452893
530.9390469523476, 1.01948039857786
530.9690484524226, 1.0191999627326989
530.9990499524977, 1.0189199134763625
531.0290514525726, 1.0186402511731834
531.0590529526476, 1.0183609761852397
531.0890544527226, 1.0180820888723365
531.1190559527977, 1.0178035895919861
531.1490574528726, 1.0175254786993788
531.1790589529477, 1.0172477565473599
531.2090604530226, 1.0169704234864112
531.2390619530977, 1.0166934798646214
531.2690634531726, 1.0164169260276679
531.2990649532477, 1.0161407623187886
531.3290664533226, 1.0158649890787628
531.3590679533977, 1.0155896066458816
531.3890694534726, 1.015314615355932
531.4190709535477, 1.0150400155421635
531.4490724536226, 1.014765807535274
531.4790739536977, 1.014491991663377
531.5090754537727, 1.0142185682519853
531.5390769538477, 1.0139455376239808
531.5690784539227, 1.013672900099595
531.5990799539977, 1.0134006559963797
531.6290814540727, 1.0131288056291896
531.6590829541477, 1.012857349310151
531.6890844542227, 1.0125862873486433
531.7190859542977, 1.0123156200512702
531.7490874543728, 1.0120453477218376
531.7790889544477, 1.0117754706613313
531.8090904545227, 1.0115059891678861
531.8390919545977, 1.0112369035367665
531.8690934546728, 1.0109682140603413
531.8990949547477, 1.0106999210280594
531.9290964548227, 1.0104320247264225
531.9590979548977, 1.0101645254389602
531.9890994549728, 1.0098974234462115
532.0191009550477, 1.009630719025694
532.0491024551227, 1.009364412451879
532.0791039551978, 1.0090985039961686
532.1091054552728, 1.0088329939268728
532.1391069553478, 1.008567882509181
532.1691084554227, 1.0083031700051386
532.1991099554978, 1.0080388566736194
532.2291114555728, 1.0077749427703067
532.2591129556478, 1.0075114285476636
532.2891144557228, 1.0072483142549062
532.3191159557978, 1.0069856001379849
532.3491174558728, 1.0067232864395512
532.3791189559478, 1.0064613733989434
532.4091204560228, 1.0061998612521459
532.4391219560978, 1.0059387502317814
532.4691234561728, 1.0056780405670707
532.4991249562478, 1.0054177324838198
532.5291264563228, 1.0051578262043837
532.5591279563978, 1.0048983219476497
532.5891294564728, 1.004639219929006
532.6191309565478, 1.0043805203603213
532.6491324566229, 1.0041222234499156
532.6791339566978, 1.0038643294025376
532.7091354567729, 1.003606838419336
532.7391369568478, 1.00334975069784
532.7691384569229, 1.0030930664319249
532.7991399569978, 1.0028367858117977
532.8291414570729, 1.002580909023961
532.8591429571479, 1.002325436251196
532.8891444572229, 1.0020703676725324
532.9191459572978, 1.0018157034632245
532.9491474573729, 1.0015614437947231
532.9791489574479, 1.0013075888346559
533.0091504575229, 1.0010541387467984
533.0391519575978, 1.0008010936910454
533.0691534576729, 1.000548453823391
533.0991549577479, 1.0002962192959024
533.1291564578229, 1.0000443902566916
533.1591579578978, 0.999792966849891
533.1891594579729, 0.9995419492156286
533.219160958048, 0.9992913374900034
533.2491624581229, 0.9990411318050603
533.2791639581978, 0.99879133228876
533.3091654582729, 0.998541939064959
533.339166958348, 0.9982929522533837
533.3691684584229, 0.9980443719696028
533.399169958498, 0.9977961983250018
533.4291714585729, 0.9975484314267616
533.459172958648, 0.997301071377826
533.4891744587229, 0.9970541182768871
533.519175958798, 0.9968075722183475
533.5491774588729, 0.9965614332923064
533.579178958948, 0.9963157015845266
533.6091804590229, 0.9960703771764144
533.639181959098, 0.9958254601449895
533.6691834591729, 0.9955809505628661
533.699184959248, 0.9953368484982208
533.7291864593229, 0.9950931540147753
533.759187959398, 0.9948498671717629
533.7891894594729, 0.9946069880239122
533.819190959548, 0.9943645166214137
533.8491924596229, 0.9941224530099027
533.879193959698, 0.9938807972304283
533.909195459773, 0.993639549319434
533.939196959848, 0.9933987093087271
533.9691984599231, 0.9931582772254581
533.999199959998, 0.9929182530920965
534.029201460073, 0.9926786369264017
534.059202960148, 0.992439428741403
534.0892044602231, 0.9922006285453729
534.119205960298, 0.9919622363418054
534.149207460373, 0.9917242521293862
534.179208960448, 0.9914866759019716
534.2092104605231, 0.991249507648566
534.239211960598, 0.991012747353297
534.269213460673, 0.9907763949953863
534.299214960748, 0.9905404505491293
534.3292164608231, 0.9903049139838759
534.359217960898, 0.9900697852639972
534.389219460973, 0.9898350643488687
534.419220961048, 0.9896007511928404
534.4492224611231, 0.9893668457452212
534.479223961198, 0.9891333479502471
534.5092254612731, 0.9889002577470617
534.539226961348, 0.9886675750696946
534.5692284614231, 0.9884352998470305
534.599229961498, 0.9882034320027965
534.6292314615731, 0.987971971455527
534.6592329616481, 0.9877409181185518
534.6892344617231, 0.987510271899965
534.7192359617981, 0.9872800327026052
534.7492374618731, 0.9870502004240328
534.7792389619481, 0.986820774956505
534.8092404620231, 0.9865917561869563
534.8392419620981, 0.9863631439969728
534.8692434621731, 0.986134938262773
534.8992449622481, 0.9859071388551804
534.9292464623231, 0.9856797456396066
534.9592479623981, 0.9854527584760262
534.9892494624731, 0.985226177218953
535.0192509625481, 0.9850000017174242
535.0492524626231, 0.9847742318149701
535.0792539626982, 0.9845488673496001
535.1092554627731, 0.9843239081537751
535.1392569628481, 0.9840993540543914
535.1692584629232, 0.9838752048727517
535.1992599629982, 0.983651460424553
535.2292614630732, 0.9834281205198597
535.2592629631481, 0.9832051849630815
535.2892644632232, 0.982982653552956
535.3192659632982, 0.982760526082528
535.3492674633732, 0.9825388023391273
535.3792689634481, 0.9823174821043467
535.4092704635232, 0.9820965651540212
535.4392719635982, 0.9818760512582159
535.4692734636732, 0.9816559401811963
535.4992749637481, 0.981436231681411
535.5292764638232, 0.9812169255114744
535.5592779638982, 0.9809980214181433
535.5892794639732, 0.9807795191423037
535.6192809640482, 0.9805614184189418
535.6492824641232, 0.9803437189771358
535.6792839641982, 0.9801264205400257
535.7092854642732, 0.9799095228248056
535.7392869643483, 0.9796930255426933
535.7692884644232, 0.9794769283989251
535.7992899644983, 0.9792612310927232
535.8292914645732, 0.9790459333172892
535.8592929646483, 0.9788310347597791
535.8892944647232, 0.9786165351012882
535.9192959647983, 0.9784024340168324
535.9492974648732, 0.9781887311753329
535.9792989649483, 0.9779754262395943
536.0093004650232, 0.9777625188662937
536.0393019650983, 0.9775500087059568
536.0693034651732, 0.977337895402948
536.0993049652483, 0.9771261785954478
536.1293064653232, 0.9769148579154403
536.1593079653983, 0.9767039329886962
536.1893094654733, 0.9764934034347559
536.2193109655483, 0.9762832688669151
536.2493124656232, 0.9760735288922078
536.2793139656983, 0.975864183111391
536.3093154657734, 0.97565523111893
536.3393169658483, 0.9754466725029877
536.3693184659232, 0.9752385068453989
536.3993199659983, 0.9750307337216673
536.4293214660734, 0.9748233527009456
536.4593229661483, 0.9746163633460238
536.4893244662233, 0.9744097652133102
536.5193259662983, 0.9742035578528252
536.5493274663734, 0.9739977408081824
536.5793289664483, 0.9737923136165794
536.6093304665233, 0.9735872758087804
536.6393319665983, 0.9733826269091077
536.6693334666734, 0.9731783664354264
536.6993349667483, 0.972974493899136
536.7293364668233, 0.972771008805153
536.7593379668983, 0.9725679106519033
536.7893394669734, 0.9723651989313101
536.8193409670483, 0.972162873128783
536.8493424671234, 0.9719609327232045
536.8793439671983, 0.9717593771869227
536.9093454672734, 0.971558205985739
536.9393469673483, 0.9713574185789009
536.9693484674234, 0.9711570144190845
536.9993499674983, 0.9709569929523962
537.0293514675734, 0.9707573536183531
537.0593529676484, 0.9705580958498832
537.0893544677234, 0.9703592190733068
537.1193559677984, 0.9701607227083372
537.1493574678734, 0.9699626061680664
537.1793589679484, 0.9697648688589606
537.2093604680234, 0.9695675101808524
537.2393619680984, 0.9693705295269308
537.2693634681734, 0.9691739262837383
537.2993649682485, 0.96897769983116
537.3293664683234, 0.9687818495424221
537.3593679683984, 0.9685863747840825
537.3893694684734, 0.9683912749160244
537.4193709685485, 0.9681965492914548
537.4493724686234, 0.9680021972568974
537.4793739686984, 0.9678082181521854
537.5093754687734, 0.9676146113104594
537.5393769688485, 0.9674213760581674
537.5693784689234, 0.9672285117150525
537.5993799689984, 0.967036017594158
537.6293814690735, 0.9668438930018162
537.6593829691485, 0.9666521372376541
537.6893844692235, 0.9664607495945851
537.7193859692984, 0.9662697293588086
537.7493874693735, 0.9660790758098095
537.7793889694485, 0.965888788220355
537.8093904695235, 0.9656988658564957
537.8393919695984, 0.9655093079775666
537.8693934696735, 0.965320113836178
537.8993949697485, 0.9651312826782305
537.9293964698235, 0.9649428137429004
537.9593979698985, 0.9647547062626508
537.9893994699735, 0.9645669594632301
538.0194009700485, 0.9643795725636719
538.0494024701235, 0.9641925447763011
538.0794039701985, 0.9640058753067294
538.1094054702735, 0.9638195633538675
538.1394069703485, 0.9636336081099217
538.1694084704235, 0.963448008760399
538.1994099704986, 0.9632627644841134
538.2294114705735, 0.9630778744531887
538.2594129706486, 0.9628933378330619
538.2894144707235, 0.9627091537824928
538.3194159707986, 0.962525321453565
538.3494174708735, 0.9623418399916988
538.3794189709486, 0.9621587085356474
538.4094204710235, 0.9619759262175174
538.4394219710986, 0.9617934921627626
538.4694234711735, 0.9616114054902046
538.4994249712486, 0.9614296653120297
538.5294264713236, 0.9612482707338061
538.5594279713986, 0.9610672208544943
538.5894294714735, 0.9608865147664447
538.6194309715486, 0.9607061515554238
538.6494324716236, 0.9605261303006142
538.6794339716986, 0.9603464500746296
538.7094354717735, 0.9601671099435268
538.7394369718486, 0.9599881089668152
538.7694384719236, 0.9598094461974718
538.7994399719986, 0.9596311206819564
538.8294414720735, 0.9594531314602215
538.8594429721486, 0.9592754775657255
538.8894444722237, 0.95909815802545
538.9194459722986, 0.9589211718599183
538.9494474723735, 0.9587445180832028
538.9794489724486, 0.958568195702945
539.0094504725237, 0.9583922037203773
539.0394519725986, 0.9582165411303332
539.0694534726737, 0.9580412069212644
539.0994549727486, 0.9578662000752669
539.1294564728237, 0.9576915195680931
539.1594579728986, 0.9575171643691719
539.1894594729737, 0.9573431334416297
539.2194609730486, 0.9571694257423119
539.2494624731237, 0.9569960402218008
539.2794639731986, 0.9568229758244436
539.3094654732737, 0.9566502314883623
539.3394669733486, 0.9564778061454909
539.3694684734237, 0.9563056987215874
539.3994699734986, 0.9561339081362631
539.4294714735737, 0.9559624333030069
539.4594729736486, 0.9557912731292075
539.4894744737237, 0.9556204265161782
539.5194759737986, 0.9554498923591919
539.5494774738737, 0.9552796695474937
539.5794789739487, 0.955109756964339
539.6094804740237, 0.9549401534870205
539.6394819740988, 0.9547708579868881
539.6694834741737, 0.9546018693293903
539.6994849742487, 0.9544331863740966
539.7294864743237, 0.9542648079747237
539.7594879743988, 0.9540967329791797
539.7894894744737, 0.9539289602295852
539.8194909745487, 0.953761488562306
539.8494924746237, 0.9535943168079922
539.8794939746988, 0.9534274437916045
539.9094954747737, 0.9532608683324557
539.9394969748487, 0.9530945892442394
539.9694984749237, 0.9529286053350678
539.9994999749988, 0.9527629154075083
540.0295014750737, 0.9525975182586237
540.0595029751487, 0.9524324126800033
540.0895044752237, 0.9522675974578027
540.1195059752988, 0.952103071372785
540.1495074753738, 0.951938833200363
540.1795089754488, 0.9517748817106326
540.2095104755238, 0.9516112156684183
540.2395119755988, 0.9514478338333143
540.2695134756738, 0.951284734959728
540.2995149757488, 0.9511219177969182
540.3295164758238, 0.9509593810890464
540.3595179758988, 0.9507971235752142
540.3895194759738, 0.9506351439895157
540.4195209760488, 0.950473441061078
540.4495224761238, 0.9503120135141095
540.4795239761988, 0.9501508600679495
540.5095254762738, 0.9499899794371146
540.5395269763488, 0.9498293703313452
540.5695284764238, 0.9496690314556645
540.5995299764988, 0.9495089615104179
540.6295314765738, 0.9493491591913334
540.6595329766488, 0.9491896231895633
540.6895344767238, 0.9490303521917534
540.7195359767989, 0.9488713448800765
540.7495374768739, 0.9487125999323076
540.7795389769489, 0.9485541160218646
540.8095404770238, 0.9483958918178665
540.8395419770989, 0.9482379259851955
540.8695434771739, 0.9480802171845577
540.8995449772489, 0.9479227640725267
540.9295464773238, 0.9477655653016186
540.9595479773989, 0.947608619520344
540.9895494774739, 0.947451925373278
541.0195509775489, 0.9472954815011052
541.0495524776238, 0.9471392865407007
541.0795539776989, 0.9469833391251825
541.1095554777739, 0.9468276378839843
541.1395569778489, 0.9466721814429114
541.1695584779238, 0.9465169684242141
541.1995599779989, 0.9463619974466536
541.229561478074, 0.9462072671255694
541.2595629781489, 0.946052776072946
541.289564478224, 0.9458985228974879
541.3195659782989, 0.9457445062046859
541.349567478374, 0.9455907245968885
541.3795689784489, 0.9454371766733815
541.409570478524, 0.9452838610304508
541.4395719785989, 0.9451307762614668
541.469573478674, 0.9449779209569545
541.4995749787489, 0.944825293704668
541.529576478824, 0.9446728930896744
541.5595779788989, 0.9445207176944266
541.589579478974, 0.9443687660988442
541.6195809790489, 0.9442170368803969
541.649582479124, 0.9440655286141757
541.6795839791989, 0.9439142398729873
541.709585479274, 0.94376316922743
541.7395869793489, 0.9436123152459827
541.769588479424, 0.9434616764950802
541.7995899794989, 0.9433112515392126
541.829591479574, 0.9431610389410009
541.859592979649, 0.9430110372612938
541.889594479724, 0.9428612450592524
541.9195959797989, 0.9427116608924384
541.949597479874, 0.9425622833169116
541.9795989799491, 0.9424131108873173
542.009600480024, 0.9422641421569802
542.039601980099, 0.9421153756779997
542.069603480174, 0.9419668100013473
542.0996049802491, 0.9418184436769578
542.129606480324, 0.9416702752538353
542.159607980399, 0.9415223032801399
542.189609480474, 0.9413745263032994
542.2196109805491, 0.9412269428701034
542.249612480624, 0.9410795515268084
542.279613980699, 0.9409323508192374
542.309615480774, 0.940785339292886
542.3396169808491, 0.940638515493031
542.369618480924, 0.9404918779648302
542.3996199809991, 0.9403454252534343
542.429621481074, 0.9401991559040963
542.4596229811491, 0.9400530684622804
542.489624481224, 0.9399071614737717
542.5196259812991, 0.9397614334847859
542.549627481374, 0.9396158830420943
542.5796289814491, 0.9394705086931197
542.609630481524, 0.9393253089860731
542.6396319815991, 0.9391802824700495
542.669633481674, 0.9390354276951692
542.6996349817491, 0.9388907432126727
542.7296364818241, 0.9387462275750603
542.7596379818991, 0.9386018793362063
542.7896394819741, 0.9384576970514805
542.8196409820491, 0.9383136792778747
542.8496424821241, 0.9381698245741302
542.8796439821991, 0.9380261315008597
542.9096454822741, 0.9378825986206781
542.9396469823491, 0.9377392244983374
542.9696484824242, 0.9375960077008438
542.9996499824991, 0.9374529467976009
543.0296514825741, 0.93731004036054
543.0596529826491, 0.9371672869642527
543.0896544827242, 0.9370246851861258
543.1196559827991, 0.9368822336064866
543.1496574828741, 0.9367399308087289
543.1796589829491, 0.9365977753794589
543.2096604830242, 0.9364557659086369
543.2396619830992, 0.9363139009897236
543.2696634831741, 0.936172179219814
543.2996649832492, 0.9360305991997873
543.3296664833242, 0.9358891595344552
543.3596679833992, 0.9357478588327074
543.3896694834741, 0.9356066957076619
543.4196709835492, 0.9354656687768161
543.4496724836242, 0.9353247766621964
543.4796739836992, 0.9351840179905142
543.5096754837741, 0.9350433913933167
543.5396769838492, 0.9349028955071519
543.5696784839242, 0.9347625289737138
543.5996799839992, 0.9346222904400139
543.6296814840742, 0.9344821785585279
543.6596829841492, 0.934342191987376
543.6896844842242, 0.934202329390468
543.7196859842992, 0.9340625894376786
543.7496874843742, 0.9339229708050143
543.7796889844492, 0.9337834721747748
543.8096904845243, 0.9336440922357254
543.8396919845992, 0.9335048296832743
543.8696934846743, 0.9333656832196332
543.8996949847492, 0.9332266515539983
543.9296964848243, 0.9330877334027287
543.9596979848992, 0.9329489274895157
543.9896994849743, 0.9328102325455637
544.0197009850492, 0.9326716473097781
544.0497024851243, 0.9325331705289315
544.0797039851993, 0.9323948009578634
544.1097054852743, 0.9322565373596564
544.1397069853492, 0.9321183785058174
544.1697084854243, 0.9319803231764798
544.1997099854993, 0.9318423701605837
544.2297114855743, 0.9317045182560624
544.2597129856492, 0.9315667662700476
544.2897144857243, 0.9314291130190553
544.3197159857993, 0.931291557329186
544.3497174858743, 0.9311540980363188
544.3797189859492, 0.9310167339863122
544.4097204860243, 0.9308794640352104
544.4397219860994, 0.930742287049434
544.4697234861743, 0.9306052019059997
544.4997249862492, 0.9304682074927112
544.5297264863243, 0.9303313027083797
544.5597279863994, 0.9301944864630236
544.5897294864743, 0.9300577576780926
544.6197309865493, 0.9299211152866599
544.6497324866243, 0.9297845582336601
544.6797339866994, 0.9296480854760908
544.7097354867743, 0.9295116959832356
544.7397369868494, 0.9293753887368862
544.7697384869243, 0.9292391627315558
544.7997399869994, 0.9291030169747104
544.8297414870743, 0.9289669504869991
544.8597429871494, 0.9288309623024646
544.8897444872243, 0.9286950514687897
544.9197459872994, 0.9285592170475171
544.9497474873743, 0.9284234581142844
544.9797489874494, 0.9282877737590646
545.0097504875243, 0.9281521630863897
545.0397519875994, 0.9280166252156052
545.0697534876743, 0.9278811592810994
545.0997549877494, 0.9277457644325418
545.1297564878244, 0.9276104398351431
545.1597579878994, 0.9274751846698834
545.1897594879744, 0.927339998133768
545.2197609880494, 0.92720487944008
545.2497624881244, 0.9270698278186262
545.2797639881994, 0.9269348425159916
545.3097654882745, 0.9267999227957993
545.3397669883494, 0.9266650679389593
545.3697684884244, 0.9265302772439347
545.3997699884994, 0.9263955500270072
545.4297714885745, 0.9262608856225243
545.4597729886494, 0.9261262833831858
545.4897744887244, 0.9259917426802937
545.5197759887994, 0.9258572629040291
545.5497774888745, 0.9257228434637222
545.5797789889494, 0.92558848378813
545.6097804890244, 0.9254541833257042
545.6397819890994, 0.9253199415448757
545.6697834891745, 0.9251857579343276
545.6997849892495, 0.9250516320032832
545.7297864893244, 0.9249175632817899
545.7597879893995, 0.9247835513209945
545.7897894894745, 0.9246495956934497
545.8197909895495, 0.9245156959933853
545.8497924896245, 0.9243818518370118
545.8797939896995, 0.9242480628628145
545.9097954897745, 0.9241143287318444
545.9397969898495, 0.9239806491280216
545.9697984899245, 0.923847023758436
545.9997999899995, 0.9237134523536509
546.0298014900745, 0.9235799346680026
546.0598029901495, 0.9234464704799132
546.0898044902245, 0.923313059592206
546.1198059902995, 0.923179701832401
546.1498074903745, 0.9230463970530484
546.1798089904495, 0.9229131451320336
546.2098104905245, 0.9227799459728909
546.2398119905995, 0.9226467995051479
546.2698134906746, 0.9225137056846192
546.2998149907495, 0.9223806644937499
546.3298164908246, 0.9222476759419457
546.3598179908995, 0.9221147400658881
546.3898194909746, 0.921981856929884
546.4198209910496, 0.9218490266261895
546.4498224911246, 0.9217162492753515
546.4798239911995, 0.92158352502655
546.5098254912746, 0.9214508540579288
546.5398269913496, 0.9213182365769561
546.5698284914246, 0.9211856728207608
546.5998299914995, 0.9210531630564842
546.6298314915746, 0.920920707581634
546.6598329916496, 0.9207883067244363
546.6898344917246, 0.920655960844188
546.7198359917995, 0.9205236703316307
546.7498374918746, 0.9203914356092892
546.7798389919496, 0.9202592571318607
546.8098404920246, 0.9201271353865634
546.8398419920995, 0.9199950708935083
546.8698434921746, 0.9198630642060842
546.8998449922497, 0.9197311159113121
546.9298464923246, 0.9195992266302341
546.9598479923997, 0.9194673970182924
546.9898494924746, 0.9193356277657059
547.0198509925497, 0.9192039195978599
547.0498524926246, 0.9190722732756899
547.0798539926997, 0.9189406895960676
547.1098554927746, 0.9188091693922085
547.1398569928497, 0.918677713534044
547.1698584929246, 0.9185463229286397
547.1998599929997, 0.9184149985205785
547.2298614930746, 0.9182837412923774
547.2598629931497, 0.9181525522648887
547.2898644932246, 0.9180214324976972
547.3198659932997, 0.9178903830895534
547.3498674933746, 0.9177594051787663
547.3798689934497, 0.9176284999436327
547.4098704935246, 0.9174976686028415
547.4398719935997, 0.9173669124159195
547.4698734936746, 0.9172362326836295
547.4998749937497, 0.9171056307484221
547.5298764938248, 0.9169751079948454
547.5598779938997, 0.916844665849992
547.5898794939746, 0.9167143057839289
547.6198809940497, 0.9165840293101295
547.6498824941248, 0.9164538379859358
547.6798839941997, 0.9163237334129825
547.7098854942747, 0.9161937172376482
547.7398869943497, 0.9160637911515135
547.7698884944248, 0.9159339568918159
547.7998899944997, 0.9158042162418861
547.8298914945747, 0.9156745710316294
547.8598929946497, 0.915545023137973
547.8898944947248, 0.9154155744853385
547.9198959947997, 0.9152862270461113
547.9498974948747, 0.9151569828411071
547.9798989949497, 0.9150278439400309
548.0099004950248, 0.9148988124619936
548.0399019950997, 0.9147698905759478
548.0699034951748, 0.914641080501195
548.0999049952497, 0.9145123845078772
548.1299064953248, 0.9143838049174355
548.1599079953997, 0.9142553441031401
548.1899094954748, 0.9141270044905561
548.2199109955498, 0.9139987885580536
548.2499124956248, 0.9138706988373116
548.2799139956998, 0.9137427379138265
548.3099154957748, 0.913614908427391
548.3399169958498, 0.9134872130726454
548.3699184959248, 0.9133596545995613
548.3999199959998, 0.913232235813977
548.4299214960748, 0.9131049595781103
548.4599229961498, 0.9129778288110745
548.4899244962248, 0.9128508464894208
548.5199259962998, 0.9127240156476583
548.5499274963748, 0.912597339378787
548.5799289964498, 0.9124708208348419
548.6099304965248, 0.9123444632274263
548.6399319965999, 0.912218269828255
548.6699334966748, 0.912092243969703
548.6999349967498, 0.9119663890453594
548.7299364968248, 0.911840708510568
548.7599379968999, 0.9117152058829951
548.7899394969749, 0.9115898847431927
548.8199409970498, 0.9114647487351463
548.8499424971249, 0.911339801566856
548.8799439971999, 0.9112150470108956
548.9099454972749, 0.9110904889050043
548.9399469973498, 0.9109661311526386
548.9699484974249, 0.9108419777235719
548.9999499974999, 0.9107180326544702
549.0299514975749, 0.910594300049482
549.0599529976498, 0.9104707840808308
549.0899544977249, 0.910347488989408
549.1199559977999, 0.9102244190853686
549.1499574978749, 0.910101578748733
549.1799589979499, 0.9099789724300031
549.2099604980249, 0.909856604650752
549.2399619981, 0.9097344800042543
549.2699634981749, 0.9096126031560918
549.29996499825, 0.9094909788447731
549.3299664983249, 0.9093696118823614
549.3599679984, 0.9092485071551095
549.3899694984749, 0.9091276696240695
549.41997099855, 0.9090071043257406
549.4499724986249, 0.9088868163727052
549.4799739987, 0.9087668109542736
549.5099754987749, 0.9086470933371266
549.53997699885, 0.9085276688659659
549.5699784989249, 0.9084085429641602
549.599979999, 0.9082897211344124
549.6299814990749, 0.9081712089594229
549.65998299915, 0.9080530121025346
549.6899844992249, 0.9079351363084295
549.7199859993, 0.9078175874037684
549.749987499375, 0.9077003712978973
549.77998899945, 0.90758349398351
549.8099904995249, 0.9074669615373322
549.8399919996, 0.9073507801208309
549.869993499675, 0.9072349559808636
549.89999499975, 0.9071194954504246
549.9299964998249, 0.9070044049493038
549.9599979999, 0.9068896909848033
549.989999499975, 0.9067753601524736
550.02000100005, 0.9066614191367636
550.050002500125, 0.9065478747118051
550.0800040002, 0.9064347337420832
550.1100055002751, 0.9063220031831835
550.14000700035, 0.9062096900825123
550.170008500425, 0.9060978015800335
550.2000100005, 0.9059863449090034
550.2300115005751, 0.9058753273966985
550.26001300065, 0.9057647564651877
550.290014500725, 0.9056546396320596
550.3200160008, 0.9055449845111755
550.3500175008751, 0.9054357988134412
550.38001900095, 0.9053270903475485
550.4100205010251, 0.9052188670207658
550.4400220011, 0.9051111368396849
550.4700235011751, 0.9050039079110014
550.50002500125, 0.9048971884423077
550.5300265013251, 0.9047909867428575
550.5600280014, 0.904685311224357
550.5900295014751, 0.9045801704017717
550.62003100155, 0.904475572894094
550.6500325016251, 0.9043715274251799
550.6800340017, 0.9042680428245135
550.7100355017751, 0.9041651280280532
550.74003700185, 0.9040627920790194
550.7700385019251, 0.9039610441287175
550.8000400020001, 0.903859893437381
550.8300415020751, 0.9037593493749699
550.8600430021502, 0.9036594214220172
550.8900445022251, 0.9035601191704656
550.9200460023001, 0.9034614523245053
550.9500475023751, 0.9033634307014167
550.9800490024502, 0.903266064232421
551.0100505025251, 0.9031693629635504
551.0400520026001, 0.903073337056474
551.0700535026751, 0.9029779967893968
551.1000550027502, 0.9028833525579071
551.1300565028251, 0.902789414875849
551.1600580029001, 0.9026961943762218
551.1900595029751, 0.902603701812035
551.2200610030502, 0.9025119480572068
551.2500625031252, 0.9024209441074698
551.2800640032001, 0.902330701081234
551.3100655032752, 0.902241230220535
551.3400670033502, 0.9021525428919019
551.3700685034252, 0.9020646505872747
551.4000700035001, 0.9019775649249498
551.4300715035752, 0.9018912976504542
551.4600730036502, 0.901805860637513
551.4900745037252, 0.9017212658889583
551.5200760038002, 0.9016375255376751
551.5500775038752, 0.9015546518475327
551.5800790039502, 0.901472657214331
551.6100805040252, 0.901391554166764
551.6400820041002, 0.9013113553673677
551.6700835041752, 0.9012320736134758
551.7000850042502, 0.9011537218381857
551.7300865043252, 0.9010763131113443
551.7600880044002, 0.9009998606405062
551.7900895044752, 0.90092437777193
551.8200910045502, 0.9008498779915458
551.8500925046252, 0.9007763749259691
551.8800940047003, 0.9007038823434772
551.9100955047752, 0.9006324141550309
551.9400970048503, 0.9005619844152565
551.9700985049252, 0.9004926073234825
552.0001000050003, 0.9004242972247462
552.0301015050752, 0.9003570686108096
552.0601030051503, 0.9002909361212129
552.0901045052253, 0.9002259145442703
552.1201060053003, 0.9001620188181432
552.1501075053752, 0.9000992640318602
552.1801090054503, 0.9000376654263849
552.2101105055253, 0.8999772383956489
552.2401120056003, 0.8999179984876503
552.2701135056752, 0.8998599614054706
552.3001150057503, 0.8998031430083872
552.3301165058253, 0.8997475593129208
552.3601180059003, 0.8996932264939376
552.3901195059752, 0.8996401608857286
552.4201210060503, 0.8995883789831042
552.4501225061254, 0.8995378974425009
552.4801240062003, 0.8994887330830642
552.5101255062752, 0.8994409028877827
552.5401270063503, 0.8993944240045864
552.5701285064254, 0.8993493137474876
552.6001300065003, 0.8993055895976886
552.6301315065754, 0.8992632692047255
552.6601330066503, 0.8992223703875979
552.6901345067254, 0.8991829111359151
552.7201360068003, 0.8991449096110851
552.7501375068754, 0.8991083841473783
552.7801390069503, 0.8990733532532014
552.8101405070254, 0.8990398356121697
552.8401420071003, 0.8990078500843471
552.8701435071754, 0.8989774157073774
552.9001450072503, 0.8989485516977224
552.9301465073254, 0.8989212774517901
552.9601480074003, 0.8988956125471844
552.9901495074754, 0.8988715767438745
553.0201510075503, 0.8988491899854251
553.0501525076254, 0.8988284724002006
553.0801540077003, 0.8988094443025901
553.1101555077754, 0.8987921261942379
553.1401570078503, 0.8987765387652615
553.1701585079254, 0.8987627028955136
553.2001600080005, 0.898750639655812
553.2301615080754, 0.8987403703091827
553.2601630081504, 0.8987319163121579
553.2901645082254, 0.8987252993159842
553.3201660083005, 0.8987205411679391
553.3501675083754, 0.8987176639125876
553.3801690084504, 0.8987166897930448
553.4101705085254, 0.8987176412523273
553.4401720086005, 0.8987205409345775
553.4701735086754, 0.8987254116864024
553.5001750087504, 0.8987322765581852
553.5301765088254, 0.89874115880538
553.5601780089005, 0.8987520818898483
553.5901795089754, 0.8987650694811831
553.6201810090504, 0.8987801454580331
553.6501825091254, 0.898797333909451
553.6801840092005, 0.898816659136256
553.7101855092754, 0.8988381456523543
553.7401870093505, 0.8988618181861169
553.7701885094255, 0.8988877016817487
553.8001900095005, 0.8989158213006606
553.8301915095755, 0.8989462024228491
553.8601930096505, 0.8989788706482691
553.8901945097255, 0.8990138517982477
553.9201960098005, 0.8990511719168682
553.9501975098755, 0.8990908572723876
553.9801990099505, 0.8991329343586485
554.0102005100255, 0.8991774298964801
554.0402020101005, 0.8992243708351606
554.0702035101755, 0.8992737843538166
554.1002050102505, 0.8993256978628846
554.1302065103255, 0.8993801390055438
554.1602080104005, 0.8994371356592001
554.1902095104755, 0.8994967159368976
554.2202110105505, 0.8995589081888432
554.2502125106255, 0.8996237410038116
554.2802140107005, 0.8996912432107235
554.3102155107756, 0.8997614438800409
554.3402170108506, 0.8998343723253096
554.3702185109255, 0.8999100581046756
554.4002200110006, 0.8999885310223582
554.4302215110756, 0.9000698211301963
554.4602230111506, 0.9001539587291449
554.4902245112255, 0.900240974370845
554.5202260113006, 0.9003308988591332
554.5502275113756, 0.9004237632516006
554.5802290114506, 0.9005195988611345
554.6102305115255, 0.9006184372574983
554.6402320116006, 0.9007203102688994
554.6702335116756, 0.9008252499835234
554.7002350117506, 0.9009332887511874
554.7302365118255, 0.9010444591848484
554.7602380119006, 0.9011587941622898
554.7902395119756, 0.9012763268276521
554.8202410120506, 0.9013970905930825
554.8502425121256, 0.901521119140354
554.8802440122006, 0.9016484464224707
554.9102455122757, 0.9017791066653428
554.9402470123506, 0.9019131343693946
554.9702485124257, 0.9020505643112208
